Age,Gender,Nationality,City,City_Tier,Marital_Status,Education,Employment_Status,Monthly_Income_AED,Has_Credit_Card,Has_Loyalty_Card,Shopping_Frequency,Preferred_Channel,Preferred_Category,Avg_Monthly_Purchases,Avg_Basket_Size_AED,Returns_Per_Year,Discount_Seeker,Social_Media_Hours_Daily,Primary_Social_Platform,Responds_To_Influencer_Ads,Clicks_Email_Campaigns,App_Sessions_Per_Week,Last_Online_Purchase_Days,Brand_Loyalty_Score,NPS_Score,Customer_Tenure_Months,Support_Tickets_Last_Year,Referrals_Made,Shops_During_Ramadan,Shops_During_DSF,Prefers_Arabic_Content,Uses_Buy_Now_Pay_Later,Will_Buy,Max_Spend
56,Female,Indian,Sharjah,Tier 2,Married,Bachelors,Employed Full-Time,4504,0,0,Daily,Both,Food and Dining,8,2887,1,1,6.2,Facebook,0,1,15,55,5,8,27,6,0,1,0,1,0,0,5222
46,Male,Indian,Dubai,Tier 1,Married,Diploma,Employed Full-Time,11467,1,1,Weekly,In-Store,Food and Dining,11,1925,4,0,7.2,Snapchat,0,0,23,61,3,4,64,2,9,1,0,0,0,1,6210
32,Male,Pakistani,Dubai,Tier 1,Married,Masters,Employed Full-Time,31756,1,1,Bi-Weekly,Both,Sports,11,2436,2,1,3.0,Twitter X,1,1,4,101,2,6,45,4,7,1,0,0,1,0,12218
60,Female,Indian,Dubai,Tier 1,Married,Bachelors,Self-Employed,12484,1,1,Bi-Weekly,Online,Travel,8,1741,2,1,4.5,LinkedIn,1,1,27,152,10,10,67,6,4,1,1,1,0,1,5952
25,Male,Pakistani,Dubai,Tier 1,Married,High School,Employed Full-Time,15842,0,0,Bi-Weekly,In-Store,Sports,1,1891,4,1,5.4,Instagram,1,0,9,147,9,1,26,0,8,1,0,1,0,0,6304
38,Female,Other,Abu Dhabi,Tier 1,Single,Masters,Employed Full-Time,34275,0,0,Monthly,In-Store,Fashion,2,1252,8,1,3.0,TikTok,1,0,8,24,4,0,99,2,2,0,1,0,0,1,6624
56,Female,Jordanian,Ajman,Tier 3,Married,Masters,Employed Part-Time,33234,1,1,Monthly,Online,Fashion,4,1320,1,1,7.9,Snapchat,0,1,21,54,10,1,13,2,1,0,1,0,1,1,11622
36,Male,Egyptian,Dubai,Tier 1,Single,Masters,Employed Full-Time,24605,1,1,Weekly,Both,Electronics,2,1053,8,1,7.1,YouTube,0,0,29,149,6,3,81,0,7,1,1,0,0,1,4480
40,Male,Jordanian,Sharjah,Tier 2,Single,Bachelors,Unemployed,1040,0,0,Monthly,Online,Food and Dining,2,723,2,0,2.7,Facebook,1,1,23,81,9,5,30,6,4,1,1,0,0,0,2802
28,Male,Lebanese,Abu Dhabi,Tier 1,Married,High School,Employed Full-Time,17319,1,0,Daily,Online,Sports,13,1748,6,1,4.3,LinkedIn,0,1,18,19,5,2,93,6,0,1,1,0,0,1,8226
28,Female,Pakistani,Ajman,Tier 3,Single,Bachelors,Employed Part-Time,23179,1,1,Bi-Weekly,In-Store,Luxury,6,779,0,0,2.2,LinkedIn,0,0,28,178,7,1,78,7,5,1,1,1,0,1,7162
41,Male,Indian,Dubai,Tier 1,Single,Masters,Employed Full-Time,23344,1,1,Rarely,Both,Groceries,4,366,0,1,4.4,Snapchat,0,1,2,151,5,6,30,2,2,0,1,0,0,1,9807
53,Male,Filipino,Abu Dhabi,Tier 1,Married,High School,Unemployed,443,1,0,Bi-Weekly,In-Store,Beauty,15,125,7,0,5.6,LinkedIn,0,0,8,37,9,7,101,1,7,1,1,0,1,1,2219
57,Male,American,Ras Al Khaimah,Tier 3,Married,Masters,Employed Full-Time,30929,1,0,Bi-Weekly,Both,Electronics,3,1023,8,1,1.1,TikTok,0,0,21,28,2,8,44,6,5,0,1,0,0,1,6148
41,Female,Pakistani,Abu Dhabi,Tier 1,Married,Bachelors,Employed Part-Time,20236,0,1,Weekly,In-Store,Travel,4,253,2,0,7.0,TikTok,1,1,19,80,3,10,48,1,1,1,1,1,1,1,8662
20,Male,Egyptian,Dubai,Tier 1,Married,Masters,Employed Full-Time,12732,1,1,Monthly,Both,Travel,17,2521,5,0,5.0,Twitter X,1,1,7,71,5,9,102,0,5,1,1,0,0,1,7122
39,Male,Emirati,Dubai,Tier 1,Single,Bachelors,Self-Employed,14038,1,1,Weekly,Online,Luxury,6,1808,2,0,7.9,Instagram,0,1,3,149,2,7,9,4,2,1,1,0,0,0,7880
19,Female,American,Dubai,Tier 1,Single,High School,Employed Full-Time,23651,1,1,Monthly,Both,Electronics,2,242,5,1,0.7,TikTok,0,1,10,21,6,1,48,3,6,1,0,0,0,1,5062
41,Female,Lebanese,Abu Dhabi,Tier 1,Married,Bachelors,Employed Full-Time,24881,0,1,Weekly,In-Store,Fashion,13,2994,6,1,6.7,Snapchat,0,0,3,169,10,2,96,0,0,1,1,0,0,1,15971
61,Male,British,Sharjah,Tier 2,Single,Bachelors,Student,4769,1,0,Daily,In-Store,Groceries,15,2878,4,1,6.4,TikTok,0,1,11,35,3,0,56,5,0,0,0,0,0,0,4770
47,Male,Other,Dubai,Tier 1,Married,Bachelors,Unemployed,350,1,1,Weekly,Online,Fashion,5,1512,2,1,1.5,YouTube,1,1,22,110,5,0,68,0,9,1,1,0,1,1,3719
55,Male,Jordanian,Abu Dhabi,Tier 1,Single,Masters,Employed Full-Time,26702,1,0,Weekly,Both,Luxury,19,2398,7,1,3.0,YouTube,0,0,6,1,5,5,6,0,3,1,1,0,0,1,5499
19,Female,Other,Abu Dhabi,Tier 1,Married,High School,Student,4447,1,1,Monthly,Both,Fashion,6,309,4,0,7.1,Snapchat,0,1,27,92,10,2,115,6,6,1,0,0,0,1,1603
38,Male,Other,Abu Dhabi,Tier 1,Married,Bachelors,Employed Full-Time,4372,1,1,Monthly,Both,Beauty,17,2713,0,1,4.4,Snapchat,1,1,7,91,8,3,65,5,3,1,0,0,0,1,7704
50,Male,Lebanese,Sharjah,Tier 2,Married,High School,Student,2112,1,1,Bi-Weekly,Online,Home and Living,1,481,8,1,3.5,Facebook,1,1,9,70,9,9,89,5,8,1,1,0,0,1,3445
29,Female,British,Sharjah,Tier 2,Married,High School,Employed Part-Time,18544,1,1,Daily,Online,Groceries,2,2813,2,1,7.3,TikTok,0,0,22,132,4,7,104,5,7,1,1,0,0,1,9624
39,Female,Emirati,Dubai,Tier 1,Married,Bachelors,Employed Full-Time,22898,1,1,Weekly,Online,Fashion,1,745,1,1,1.2,Instagram,1,1,28,1,10,4,102,0,4,0,0,1,0,0,8113
61,Male,Pakistani,Ajman,Tier 3,Single,High School,Student,922,1,0,Bi-Weekly,In-Store,Food and Dining,8,247,2,0,4.0,Facebook,1,0,23,149,1,10,67,1,0,1,0,1,1,1,604
42,Female,Filipino,Dubai,Tier 1,Single,Bachelors,Student,3263,0,1,Weekly,Both,Groceries,4,1032,6,0,5.4,Facebook,1,1,12,99,5,5,21,0,2,1,0,0,1,1,1578
44,Female,Indian,Dubai,Tier 1,Single,High School,Employed Full-Time,24040,0,1,Monthly,In-Store,Sports,18,88,9,1,5.1,Instagram,0,0,23,92,4,8,78,4,7,1,1,0,0,1,3497
59,Male,Indian,Dubai,Tier 1,Married,Masters,Self-Employed,33564,0,1,Daily,Online,Fashion,9,2806,7,1,2.5,LinkedIn,0,1,13,82,5,10,30,3,6,1,0,1,0,0,7254
45,Male,Other,Dubai,Tier 1,Single,High School,Employed Full-Time,10790,0,0,Monthly,Online,Luxury,15,2568,1,0,4.7,Snapchat,0,1,15,116,9,10,57,3,7,1,0,1,1,0,3589
33,Female,Other,Dubai,Tier 1,Married,High School,Self-Employed,12553,1,1,Monthly,Both,Fashion,16,2176,6,1,5.8,Instagram,1,0,6,125,8,1,55,4,0,0,0,0,0,0,5058
32,Male,Jordanian,Dubai,Tier 1,Single,Bachelors,Self-Employed,9383,0,1,Bi-Weekly,Online,Sports,3,778,4,0,4.9,Facebook,0,0,15,52,8,2,2,0,1,0,0,0,0,1,3556
64,Male,Pakistani,Sharjah,Tier 2,Married,PhD,Employed Full-Time,35948,0,1,Monthly,Both,Beauty,1,733,8,0,5.6,Instagram,1,1,16,99,8,4,48,6,9,1,0,0,1,1,15553
61,Male,Emirati,Dubai,Tier 1,Married,Masters,Self-Employed,26631,0,1,Monthly,Online,Fashion,13,2140,6,1,2.4,Instagram,1,0,19,53,1,1,22,3,6,1,0,1,0,0,8113
20,Female,Emirati,Sharjah,Tier 2,Single,Masters,Employed Part-Time,29887,1,0,Monthly,Both,Electronics,14,181,0,1,6.7,LinkedIn,1,1,18,85,7,7,13,1,4,1,1,1,0,1,7460
54,Male,Indian,Dubai,Tier 1,Single,High School,Employed Part-Time,21931,1,1,Bi-Weekly,In-Store,Food and Dining,6,2174,0,1,3.9,YouTube,1,0,11,80,4,1,89,3,4,1,1,1,0,1,10429
24,Male,Emirati,Ras Al Khaimah,Tier 3,Single,Masters,Employed Full-Time,29144,0,0,Weekly,Online,Electronics,5,2019,5,0,7.9,Instagram,1,0,8,56,6,3,112,7,9,1,0,0,0,1,12692
38,Male,Emirati,Sharjah,Tier 2,Married,High School,Employed Full-Time,11992,0,1,Monthly,Both,Sports,5,88,8,1,0.7,YouTube,1,0,27,103,4,2,43,7,8,0,1,0,0,0,6517
26,Male,Other,Dubai,Tier 1,Married,Bachelors,Self-Employed,21035,1,0,Bi-Weekly,In-Store,Home and Living,4,2248,0,1,3.4,Instagram,1,0,25,87,5,3,75,5,0,1,1,0,0,0,9701
56,Female,British,Sharjah,Tier 2,Single,Bachelors,Employed Full-Time,5050,0,1,Monthly,Both,Groceries,12,1492,2,0,1.9,Instagram,0,1,7,33,5,3,112,4,4,1,1,0,0,0,5436
35,Female,Indian,Abu Dhabi,Tier 1,Married,Bachelors,Employed Full-Time,17357,0,0,Bi-Weekly,Both,Fashion,14,2415,4,0,4.7,Instagram,1,0,8,23,1,5,74,7,6,0,0,0,0,1,4232
21,Male,Indian,Sharjah,Tier 2,Single,Diploma,Self-Employed,8742,1,1,Weekly,Online,Fashion,14,1537,3,1,2.3,Instagram,0,0,4,6,6,9,49,3,4,0,0,1,1,1,6544
42,Male,Filipino,Abu Dhabi,Tier 1,Married,High School,Employed Full-Time,17369,1,1,Rarely,Both,Home and Living,11,1505,0,1,6.0,TikTok,0,0,20,85,10,9,108,4,9,1,1,0,0,1,5061
31,Female,Emirati,Abu Dhabi,Tier 1,Married,Diploma,Employed Part-Time,9044,1,1,Weekly,Both,Beauty,10,1576,9,0,7.1,YouTube,1,1,9,175,8,9,37,0,6,1,1,0,1,1,4276
26,Male,Other,Sharjah,Tier 2,Married,Bachelors,Employed Part-Time,14288,1,0,Rarely,Both,Travel,10,1342,3,1,2.1,Instagram,0,0,4,5,5,8,89,6,0,0,0,0,0,1,6232
43,Male,Pakistani,Dubai,Tier 1,Single,Bachelors,Self-Employed,11261,0,1,Weekly,In-Store,Home and Living,9,2534,3,1,1.7,TikTok,0,0,13,77,10,2,108,3,4,1,1,0,0,1,6902
19,Female,Pakistani,Dubai,Tier 1,Married,High School,Employed Full-Time,14846,1,1,Weekly,Online,Luxury,2,2724,9,0,7.1,Facebook,1,0,17,83,6,0,35,4,5,0,1,0,0,1,8021
37,Female,Pakistani,Ajman,Tier 3,Married,Bachelors,Employed Full-Time,22064,0,1,Bi-Weekly,Online,Electronics,14,2648,3,1,3.2,TikTok,1,0,28,9,5,7,19,1,5,1,0,0,1,1,9396
45,Male,Emirati,Dubai,Tier 1,Single,PhD,Employed Full-Time,17911,0,0,Rarely,Both,Sports,7,389,2,1,3.8,Facebook,0,0,6,3,1,6,28,1,3,1,1,0,1,1,4638
64,Male,Egyptian,Abu Dhabi,Tier 1,Single,Bachelors,Self-Employed,7522,1,1,Monthly,Both,Fashion,17,1294,6,1,2.2,TikTok,0,0,7,46,5,1,106,2,4,1,0,0,0,0,4031
24,Male,American,Dubai,Tier 1,Married,Masters,Employed Full-Time,21569,1,1,Monthly,In-Store,Fashion,8,707,0,1,3.7,Instagram,0,1,4,39,2,4,112,3,7,1,0,0,0,0,8532
61,Male,British,Abu Dhabi,Tier 1,Married,Diploma,Unemployed,1061,0,0,Weekly,Online,Sports,4,1749,1,0,2.2,Facebook,1,1,23,13,4,9,57,0,5,0,1,1,0,0,3632
25,Male,Indian,Fujairah,Tier 3,Married,Bachelors,Employed Part-Time,6721,1,0,Daily,Both,Luxury,5,410,0,0,5.5,Instagram,0,1,5,41,2,3,115,5,0,0,1,1,0,0,2469
64,Male,Filipino,Dubai,Tier 1,Married,Bachelors,Student,3144,0,1,Monthly,Both,Groceries,13,2022,3,0,4.2,TikTok,0,1,19,139,8,8,61,2,4,0,1,0,0,0,3105
52,Male,Filipino,Dubai,Tier 1,Married,Masters,Employed Full-Time,31649,1,0,Bi-Weekly,Both,Luxury,7,2868,4,0,6.4,TikTok,0,1,22,41,7,3,43,3,6,1,0,1,1,1,12784
31,Female,Jordanian,Sharjah,Tier 2,Single,Bachelors,Employed Full-Time,18559,1,1,Monthly,Online,Groceries,6,2287,9,0,2.8,TikTok,0,1,23,75,9,4,112,1,7,0,1,0,1,1,10403
34,Female,Indian,Sharjah,Tier 2,Single,High School,Student,2428,1,1,Monthly,Online,Travel,17,2510,4,1,4.3,Facebook,1,0,8,175,4,7,60,6,3,0,0,0,0,1,3730
53,Male,Indian,Dubai,Tier 1,Married,Bachelors,Employed Full-Time,19661,1,0,Bi-Weekly,Online,Electronics,6,378,1,1,2.4,TikTok,1,0,20,177,5,2,10,0,1,0,1,0,0,0,6638
57,Male,Egyptian,Dubai,Tier 1,Married,Bachelors,Employed Full-Time,4202,1,0,Monthly,Online,Electronics,19,1849,2,0,7.5,Snapchat,1,0,8,35,9,5,79,1,3,1,0,0,1,0,4624
21,Female,Egyptian,Ras Al Khaimah,Tier 3,Married,Masters,Employed Full-Time,33826,0,1,Monthly,Both,Luxury,3,1295,3,1,4.4,Snapchat,0,0,7,163,9,5,96,3,5,1,0,1,1,1,14177
19,Male,Pakistani,Abu Dhabi,Tier 1,Married,High School,Unemployed,452,1,1,Rarely,In-Store,Home and Living,9,1917,9,1,1.8,TikTok,1,0,16,67,2,6,67,5,5,1,1,1,1,1,3284
23,Male,Pakistani,Dubai,Tier 1,Divorced,Diploma,Employed Part-Time,12762,0,1,Bi-Weekly,Both,Beauty,15,1759,5,1,2.5,YouTube,0,1,23,132,1,8,24,0,5,1,1,1,1,1,4155
59,Female,Pakistani,Dubai,Tier 1,Married,High School,Employed Part-Time,13537,0,0,Monthly,Online,Home and Living,8,2189,5,0,1.1,YouTube,0,0,7,24,3,10,74,0,0,1,1,1,0,1,8588
21,Male,Jordanian,Abu Dhabi,Tier 1,Married,Bachelors,Self-Employed,5642,0,0,Bi-Weekly,In-Store,Food and Dining,15,489,1,1,0.7,Snapchat,1,1,28,94,10,2,44,2,6,1,1,1,0,1,1712
46,Female,Pakistani,Dubai,Tier 1,Married,Bachelors,Employed Full-Time,5365,1,1,Daily,In-Store,Home and Living,1,2342,1,0,4.4,Instagram,0,0,22,96,1,4,30,0,6,0,0,0,1,1,4710
35,Female,Other,Dubai,Tier 1,Single,High School,Self-Employed,11556,0,0,Weekly,Online,Home and Living,8,2026,8,1,3.0,TikTok,0,0,0,113,6,4,105,7,4,1,1,1,1,0,8057
43,Male,Pakistani,Ajman,Tier 3,Married,Bachelors,Employed Full-Time,4008,1,1,Weekly,In-Store,Sports,4,882,1,0,7.7,Instagram,1,1,21,84,8,4,115,3,3,1,1,1,1,0,2354
61,Male,Other,Dubai,Tier 1,Single,Masters,Self-Employed,24141,1,0,Weekly,In-Store,Travel,10,146,1,1,1.8,TikTok,0,1,17,164,4,5,97,5,2,1,0,0,0,1,7786
51,Male,Jordanian,Sharjah,Tier 2,Married,Masters,Employed Full-Time,21537,0,1,Daily,Both,Fashion,16,2049,2,0,6.5,Instagram,0,1,14,56,4,0,45,5,7,0,0,1,0,1,5482
27,Female,Indian,Dubai,Tier 1,Married,Bachelors,Employed Full-Time,16763,1,0,Monthly,Online,Home and Living,18,987,8,1,2.9,Facebook,1,1,21,4,10,8,89,4,7,1,0,0,1,1,7814
53,Female,Jordanian,Sharjah,Tier 2,Married,Bachelors,Employed Full-Time,22001,0,1,Bi-Weekly,Both,Home and Living,4,1550,5,1,2.2,Instagram,0,1,26,168,1,2,103,4,2,1,0,0,0,0,6670
31,Female,Indian,Sharjah,Tier 2,Married,Bachelors,Employed Full-Time,10722,0,0,Weekly,Both,Electronics,8,1339,5,0,7.8,YouTube,0,0,15,171,9,5,118,0,4,1,1,0,0,0,3795
48,Male,Other,Dubai,Tier 1,Single,High School,Employed Part-Time,24100,1,1,Bi-Weekly,Both,Beauty,4,624,9,1,6.5,Instagram,0,1,1,58,10,3,60,4,7,1,1,1,0,0,4368
32,Female,Egyptian,Abu Dhabi,Tier 1,Single,Masters,Employed Full-Time,24778,1,1,Bi-Weekly,Both,Electronics,10,2200,4,1,5.2,Facebook,0,0,12,62,8,6,116,5,9,1,1,1,1,1,7875
25,Female,Emirati,Dubai,Tier 1,Divorced,Masters,Employed Full-Time,21525,0,0,Daily,Online,Fashion,4,878,6,0,5.7,YouTube,1,0,1,135,3,7,53,3,9,1,1,0,1,1,7978
31,Female,Egyptian,Ajman,Tier 3,Divorced,Bachelors,Employed Full-Time,11129,1,1,Weekly,In-Store,Travel,16,562,3,1,7.9,Instagram,1,0,13,137,3,3,103,2,5,1,1,1,0,0,2152
40,Female,Other,Ajman,Tier 3,Single,Diploma,Employed Part-Time,6962,0,1,Monthly,Both,Electronics,12,715,9,0,4.9,YouTube,0,1,6,22,10,9,25,1,1,1,1,0,0,1,3900
57,Female,Emirati,Dubai,Tier 1,Divorced,High School,Employed Full-Time,8840,1,1,Monthly,In-Store,Home and Living,10,1566,9,1,1.3,TikTok,1,1,10,4,4,5,102,1,0,0,1,0,1,0,4887
38,Female,Filipino,Abu Dhabi,Tier 1,Married,Masters,Employed Part-Time,26733,1,0,Bi-Weekly,In-Store,Groceries,11,1334,2,1,1.0,YouTube,0,1,14,128,4,9,76,3,6,1,1,0,0,1,10788
33,Female,American,Dubai,Tier 1,Married,Bachelors,Employed Full-Time,24533,1,1,Bi-Weekly,Both,Beauty,2,2132,6,0,5.5,YouTube,1,0,25,164,2,6,4,2,1,0,1,0,0,1,6183
62,Male,Lebanese,Sharjah,Tier 2,Single,Bachelors,Employed Full-Time,24454,1,1,Weekly,In-Store,Fashion,16,1454,9,0,5.4,Instagram,0,0,16,35,4,9,92,3,9,1,0,1,1,1,7608
35,Male,Pakistani,Dubai,Tier 1,Married,Bachelors,Employed Full-Time,19337,1,1,Bi-Weekly,Both,Groceries,19,446,0,1,6.1,LinkedIn,0,0,20,33,2,6,84,0,9,1,0,0,0,0,4380
64,Female,Indian,Dubai,Tier 1,Married,Bachelors,Student,3299,1,0,Bi-Weekly,In-Store,Travel,12,2124,5,0,1.3,Instagram,0,1,16,135,7,8,74,2,3,1,1,0,0,0,4296
41,Male,Emirati,Abu Dhabi,Tier 1,Married,Masters,Self-Employed,13301,1,1,Monthly,Both,Groceries,4,1981,1,0,7.6,Instagram,0,1,14,105,5,7,31,5,5,0,1,0,1,1,8349
43,Female,Filipino,Dubai,Tier 1,Married,Masters,Employed Full-Time,30502,0,1,Weekly,Both,Groceries,17,1935,1,0,4.6,Instagram,0,0,15,121,7,2,19,4,6,1,0,1,1,1,11760
42,Female,Pakistani,Sharjah,Tier 2,Married,Bachelors,Employed Part-Time,17598,1,0,Monthly,Both,Groceries,12,2403,7,1,5.4,Instagram,1,0,8,175,6,3,2,0,6,1,1,0,1,0,6697
62,Female,Other,Dubai,Tier 1,Married,Masters,Student,1916,1,1,Weekly,Online,Electronics,16,2796,2,1,0.8,Snapchat,1,0,20,64,2,8,4,4,6,1,0,0,1,1,3196
58,Male,Emirati,Abu Dhabi,Tier 1,Single,Bachelors,Employed Full-Time,23616,1,1,Bi-Weekly,Online,Groceries,3,1744,8,1,7.7,TikTok,0,0,20,121,2,10,79,0,3,0,1,0,1,1,5583
46,Male,British,Dubai,Tier 1,Single,Masters,Self-Employed,12769,1,0,Bi-Weekly,In-Store,Electronics,2,630,3,1,4.7,Twitter X,0,0,19,171,1,6,38,0,9,1,1,0,0,1,2709
32,Male,Emirati,Dubai,Tier 1,Single,High School,Employed Full-Time,8484,1,1,Bi-Weekly,Both,Beauty,7,2262,5,1,4.7,TikTok,1,1,18,18,1,6,33,0,9,0,0,1,1,1,3055
62,Female,Indian,Abu Dhabi,Tier 1,Single,Bachelors,Self-Employed,17052,1,0,Bi-Weekly,In-Store,Travel,6,151,0,1,7.6,YouTube,1,1,23,3,5,0,18,6,5,1,1,0,1,0,5608
18,Female,Pakistani,Fujairah,Tier 3,Married,Bachelors,Employed Full-Time,22038,1,0,Weekly,Online,Beauty,1,504,9,0,7.5,Instagram,1,1,22,59,5,1,104,0,2,1,1,0,0,1,6013
42,Female,Pakistani,Sharjah,Tier 2,Married,Bachelors,Employed Full-Time,20975,1,1,Bi-Weekly,Online,Home and Living,15,242,9,0,2.2,Instagram,0,0,8,116,7,0,32,6,7,1,0,0,1,0,8317
24,Male,British,Dubai,Tier 1,Married,Masters,Employed Full-Time,12665,1,1,Weekly,In-Store,Electronics,12,947,2,1,7.5,Facebook,1,1,5,39,1,3,96,2,0,1,0,0,0,1,5789
26,Female,Other,Dubai,Tier 1,Single,Bachelors,Unemployed,1464,1,0,Weekly,In-Store,Travel,13,859,3,0,6.0,LinkedIn,1,0,0,64,5,3,77,7,7,1,0,0,1,0,2463
41,Female,Egyptian,Ajman,Tier 3,Married,High School,Self-Employed,7041,1,0,Weekly,Both,Groceries,8,348,4,0,0.6,Twitter X,1,0,4,81,2,4,115,7,4,1,0,0,0,1,735
18,Male,Other,Abu Dhabi,Tier 1,Single,Bachelors,Employed Part-Time,20551,0,1,Bi-Weekly,In-Store,Food and Dining,9,70,0,1,2.3,TikTok,0,0,4,60,10,4,80,2,7,0,0,1,1,1,2833
61,Female,Other,Dubai,Tier 1,Single,Masters,Employed Full-Time,28926,1,1,Weekly,Online,Electronics,1,94,3,1,3.6,Instagram,0,0,22,105,1,0,33,0,3,1,1,0,1,0,2782
25,Male,Filipino,Ajman,Tier 3,Single,Masters,Employed Full-Time,19325,0,0,Weekly,In-Store,Food and Dining,5,2593,4,1,4.9,Instagram,1,1,25,170,7,6,34,3,1,1,1,0,0,1,12834
41,Male,Jordanian,Sharjah,Tier 2,Married,Bachelors,Employed Full-Time,10967,0,1,Bi-Weekly,Both,Home and Living,7,732,3,0,5.8,Snapchat,1,1,0,109,3,5,51,0,3,0,1,1,0,0,6636
28,Female,Egyptian,Fujairah,Tier 3,Single,High School,Employed Full-Time,16199,1,1,Rarely,In-Store,Electronics,18,1763,9,1,2.1,TikTok,0,0,0,5,9,7,63,0,7,0,1,0,0,1,4211
34,Male,Emirati,Ajman,Tier 3,Married,Masters,Employed Full-Time,17110,0,0,Monthly,Online,Food and Dining,8,2320,9,1,6.8,TikTok,1,0,28,46,5,3,78,3,9,1,0,1,1,0,7475
25,Female,American,Ajman,Tier 3,Single,High School,Student,4090,1,1,Rarely,Online,Electronics,10,348,6,1,6.8,Snapchat,1,0,21,132,5,0,47,7,0,1,1,1,0,0,2462
52,Female,Emirati,Dubai,Tier 1,Married,High School,Self-Employed,17531,0,0,Bi-Weekly,Both,Sports,8,1411,7,0,5.3,Facebook,0,1,5,14,5,2,66,3,4,1,1,0,0,0,4850
52,Female,Filipino,Dubai,Tier 1,Married,High School,Employed Full-Time,24232,1,0,Bi-Weekly,Online,Travel,12,337,7,0,7.4,Facebook,0,1,8,11,9,8,13,0,5,1,1,0,1,1,9398
50,Male,British,Abu Dhabi,Tier 1,Divorced,Bachelors,Employed Part-Time,22565,1,1,Monthly,Online,Fashion,16,566,2,1,6.6,Instagram,0,0,18,22,10,9,52,1,3,1,1,0,0,1,8754
22,Female,Emirati,Abu Dhabi,Tier 1,Married,Bachelors,Student,4060,1,0,Weekly,Online,Groceries,12,2995,4,1,2.2,Snapchat,0,0,27,106,1,6,93,1,3,1,1,0,0,1,6769
59,Female,Indian,Abu Dhabi,Tier 1,Divorced,Masters,Self-Employed,19629,0,1,Daily,Both,Beauty,3,2251,9,0,6.5,Instagram,1,1,4,5,5,1,52,3,3,1,1,0,1,0,10145
56,Female,Other,Dubai,Tier 1,Married,Bachelors,Self-Employed,21405,1,1,Weekly,Online,Sports,18,2378,7,0,7.6,Instagram,0,1,20,140,10,2,43,0,2,0,0,1,0,1,7926
58,Male,Egyptian,Abu Dhabi,Tier 1,Married,Masters,Unemployed,1959,0,1,Weekly,Both,Travel,5,2531,6,0,1.5,Twitter X,1,0,16,149,6,1,106,5,9,0,0,0,0,0,4083
45,Male,Indian,Abu Dhabi,Tier 1,Single,Bachelors,Self-Employed,7492,0,1,Monthly,In-Store,Luxury,14,391,8,0,7.8,Facebook,1,0,21,79,9,3,98,7,4,0,0,1,1,0,4278
24,Female,British,Dubai,Tier 1,Single,Masters,Employed Full-Time,21365,1,0,Bi-Weekly,In-Store,Groceries,16,135,9,1,0.7,Twitter X,1,0,19,24,3,1,61,4,5,1,0,0,1,1,2758
26,Male,Filipino,Dubai,Tier 1,Single,Bachelors,Employed Full-Time,4288,1,0,Weekly,Both,Luxury,6,2876,6,1,4.4,Instagram,0,0,11,13,1,3,81,4,2,0,0,0,1,1,4724
25,Female,Pakistani,Abu Dhabi,Tier 1,Married,Bachelors,Unemployed,701,1,0,Rarely,In-Store,Food and Dining,16,240,1,0,6.3,YouTube,0,1,5,96,8,10,3,0,2,1,1,0,1,0,2589
29,Female,Other,Sharjah,Tier 2,Married,Bachelors,Employed Full-Time,5076,1,1,Bi-Weekly,In-Store,Fashion,14,1141,3,1,6.4,Instagram,1,0,28,26,9,6,94,0,8,1,0,0,0,1,2165
51,Male,British,Dubai,Tier 1,Married,High School,Employed Full-Time,19564,0,0,Bi-Weekly,Online,Electronics,5,1219,7,1,6.0,LinkedIn,1,1,12,40,6,7,68,0,1,0,1,0,1,1,6310
50,Female,Indian,Abu Dhabi,Tier 1,Divorced,Bachelors,Employed Full-Time,5371,0,1,Rarely,In-Store,Groceries,14,1040,8,1,4.5,TikTok,0,1,23,26,5,9,95,4,5,1,1,0,1,1,3361
40,Female,Lebanese,Sharjah,Tier 2,Married,Bachelors,Self-Employed,5074,0,1,Weekly,Both,Travel,11,925,6,1,5.4,Instagram,0,1,7,173,8,5,59,4,7,1,0,1,1,0,4610
41,Female,Other,Abu Dhabi,Tier 1,Married,High School,Unemployed,1321,0,1,Monthly,Both,Fashion,9,1997,4,1,5.7,TikTok,0,1,28,30,6,10,54,3,7,0,1,1,0,1,2730
54,Female,Indian,Dubai,Tier 1,Divorced,Diploma,Employed Full-Time,4039,1,0,Weekly,Both,Travel,7,1901,0,0,4.2,Instagram,1,0,2,64,6,8,69,7,0,0,1,0,1,1,5262
52,Female,Indian,Abu Dhabi,Tier 1,Single,Diploma,Employed Full-Time,8274,1,1,Monthly,Both,Food and Dining,5,2759,8,1,5.0,TikTok,0,0,24,111,9,5,2,2,0,1,1,0,1,1,9446
61,Male,Indian,Dubai,Tier 1,Married,Bachelors,Student,1615,0,1,Rarely,Both,Electronics,15,2671,5,1,6.8,YouTube,0,0,10,73,9,10,68,3,7,0,1,0,1,1,7190
57,Male,British,Ras Al Khaimah,Tier 3,Single,Diploma,Employed Full-Time,9496,0,1,Bi-Weekly,Both,Beauty,13,1328,1,1,2.8,TikTok,0,0,28,88,1,10,44,3,0,1,0,1,1,1,5672
39,Male,Egyptian,Dubai,Tier 1,Married,Bachelors,Employed Full-Time,16992,1,1,Daily,In-Store,Groceries,12,2228,9,0,4.4,Snapchat,1,1,19,124,2,2,38,6,2,1,1,0,0,0,5012
44,Male,Egyptian,Abu Dhabi,Tier 1,Single,High School,Student,1150,1,0,Daily,In-Store,Groceries,15,888,9,0,0.6,LinkedIn,0,0,0,166,1,0,60,7,8,1,0,1,0,0,951
52,Male,Other,Dubai,Tier 1,Married,High School,Employed Full-Time,16018,0,0,Weekly,Both,Beauty,19,1008,1,1,5.7,Snapchat,1,0,24,146,2,8,116,1,2,0,1,0,1,1,7793
18,Male,Lebanese,Abu Dhabi,Tier 1,Married,Bachelors,Employed Full-Time,12072,1,0,Monthly,Both,Sports,19,1450,9,1,2.0,TikTok,1,0,13,137,3,2,27,5,1,0,1,1,0,0,7822
52,Female,Indian,Abu Dhabi,Tier 1,Single,High School,Employed Part-Time,17348,1,1,Weekly,Both,Home and Living,10,1605,0,0,4.1,YouTube,1,1,28,128,2,0,91,3,0,1,1,0,1,0,5632
54,Female,Indian,Dubai,Tier 1,Single,Diploma,Employed Full-Time,17910,0,0,Weekly,Online,Food and Dining,17,1272,3,1,2.1,Instagram,0,0,20,38,6,10,15,7,0,0,0,1,0,1,8287
64,Female,Pakistani,Abu Dhabi,Tier 1,Married,High School,Student,2945,0,0,Monthly,Online,Groceries,16,888,9,0,0.7,Snapchat,1,1,28,149,4,1,39,3,9,0,0,0,0,1,2893
31,Male,Pakistani,Dubai,Tier 1,Divorced,Bachelors,Employed Full-Time,20065,0,0,Weekly,Online,Beauty,5,2318,1,0,4.1,Twitter X,1,1,23,71,5,2,38,3,2,1,1,0,0,0,7723
20,Female,Egyptian,Dubai,Tier 1,Married,Masters,Employed Full-Time,24821,0,1,Monthly,Online,Luxury,4,2093,9,1,3.7,Instagram,1,0,12,140,10,7,54,6,5,0,0,1,0,1,10372
18,Male,Other,Abu Dhabi,Tier 1,Married,Bachelors,Employed Full-Time,15818,1,1,Weekly,Both,Groceries,10,1483,8,0,3.7,Facebook,0,1,14,36,9,7,63,6,6,0,0,1,0,1,6271
22,Female,Indian,Dubai,Tier 1,Single,Bachelors,Employed Full-Time,22787,0,1,Daily,Online,Beauty,6,2740,1,1,2.1,Instagram,0,0,22,122,2,1,58,7,5,1,1,0,0,1,9134
43,Male,Filipino,Ajman,Tier 3,Married,Masters,Self-Employed,10887,1,1,Weekly,In-Store,Sports,11,1218,8,1,7.6,Instagram,1,0,20,11,3,5,62,3,5,1,1,0,1,0,5746
31,Female,Lebanese,Abu Dhabi,Tier 1,Married,Bachelors,Self-Employed,14856,0,1,Rarely,Online,Travel,11,2585,0,1,0.5,Instagram,1,1,7,128,10,1,78,2,8,1,0,0,1,1,9519
56,Female,Pakistani,Abu Dhabi,Tier 1,Married,Bachelors,Student,1297,1,0,Bi-Weekly,Online,Groceries,16,2949,6,0,7.2,YouTube,0,0,14,27,1,6,18,1,3,1,1,1,1,1,4454
44,Male,Indian,Dubai,Tier 1,Single,Bachelors,Employed Full-Time,4728,1,0,Weekly,Online,Beauty,14,2451,5,1,6.0,LinkedIn,1,0,12,74,2,9,29,4,4,1,1,0,0,0,1500
26,Male,Pakistani,Abu Dhabi,Tier 1,Married,Bachelors,Self-Employed,5287,0,1,Bi-Weekly,Both,Food and Dining,19,997,5,1,1.8,Instagram,1,1,0,81,1,10,71,7,0,1,1,0,1,0,2893
32,Male,Emirati,Sharjah,Tier 2,Married,Diploma,Employed Full-Time,8001,1,1,Monthly,Both,Electronics,4,210,1,1,4.0,Instagram,0,0,10,107,9,10,57,5,3,0,1,1,1,1,3065
32,Male,Other,Dubai,Tier 1,Divorced,Masters,Self-Employed,29468,0,0,Weekly,Both,Groceries,5,513,0,0,7.9,TikTok,1,1,19,65,3,2,102,0,9,0,1,1,0,1,12488
43,Male,Emirati,Sharjah,Tier 2,Divorced,Bachelors,Self-Employed,5375,1,1,Monthly,Both,Home and Living,19,2312,9,1,5.3,Snapchat,0,0,14,162,3,7,24,4,5,0,1,0,0,0,2429
59,Female,Pakistani,Dubai,Tier 1,Married,Bachelors,Employed Full-Time,18970,1,1,Weekly,Both,Electronics,17,2677,7,1,1.5,LinkedIn,1,0,20,127,7,2,38,1,6,0,0,0,1,0,11013
30,Male,Filipino,Sharjah,Tier 2,Married,Bachelors,Employed Full-Time,16078,1,0,Weekly,In-Store,Home and Living,18,2025,7,0,3.9,YouTube,1,1,3,34,1,9,6,3,1,1,0,1,1,0,7315
49,Female,Other,Dubai,Tier 1,Single,Diploma,Employed Full-Time,4024,0,1,Bi-Weekly,Online,Electronics,8,1265,1,0,4.0,Facebook,1,0,5,64,9,5,20,4,9,1,1,0,1,0,5046
56,Female,Indian,Ajman,Tier 3,Married,Bachelors,Employed Part-Time,21538,0,0,Weekly,Online,Travel,4,2585,3,0,6.5,Snapchat,0,0,24,17,7,0,118,3,5,1,1,1,1,1,8069
49,Male,Indian,Abu Dhabi,Tier 1,Married,Bachelors,Unemployed,1126,1,0,Rarely,Online,Luxury,18,2322,3,1,7.4,Instagram,1,1,11,179,9,7,42,7,2,1,1,1,0,1,4808
21,Female,Emirati,Dubai,Tier 1,Single,Masters,Employed Full-Time,31677,1,0,Daily,Online,Electronics,11,758,1,0,1.1,Instagram,0,1,0,105,8,6,100,5,6,1,0,0,1,0,7654
47,Male,Indian,Dubai,Tier 1,Married,Diploma,Employed Full-Time,19583,0,1,Monthly,Online,Electronics,14,210,8,1,2.9,Snapchat,1,1,9,89,5,0,74,2,8,1,1,0,0,0,1767
54,Female,Indian,Abu Dhabi,Tier 1,Married,Bachelors,Employed Full-Time,8706,1,1,Weekly,Online,Sports,13,1834,3,1,2.7,Snapchat,1,1,26,108,3,6,22,7,3,1,1,0,1,0,5480
40,Male,Egyptian,Fujairah,Tier 3,Single,Bachelors,Self-Employed,17663,1,1,Monthly,Both,Groceries,16,1994,3,0,8.0,LinkedIn,0,1,17,176,9,10,33,2,7,1,1,0,1,1,7672
56,Female,Indian,Dubai,Tier 1,Married,Bachelors,Employed Full-Time,19844,1,1,Daily,Both,Home and Living,12,2552,3,0,4.7,TikTok,0,1,0,139,5,4,87,5,9,0,1,0,0,1,5401
62,Female,Emirati,Dubai,Tier 1,Married,High School,Employed Full-Time,13412,0,1,Rarely,Online,Fashion,9,2642,4,0,7.1,Instagram,0,1,6,148,9,1,46,5,5,1,1,1,0,1,6976
32,Male,Jordanian,Abu Dhabi,Tier 1,Single,Bachelors,Employed Full-Time,22540,1,0,Weekly,Both,Fashion,7,2126,9,0,3.7,TikTok,0,1,29,68,3,0,114,1,2,1,0,1,1,0,5734
60,Male,Indian,Abu Dhabi,Tier 1,Single,Masters,Employed Part-Time,16547,1,0,Monthly,Both,Fashion,10,816,7,0,5.9,YouTube,1,0,1,162,6,1,54,5,2,1,0,1,0,0,6891
46,Female,Indian,Abu Dhabi,Tier 1,Married,Bachelors,Employed Full-Time,11943,0,0,Bi-Weekly,Online,Fashion,17,2077,3,1,2.6,Twitter X,1,0,24,42,2,5,105,4,2,1,1,0,1,1,6921
53,Female,Indian,Abu Dhabi,Tier 1,Married,High School,Self-Employed,12911,1,1,Bi-Weekly,Both,Groceries,18,234,2,0,7.3,Instagram,1,0,7,169,3,1,42,2,3,0,0,0,0,0,3111
30,Male,Other,Dubai,Tier 1,Single,High School,Employed Full-Time,11486,1,0,Weekly,Online,Sports,7,1946,0,1,3.9,LinkedIn,0,1,25,145,2,5,51,5,1,1,1,1,1,1,7082
49,Male,Indian,Ras Al Khaimah,Tier 3,Married,Bachelors,Employed Full-Time,5105,1,1,Monthly,Online,Beauty,3,2454,1,1,6.5,TikTok,0,0,0,12,2,7,68,1,4,1,1,0,0,0,2735
24,Female,Other,Abu Dhabi,Tier 1,Married,Bachelors,Employed Full-Time,7769,0,1,Weekly,In-Store,Home and Living,15,2589,3,1,2.4,TikTok,1,0,18,68,5,7,85,7,7,1,1,0,1,1,7517
39,Male,Lebanese,Dubai,Tier 1,Married,Masters,Employed Full-Time,30263,0,0,Monthly,In-Store,Beauty,16,782,8,1,5.7,TikTok,1,0,5,41,10,5,56,6,6,1,1,0,0,1,8145
45,Female,Emirati,Sharjah,Tier 2,Married,Bachelors,Employed Full-Time,14112,1,1,Bi-Weekly,Online,Groceries,17,1905,0,0,3.5,Snapchat,1,0,10,142,4,4,77,1,8,1,0,0,0,0,6612
19,Male,Other,Abu Dhabi,Tier 1,Divorced,High School,Employed Full-Time,15271,0,1,Rarely,In-Store,Fashion,13,1671,5,1,0.7,Snapchat,1,0,18,4,4,3,42,6,2,1,0,1,1,1,3874
59,Male,Indian,Dubai,Tier 1,Married,Bachelors,Employed Part-Time,8731,1,0,Bi-Weekly,Both,Groceries,3,627,5,0,3.6,Facebook,1,1,24,126,8,5,13,6,3,0,1,0,0,0,3612
62,Female,Emirati,Abu Dhabi,Tier 1,Single,Bachelors,Employed Full-Time,15361,0,1,Weekly,Both,Home and Living,5,2211,9,0,4.6,Snapchat,1,1,27,77,6,4,54,1,7,1,0,1,0,1,6266
23,Male,Jordanian,Dubai,Tier 1,Divorced,Bachelors,Employed Full-Time,20087,1,0,Bi-Weekly,Both,Sports,9,427,2,1,1.6,Instagram,1,0,9,74,10,9,12,4,9,1,0,0,0,1,5539
45,Male,British,Abu Dhabi,Tier 1,Married,Masters,Student,891,0,1,Daily,Both,Beauty,18,1358,9,0,1.9,Instagram,1,1,15,142,2,3,88,5,2,0,1,0,0,0,1853
45,Male,Egyptian,Ajman,Tier 3,Single,High School,Employed Part-Time,18041,1,0,Weekly,Both,Home and Living,11,146,8,0,4.0,LinkedIn,0,0,15,9,1,5,35,4,0,1,1,0,0,0,1854
61,Male,Indian,Dubai,Tier 1,Married,Masters,Self-Employed,11237,1,1,Weekly,Online,Fashion,11,891,9,0,3.1,Facebook,0,1,9,171,5,8,83,1,1,1,0,1,1,0,2917
61,Female,Pakistani,Dubai,Tier 1,Married,Bachelors,Student,4481,0,1,Monthly,Both,Travel,16,2221,2,0,3.8,TikTok,1,0,17,148,7,8,9,0,9,1,0,0,0,1,5298
37,Male,Lebanese,Sharjah,Tier 2,Married,Bachelors,Employed Full-Time,7330,1,1,Monthly,Both,Travel,8,205,0,1,4.0,Instagram,0,0,21,1,5,7,13,7,9,1,1,0,0,1,2688
47,Female,Indian,Fujairah,Tier 3,Married,PhD,Self-Employed,38136,0,0,Daily,Online,Groceries,2,2207,1,1,1.6,Instagram,1,0,17,108,4,9,22,6,7,0,1,0,1,1,14335
28,Female,Indian,Abu Dhabi,Tier 1,Single,Bachelors,Employed Full-Time,16643,0,0,Bi-Weekly,In-Store,Beauty,10,102,3,1,1.9,TikTok,1,1,2,93,5,0,40,6,6,0,1,0,1,1,4185
45,Female,Emirati,Abu Dhabi,Tier 1,Married,Masters,Employed Full-Time,29471,1,0,Weekly,In-Store,Home and Living,6,1752,3,1,6.9,Instagram,0,1,11,72,10,8,36,5,3,1,1,1,0,1,8187
42,Male,Indian,Abu Dhabi,Tier 1,Married,Bachelors,Employed Full-Time,22254,1,0,Weekly,Online,Beauty,4,2685,1,0,1.7,TikTok,1,0,9,17,8,4,117,5,7,0,1,1,0,1,12229
56,Male,Other,Ras Al Khaimah,Tier 3,Single,Bachelors,Employed Full-Time,7621,0,0,Daily,Online,Travel,5,775,9,1,5.5,Twitter X,1,0,27,89,5,10,92,4,2,1,1,0,0,1,4613
50,Female,Pakistani,Ajman,Tier 3,Married,Masters,Employed Full-Time,29237,1,1,Monthly,Online,Sports,11,1767,5,0,3.6,TikTok,0,0,15,20,9,2,41,4,0,1,1,0,1,0,11331
18,Female,Other,Dubai,Tier 1,Married,Masters,Employed Full-Time,22811,1,0,Rarely,Both,Sports,12,1463,5,0,7.8,LinkedIn,1,1,24,59,10,7,7,0,3,0,1,1,1,1,8972
44,Female,Pakistani,Abu Dhabi,Tier 1,Single,Masters,Employed Full-Time,28229,0,1,Weekly,Online,Beauty,16,94,2,1,1.0,Facebook,1,1,8,141,7,7,94,4,5,1,1,0,0,1,9519
30,Male,British,Abu Dhabi,Tier 1,Married,Bachelors,Employed Full-Time,12503,0,1,Weekly,Online,Electronics,14,985,0,1,6.7,Instagram,0,1,29,121,2,8,95,4,5,0,0,0,1,1,4385
58,Male,Indian,Sharjah,Tier 2,Single,Bachelors,Employed Full-Time,21158,1,1,Weekly,Online,Electronics,14,1736,9,0,4.2,Facebook,1,1,17,77,9,1,117,5,3,1,1,0,1,1,9067
20,Female,Indian,Abu Dhabi,Tier 1,Single,Masters,Employed Full-Time,33040,1,1,Rarely,Both,Fashion,15,1190,8,0,0.5,Instagram,0,0,12,175,2,9,55,2,7,1,1,1,0,0,4569
56,Female,Indian,Abu Dhabi,Tier 1,Married,Masters,Employed Full-Time,33950,0,0,Daily,Both,Fashion,8,2219,3,0,2.5,Facebook,1,1,23,50,6,3,75,0,8,0,1,0,1,1,8983
23,Female,Indian,Fujairah,Tier 3,Single,High School,Employed Full-Time,17761,1,1,Bi-Weekly,In-Store,Food and Dining,5,2579,8,1,3.6,Instagram,0,0,13,94,8,9,94,6,1,0,1,0,1,1,7645
25,Female,Filipino,Dubai,Tier 1,Married,Bachelors,Employed Part-Time,14023,1,0,Monthly,Online,Groceries,9,2775,4,1,2.9,TikTok,0,0,18,168,2,1,79,2,2,1,0,0,1,0,4412
44,Female,Other,Dubai,Tier 1,Single,Masters,Employed Full-Time,26847,0,0,Weekly,In-Store,Travel,16,1473,6,0,3.2,Snapchat,1,1,13,135,6,5,13,5,7,1,1,0,0,1,11500
26,Male,Egyptian,Dubai,Tier 1,Married,Bachelors,Student,1966,1,1,Bi-Weekly,Both,Luxury,3,1734,2,1,7.4,Instagram,0,0,1,55,5,0,99,7,0,1,1,1,0,0,3078
54,Male,Indian,Dubai,Tier 1,Single,Bachelors,Self-Employed,9939,1,0,Daily,Both,Luxury,12,549,2,0,3.2,Instagram,0,0,10,51,7,9,99,0,0,0,1,0,0,0,2923
50,Male,Emirati,Dubai,Tier 1,Divorced,Masters,Employed Full-Time,17260,1,0,Monthly,Both,Fashion,7,123,7,1,3.6,TikTok,1,1,25,76,10,2,20,0,6,0,1,0,0,1,5819
59,Male,Indian,Dubai,Tier 1,Married,Bachelors,Self-Employed,6846,1,1,Weekly,Online,Groceries,17,2246,0,0,6.2,TikTok,0,0,7,130,5,1,107,0,9,1,0,0,1,1,4882
61,Female,Filipino,Sharjah,Tier 2,Married,Bachelors,Employed Full-Time,10817,1,0,Rarely,Online,Fashion,15,1610,7,1,6.5,LinkedIn,1,1,2,14,3,6,58,4,6,0,0,0,0,0,6920
41,Male,Lebanese,Ajman,Tier 3,Single,Masters,Employed Full-Time,11915,1,1,Rarely,Online,Food and Dining,15,941,7,0,1.1,Instagram,1,0,14,106,6,7,23,1,6,0,1,0,0,1,2589
32,Male,Other,Abu Dhabi,Tier 1,Married,Bachelors,Student,1219,0,1,Monthly,Both,Travel,12,1939,2,0,5.8,TikTok,0,0,12,145,7,1,53,3,4,1,0,1,0,0,2873
49,Male,Emirati,Abu Dhabi,Tier 1,Single,Masters,Employed Full-Time,30006,0,1,Bi-Weekly,In-Store,Fashion,2,1127,0,0,4.1,TikTok,0,0,7,77,1,8,37,1,6,1,0,1,0,1,7868
49,Male,Filipino,Dubai,Tier 1,Divorced,Bachelors,Student,3972,1,1,Monthly,Both,Fashion,8,1296,8,1,1.5,TikTok,1,0,12,129,8,10,20,4,8,1,1,0,0,1,4578
41,Male,Pakistani,Sharjah,Tier 2,Married,Bachelors,Employed Part-Time,7331,1,1,Weekly,Both,Beauty,5,522,3,1,2.5,Snapchat,0,0,15,119,8,0,19,4,5,1,0,0,0,1,3589
58,Male,Egyptian,Sharjah,Tier 2,Married,Bachelors,Employed Full-Time,13081,0,1,Weekly,Both,Fashion,3,1389,6,1,0.8,Instagram,1,0,21,111,4,1,108,6,5,1,0,1,1,1,3607
29,Female,Filipino,Abu Dhabi,Tier 1,Married,Diploma,Employed Full-Time,21762,1,1,Daily,Online,Luxury,1,2267,8,0,3.2,Twitter X,0,1,0,1,8,2,18,6,2,0,1,1,1,0,11404
56,Male,British,Dubai,Tier 1,Single,Bachelors,Employed Full-Time,24968,1,0,Bi-Weekly,Online,Luxury,16,750,2,0,2.4,Snapchat,0,0,29,111,3,1,68,3,6,1,0,0,1,1,5191
19,Female,Egyptian,Dubai,Tier 1,Married,Bachelors,Employed Full-Time,8275,0,0,Monthly,Both,Sports,10,2129,4,0,3.4,Instagram,0,0,1,26,5,0,61,4,5,1,1,0,0,1,7145
20,Male,Indian,Dubai,Tier 1,Married,High School,Employed Full-Time,14556,1,1,Rarely,Both,Sports,10,102,9,1,4.9,Snapchat,1,0,12,116,3,7,72,0,4,1,1,1,0,1,4869
54,Male,Lebanese,Abu Dhabi,Tier 1,Married,Bachelors,Self-Employed,17555,1,1,Monthly,In-Store,Beauty,11,188,2,1,6.0,Snapchat,1,1,28,174,2,0,46,7,2,1,1,0,0,0,7569
34,Male,Indian,Sharjah,Tier 2,Married,Bachelors,Employed Full-Time,20615,0,1,Monthly,Both,Groceries,12,1447,4,1,5.0,TikTok,1,0,13,13,5,4,94,2,2,0,1,0,0,1,5151
19,Female,British,Ajman,Tier 3,Married,High School,Employed Full-Time,14004,1,0,Rarely,Online,Luxury,8,2187,1,1,5.6,Instagram,1,0,1,34,8,10,48,2,5,1,0,0,0,1,2774
19,Female,Pakistani,Abu Dhabi,Tier 1,Single,Bachelors,Employed Full-Time,9422,1,1,Rarely,Online,Travel,5,877,3,0,7.0,Instagram,0,1,15,62,9,5,20,0,5,1,1,0,0,1,2852
45,Male,Filipino,Sharjah,Tier 2,Married,Bachelors,Student,3291,1,1,Bi-Weekly,In-Store,Electronics,9,2133,1,1,7.1,TikTok,0,0,13,73,5,6,72,6,4,1,1,0,0,1,6343
40,Male,Other,Ras Al Khaimah,Tier 3,Married,Masters,Employed Full-Time,23874,1,1,Weekly,Both,Groceries,11,1298,2,0,7.0,Instagram,0,1,6,51,3,2,69,7,2,0,1,0,1,0,9365
54,Female,Other,Dubai,Tier 1,Married,Masters,Employed Full-Time,22651,0,0,Bi-Weekly,Both,Electronics,15,603,4,0,1.6,Snapchat,0,1,21,41,3,10,105,1,1,0,1,1,0,0,4024
49,Male,Lebanese,Dubai,Tier 1,Divorced,Bachelors,Unemployed,813,0,1,Bi-Weekly,In-Store,Luxury,17,789,8,0,2.4,Facebook,0,1,13,55,8,6,34,2,3,0,0,1,0,1,1504
50,Male,Filipino,Ras Al Khaimah,Tier 3,Single,Bachelors,Employed Full-Time,17598,1,1,Bi-Weekly,Online,Fashion,11,318,2,0,4.3,LinkedIn,1,1,17,156,3,7,104,7,3,1,0,1,0,1,4961
18,Female,American,Dubai,Tier 1,Married,Masters,Employed Full-Time,14409,1,0,Rarely,Online,Sports,13,959,9,1,3.2,Facebook,1,0,16,94,9,9,7,0,9,0,1,1,0,1,5841
36,Female,Filipino,Ras Al Khaimah,Tier 3,Divorced,Masters,Self-Employed,10547,0,0,Rarely,Both,Groceries,17,235,5,0,1.5,Facebook,1,1,4,135,10,2,50,1,1,1,1,0,1,0,2411
19,Male,Jordanian,Fujairah,Tier 3,Married,Bachelors,Self-Employed,7741,1,0,Weekly,Online,Luxury,7,918,3,1,2.7,Snapchat,0,1,10,2,1,4,53,7,8,1,1,0,1,1,3151
61,Female,Pakistani,Abu Dhabi,Tier 1,Married,PhD,Employed Full-Time,47517,1,1,Weekly,Both,Beauty,9,2521,3,1,7.8,YouTube,0,0,17,2,1,0,86,5,2,1,1,1,1,1,7383
43,Female,Other,Sharjah,Tier 2,Single,High School,Employed Full-Time,24607,1,0,Weekly,Both,Groceries,18,882,9,0,3.1,Instagram,0,1,15,156,5,8,73,2,0,1,0,0,1,1,10876
49,Male,Other,Sharjah,Tier 2,Single,High School,Self-Employed,5551,1,1,Weekly,Both,Groceries,18,1462,9,0,3.6,Instagram,1,1,25,54,4,7,11,0,4,1,1,0,0,1,3377
23,Female,American,Sharjah,Tier 2,Married,Bachelors,Employed Full-Time,10306,1,1,Weekly,Both,Groceries,10,1539,4,1,0.5,Instagram,0,1,9,94,3,2,76,2,9,1,1,0,0,0,3154
49,Female,Indian,Dubai,Tier 1,Single,PhD,Student,4060,1,1,Monthly,In-Store,Luxury,12,2966,6,1,5.9,TikTok,0,0,5,58,1,3,8,2,2,1,1,0,1,1,3120
21,Male,Indian,Dubai,Tier 1,Single,Bachelors,Employed Full-Time,7322,0,1,Bi-Weekly,Both,Sports,18,1065,3,0,3.6,Instagram,1,1,13,175,7,0,32,7,5,0,0,0,1,0,4833
28,Male,Jordanian,Dubai,Tier 1,Married,Masters,Employed Full-Time,29368,0,1,Bi-Weekly,Online,Fashion,9,491,7,1,1.3,Instagram,0,1,1,61,1,0,63,7,0,1,1,1,0,1,5109
34,Male,Indian,Abu Dhabi,Tier 1,Single,Bachelors,Employed Full-Time,11997,1,1,Weekly,In-Store,Beauty,9,88,8,0,7.8,TikTok,1,0,28,104,6,5,55,2,9,0,1,0,1,1,2710
55,Female,Jordanian,Dubai,Tier 1,Married,Bachelors,Self-Employed,16466,1,1,Bi-Weekly,In-Store,Electronics,10,1694,8,1,6.3,YouTube,0,1,26,168,10,5,59,7,3,1,0,0,1,0,10365
41,Male,Pakistani,Dubai,Tier 1,Married,Bachelors,Student,1305,1,1,Monthly,Online,Luxury,1,1599,8,1,5.9,YouTube,0,0,8,18,2,8,63,3,0,1,1,1,1,0,3893
22,Female,Pakistani,Dubai,Tier 1,Married,Masters,Employed Part-Time,11250,1,0,Monthly,Both,Fashion,11,215,1,0,7.7,Facebook,1,1,27,142,4,4,17,1,0,1,0,1,0,1,2181
51,Female,Other,Sharjah,Tier 2,Married,High School,Student,714,1,1,Weekly,Both,Travel,14,1985,2,0,3.6,TikTok,1,0,12,25,8,2,26,2,9,1,0,1,0,1,2396
23,Male,Egyptian,Fujairah,Tier 3,Married,Bachelors,Employed Full-Time,6739,1,0,Monthly,Online,Home and Living,10,1518,4,0,5.9,LinkedIn,1,0,20,138,3,5,51,6,7,0,1,1,0,1,3602
39,Female,Filipino,Fujairah,Tier 3,Married,Bachelors,Employed Full-Time,8167,1,1,Weekly,Online,Beauty,14,492,0,0,2.0,LinkedIn,0,0,22,100,9,7,33,7,9,0,1,0,0,1,4101
28,Male,Filipino,Abu Dhabi,Tier 1,Married,Masters,Student,1096,1,1,Monthly,Online,Fashion,19,380,3,1,5.7,YouTube,0,0,19,48,5,6,26,6,3,1,1,0,0,1,1696
33,Female,Indian,Ajman,Tier 3,Single,Bachelors,Student,2217,0,1,Weekly,In-Store,Electronics,10,1042,4,0,0.6,Facebook,0,0,11,176,6,10,22,6,9,1,0,1,0,0,841
50,Female,Lebanese,Sharjah,Tier 2,Married,Bachelors,Student,1855,1,0,Monthly,Both,Beauty,17,1408,8,1,1.4,Instagram,1,0,1,53,2,9,67,7,2,1,0,0,1,0,2957
26,Male,Indian,Abu Dhabi,Tier 1,Married,Bachelors,Self-Employed,8231,1,0,Daily,In-Store,Beauty,2,1185,7,0,3.7,Instagram,0,1,2,137,1,2,95,0,5,1,0,1,1,0,2928
23,Male,Other,Abu Dhabi,Tier 1,Married,Diploma,Employed Full-Time,23161,1,0,Bi-Weekly,Online,Electronics,14,1819,0,1,0.6,YouTube,1,0,12,139,5,0,78,3,9,0,1,0,1,1,7064
33,Male,Other,Dubai,Tier 1,Single,Masters,Employed Full-Time,29153,1,1,Bi-Weekly,Online,Luxury,18,2811,2,1,4.0,Instagram,1,1,20,27,1,3,82,4,8,1,1,1,1,0,12048
46,Male,Indian,Ras Al Khaimah,Tier 3,Married,Masters,Student,3937,0,1,Weekly,Online,Groceries,2,2932,2,1,4.4,TikTok,1,0,0,59,4,5,98,4,5,1,1,1,1,0,8295
20,Male,American,Dubai,Tier 1,Single,Bachelors,Employed Full-Time,4905,1,0,Rarely,In-Store,Fashion,19,2236,5,0,5.2,TikTok,0,1,27,141,8,3,104,1,0,1,0,1,0,1,4923
37,Male,Filipino,Abu Dhabi,Tier 1,Married,Bachelors,Employed Full-Time,4529,0,0,Daily,Online,Luxury,8,1852,3,1,1.3,Instagram,0,0,19,139,2,4,63,0,7,1,0,0,1,1,2375
53,Female,Indian,Abu Dhabi,Tier 1,Divorced,PhD,Self-Employed,24610,1,0,Rarely,Online,Travel,6,1857,3,0,1.9,LinkedIn,0,0,28,57,6,9,17,6,0,0,1,1,1,0,9069
36,Male,Other,Dubai,Tier 1,Single,Bachelors,Employed Full-Time,19001,0,1,Weekly,Online,Fashion,7,1239,0,1,5.1,TikTok,1,1,3,110,10,6,41,3,2,1,1,0,0,1,8456
43,Male,Emirati,Dubai,Tier 1,Married,Bachelors,Self-Employed,8618,1,0,Monthly,In-Store,Luxury,13,1487,9,1,5.4,Instagram,0,0,17,106,5,4,76,6,8,1,0,1,0,1,3846
20,Female,Indian,Abu Dhabi,Tier 1,Single,Bachelors,Employed Full-Time,24105,1,1,Monthly,In-Store,Home and Living,2,1242,3,1,0.7,YouTube,0,1,24,24,1,4,39,0,3,0,1,0,1,1,7599
36,Male,Filipino,Dubai,Tier 1,Married,PhD,Self-Employed,49062,1,1,Weekly,Both,Food and Dining,7,2866,0,1,4.6,TikTok,1,1,12,177,8,1,33,7,7,1,1,0,0,1,14857
37,Female,Filipino,Sharjah,Tier 2,Single,Bachelors,Employed Part-Time,20956,1,1,Weekly,Both,Fashion,1,2221,4,0,6.4,LinkedIn,0,0,5,168,5,0,32,7,8,1,1,1,0,0,10201
49,Female,Filipino,Abu Dhabi,Tier 1,Married,Bachelors,Employed Part-Time,21027,1,0,Bi-Weekly,Both,Food and Dining,6,2979,2,0,1.0,TikTok,0,1,24,79,9,3,21,7,7,1,1,0,0,1,7873
24,Female,American,Abu Dhabi,Tier 1,Single,Masters,Employed Full-Time,19322,1,0,Monthly,Online,Fashion,16,810,9,0,3.6,Facebook,0,0,5,84,2,10,53,3,5,0,1,0,0,1,7270
58,Male,Egyptian,Abu Dhabi,Tier 1,Single,Bachelors,Employed Full-Time,24455,0,1,Rarely,Online,Groceries,8,1822,4,1,2.9,Instagram,0,1,14,2,6,9,64,5,8,0,1,0,1,1,5740
50,Male,Egyptian,Abu Dhabi,Tier 1,Married,Bachelors,Employed Full-Time,11013,1,1,Daily,In-Store,Groceries,13,1171,2,0,7.4,Snapchat,0,0,17,143,7,7,78,5,5,0,1,1,0,0,5087
57,Male,Emirati,Abu Dhabi,Tier 1,Single,Diploma,Employed Full-Time,13484,1,1,Weekly,Online,Fashion,18,1092,4,1,1.9,Instagram,0,0,16,48,1,2,66,5,4,1,1,0,1,1,5038
56,Female,Indian,Sharjah,Tier 2,Married,Diploma,Employed Part-Time,15787,1,1,Monthly,Online,Sports,14,1197,3,0,2.9,YouTube,0,0,13,98,10,5,49,3,7,1,1,1,1,1,5631
35,Male,Indian,Sharjah,Tier 2,Single,Masters,Employed Full-Time,23675,1,1,Bi-Weekly,Online,Home and Living,18,275,8,1,7.2,Instagram,0,0,3,46,4,9,71,6,3,1,1,0,1,1,3130
57,Male,Indian,Sharjah,Tier 2,Married,Masters,Employed Full-Time,19748,1,1,Rarely,Online,Fashion,4,2028,5,0,3.0,Instagram,1,1,28,95,2,1,79,4,2,0,1,0,0,1,7827
18,Female,Filipino,Ajman,Tier 3,Married,Bachelors,Employed Full-Time,14677,1,0,Daily,Online,Electronics,15,2709,9,0,4.5,LinkedIn,0,1,0,158,7,8,31,5,3,1,1,0,0,0,3161
28,Male,Indian,Dubai,Tier 1,Married,PhD,Self-Employed,25457,1,1,Bi-Weekly,Both,Fashion,5,2421,1,1,0.7,TikTok,0,0,7,156,3,8,92,6,8,1,1,0,0,1,5316
45,Male,Indian,Dubai,Tier 1,Married,Bachelors,Employed Full-Time,18051,0,1,Monthly,Online,Groceries,14,1090,0,1,7.9,Snapchat,1,0,10,97,9,3,41,1,3,0,0,0,0,1,6465
42,Male,Indian,Ras Al Khaimah,Tier 3,Married,Masters,Student,4929,0,0,Weekly,Online,Groceries,16,2694,0,0,6.7,Facebook,0,0,12,169,8,10,72,1,6,1,1,0,0,0,3682
40,Female,Other,Dubai,Tier 1,Single,PhD,Self-Employed,35828,1,1,Monthly,Online,Groceries,15,1933,0,1,5.3,Instagram,1,0,16,113,10,7,71,0,0,1,1,1,1,1,6960
48,Male,Other,Dubai,Tier 1,Single,Bachelors,Self-Employed,14416,1,0,Weekly,Both,Electronics,11,1529,8,1,1.0,Instagram,0,1,20,21,7,1,36,3,5,0,1,0,1,0,7550
47,Female,Egyptian,Abu Dhabi,Tier 1,Married,Masters,Student,2866,1,1,Bi-Weekly,Both,Beauty,2,590,4,0,1.1,YouTube,0,0,13,87,8,9,74,6,7,0,0,1,1,0,2944
59,Female,Other,Dubai,Tier 1,Married,Masters,Employed Full-Time,26952,1,0,Monthly,Online,Luxury,18,695,3,0,4.6,Instagram,0,0,24,42,1,1,39,5,6,1,1,0,0,1,7474
52,Male,Lebanese,Dubai,Tier 1,Divorced,Bachelors,Self-Employed,17874,1,1,Weekly,Both,Fashion,4,1039,9,0,2.6,TikTok,0,1,16,13,10,5,111,3,4,1,1,1,1,1,9671
24,Female,Filipino,Fujairah,Tier 3,Single,Masters,Employed Full-Time,21428,1,0,Daily,Online,Fashion,15,755,4,1,5.2,Facebook,0,0,19,45,6,1,94,2,3,1,0,0,0,0,3656
33,Male,Emirati,Abu Dhabi,Tier 1,Single,High School,Student,2253,1,1,Rarely,Both,Beauty,12,680,8,1,5.0,Instagram,0,1,23,90,7,0,109,1,1,1,1,0,1,1,3118
43,Male,Lebanese,Dubai,Tier 1,Single,Bachelors,Student,2172,1,0,Rarely,Both,Groceries,3,2976,2,1,6.8,Facebook,0,0,23,147,7,9,104,3,0,1,0,0,0,0,2770
19,Female,British,Fujairah,Tier 3,Married,Bachelors,Employed Full-Time,20439,1,1,Rarely,Both,Beauty,4,240,2,0,2.6,TikTok,1,1,0,155,9,1,41,0,0,0,0,0,0,0,6562
18,Female,Egyptian,Fujairah,Tier 3,Married,Bachelors,Employed Full-Time,18660,1,1,Rarely,Both,Food and Dining,16,1738,1,0,4.8,LinkedIn,1,0,7,168,7,1,41,5,4,1,0,0,0,1,8601
29,Female,Lebanese,Abu Dhabi,Tier 1,Single,Masters,Employed Full-Time,16811,1,1,Weekly,Online,Luxury,6,904,7,0,6.3,Instagram,0,1,26,135,7,4,5,7,8,0,1,0,0,1,7439
22,Male,Filipino,Dubai,Tier 1,Married,Diploma,Self-Employed,8736,1,0,Weekly,In-Store,Sports,2,2588,6,0,4.2,Instagram,0,1,27,25,6,5,85,4,6,0,1,0,0,1,7512
54,Male,British,Sharjah,Tier 2,Married,Bachelors,Employed Full-Time,6609,0,0,Daily,Online,Groceries,9,454,1,0,6.7,LinkedIn,1,0,18,177,3,10,6,7,1,1,0,0,0,0,2913
49,Male,Other,Sharjah,Tier 2,Married,Bachelors,Employed Full-Time,18675,0,1,Rarely,Both,Fashion,12,2972,3,0,1.5,TikTok,1,0,29,104,6,2,62,5,5,1,1,0,0,0,12157
26,Male,Indian,Sharjah,Tier 2,Single,Bachelors,Employed Full-Time,7909,1,1,Monthly,Online,Beauty,12,2527,6,1,6.0,TikTok,1,0,10,164,9,7,16,4,9,1,1,0,0,1,6497
58,Male,British,Ajman,Tier 3,Married,Diploma,Employed Full-Time,20787,1,1,Bi-Weekly,In-Store,Travel,14,569,0,0,7.6,Twitter X,1,0,22,71,10,1,80,1,6,1,1,0,0,1,9353
52,Male,Pakistani,Sharjah,Tier 2,Married,Bachelors,Unemployed,1246,1,1,Rarely,Online,Travel,17,1719,0,0,3.0,Snapchat,0,1,9,119,3,9,88,7,7,0,1,0,0,0,2021
36,Male,British,Dubai,Tier 1,Married,Masters,Self-Employed,26192,1,1,Bi-Weekly,Online,Groceries,9,2990,7,1,3.2,TikTok,1,1,26,84,3,2,110,7,8,1,1,0,0,1,11127
33,Male,Lebanese,Sharjah,Tier 2,Married,PhD,Employed Full-Time,22699,0,0,Weekly,In-Store,Fashion,12,1457,5,1,1.1,Instagram,1,1,0,152,7,3,19,5,2,0,1,0,0,1,8881
20,Male,Emirati,Dubai,Tier 1,Single,Bachelors,Employed Full-Time,19369,1,0,Weekly,In-Store,Fashion,10,870,1,1,5.3,Twitter X,0,0,4,92,7,4,83,1,1,1,1,0,0,0,5930
37,Male,Egyptian,Sharjah,Tier 2,Single,PhD,Employed Full-Time,18550,0,0,Weekly,Online,Electronics,11,2984,9,0,4.6,Instagram,1,0,15,113,5,4,112,2,6,0,1,1,0,1,9708
41,Female,Indian,Abu Dhabi,Tier 1,Married,PhD,Employed Full-Time,37163,1,1,Weekly,Online,Travel,2,484,9,0,0.8,YouTube,0,1,19,69,8,5,37,6,7,1,0,1,0,1,14066
50,Male,British,Dubai,Tier 1,Single,PhD,Self-Employed,44675,0,0,Weekly,Both,Fashion,16,2160,0,1,6.1,Instagram,1,0,19,52,8,3,64,1,8,0,1,0,0,1,8452
41,Female,Pakistani,Abu Dhabi,Tier 1,Married,Bachelors,Employed Full-Time,9492,0,1,Monthly,Online,Groceries,1,2231,2,0,6.7,Twitter X,0,1,27,164,2,9,59,3,9,0,1,0,1,1,6517
28,Female,Lebanese,Dubai,Tier 1,Married,Bachelors,Employed Full-Time,19794,0,1,Weekly,In-Store,Luxury,1,668,3,1,7.3,TikTok,1,1,4,179,6,10,97,3,4,0,0,0,0,0,6516
25,Male,Indian,Dubai,Tier 1,Married,Masters,Student,794,1,1,Monthly,In-Store,Electronics,2,474,4,0,4.6,Instagram,1,0,15,33,5,6,69,3,8,0,0,0,0,1,1562
53,Female,Egyptian,Abu Dhabi,Tier 1,Single,Bachelors,Student,1738,0,1,Bi-Weekly,In-Store,Beauty,12,1601,9,0,3.9,TikTok,1,1,2,53,4,7,73,6,0,1,1,0,0,0,2643
55,Female,Indian,Dubai,Tier 1,Single,Bachelors,Employed Full-Time,9197,1,0,Rarely,Online,Electronics,18,407,2,0,7.1,Instagram,0,0,29,38,7,3,85,3,8,1,0,1,0,0,3787
57,Female,Jordanian,Sharjah,Tier 2,Married,High School,Employed Full-Time,7562,0,1,Monthly,Both,Groceries,12,1644,4,1,3.5,Instagram,0,1,22,172,4,8,7,2,9,1,1,0,0,0,6459
37,Male,Other,Dubai,Tier 1,Single,High School,Employed Full-Time,22078,1,0,Rarely,Online,Electronics,1,1082,6,0,5.4,Instagram,1,0,1,5,5,5,42,7,4,1,1,1,1,1,7080
52,Male,Other,Abu Dhabi,Tier 1,Married,Bachelors,Self-Employed,4855,1,0,Weekly,Online,Beauty,11,1060,8,1,5.1,LinkedIn,0,0,16,118,8,7,25,1,1,1,0,0,0,1,4395
42,Male,Lebanese,Sharjah,Tier 2,Married,Bachelors,Unemployed,1403,0,1,Weekly,In-Store,Luxury,2,246,4,1,3.3,Instagram,1,1,21,31,5,8,56,7,5,1,1,0,1,1,2223
52,Male,American,Abu Dhabi,Tier 1,Married,Bachelors,Employed Full-Time,7621,0,1,Bi-Weekly,Online,Sports,12,1190,3,1,1.2,YouTube,0,1,27,137,9,0,47,1,0,1,0,0,0,1,3470
42,Female,Indian,Abu Dhabi,Tier 1,Married,Bachelors,Employed Full-Time,8206,0,1,Weekly,Online,Beauty,2,1083,9,0,0.7,Instagram,1,1,0,32,10,4,85,1,6,1,1,0,0,1,7091
46,Female,Indian,Ras Al Khaimah,Tier 3,Single,Bachelors,Student,4399,1,1,Bi-Weekly,Both,Luxury,17,911,8,0,3.7,Facebook,0,1,15,169,2,6,108,7,6,1,0,1,1,0,1694
35,Male,Pakistani,Dubai,Tier 1,Single,Masters,Self-Employed,10987,0,0,Weekly,Both,Fashion,6,2616,7,0,4.1,LinkedIn,1,0,26,5,2,9,77,6,9,1,1,1,0,1,7807
63,Female,Lebanese,Dubai,Tier 1,Divorced,Masters,Unemployed,1560,0,0,Bi-Weekly,In-Store,Luxury,16,398,4,0,6.7,YouTube,0,0,22,179,9,1,50,2,7,1,1,0,1,1,3023
35,Male,Other,Abu Dhabi,Tier 1,Divorced,Bachelors,Employed Full-Time,18151,1,1,Rarely,Online,Fashion,19,1708,8,1,3.6,Instagram,0,1,23,54,2,10,85,2,0,1,0,0,1,1,3084
19,Male,Indian,Dubai,Tier 1,Married,Bachelors,Employed Full-Time,8370,0,0,Weekly,Online,Groceries,6,624,8,1,2.6,Facebook,1,1,29,28,3,6,74,3,1,0,0,0,1,1,2371
52,Female,Other,Ras Al Khaimah,Tier 3,Divorced,High School,Employed Full-Time,7447,1,1,Rarely,In-Store,Electronics,7,1077,0,1,4.0,Instagram,1,1,1,171,6,6,88,5,0,1,0,1,0,0,2384
33,Male,British,Dubai,Tier 1,Married,Bachelors,Employed Full-Time,23816,1,1,Weekly,In-Store,Electronics,19,1869,5,1,2.3,TikTok,0,0,19,12,4,2,91,2,7,1,1,0,0,1,10095
58,Male,Egyptian,Sharjah,Tier 2,Single,Bachelors,Employed Part-Time,19903,1,1,Weekly,Online,Food and Dining,17,2425,4,0,1.2,Facebook,0,1,6,17,8,8,33,2,7,1,1,0,0,0,10311
53,Male,Indian,Sharjah,Tier 2,Single,Bachelors,Employed Full-Time,19326,1,1,Bi-Weekly,Both,Fashion,6,1835,5,0,1.3,TikTok,0,0,10,8,8,6,26,0,2,1,0,1,1,0,6961
50,Male,Emirati,Dubai,Tier 1,Married,Bachelors,Employed Full-Time,18056,0,1,Monthly,Online,Groceries,15,2609,9,1,2.9,TikTok,0,0,5,18,2,9,100,3,9,1,1,0,1,1,8270
21,Female,Filipino,Abu Dhabi,Tier 1,Single,Masters,Student,2107,1,1,Monthly,Online,Beauty,9,980,2,0,0.6,Instagram,0,0,1,117,2,10,17,7,1,1,1,1,0,0,2637
50,Female,Egyptian,Dubai,Tier 1,Married,High School,Employed Full-Time,6241,1,1,Monthly,Online,Groceries,2,2227,2,1,2.2,Instagram,1,1,13,10,3,4,21,3,8,1,1,0,0,1,6252
31,Female,Indian,Abu Dhabi,Tier 1,Married,PhD,Self-Employed,24630,1,1,Weekly,Both,Travel,5,1997,9,1,6.4,Instagram,0,0,3,39,2,6,109,0,4,0,0,0,0,1,6941
38,Female,Filipino,Dubai,Tier 1,Married,High School,Employed Full-Time,10998,1,1,Daily,Online,Travel,5,636,4,0,2.3,LinkedIn,1,0,18,41,5,6,2,1,8,1,1,0,0,1,4040
37,Male,Jordanian,Ras Al Khaimah,Tier 3,Married,Diploma,Self-Employed,14155,1,1,Weekly,Online,Groceries,12,533,6,0,1.3,Instagram,0,0,24,108,1,5,79,5,1,1,0,1,0,0,3928
25,Male,Jordanian,Fujairah,Tier 3,Single,Bachelors,Employed Full-Time,10444,1,1,Weekly,Online,Electronics,10,407,3,0,7.6,Facebook,0,1,21,44,7,3,44,6,5,1,1,0,1,1,5602
24,Female,Other,Dubai,Tier 1,Single,Bachelors,Self-Employed,7015,1,1,Rarely,Both,Fashion,4,434,5,1,5.2,Twitter X,0,0,28,43,8,7,66,0,0,1,1,1,0,1,3101
20,Male,Indian,Dubai,Tier 1,Married,Bachelors,Employed Full-Time,18903,0,0,Rarely,In-Store,Beauty,12,303,4,1,1.0,Snapchat,0,0,27,175,4,1,71,0,6,1,0,0,1,1,5945
34,Female,Indian,Sharjah,Tier 2,Married,High School,Employed Full-Time,10815,0,1,Weekly,Online,Fashion,15,884,1,1,1.0,Facebook,1,1,1,111,7,7,36,5,3,1,1,1,0,0,2989
50,Female,American,Dubai,Tier 1,Married,Bachelors,Self-Employed,8864,1,1,Monthly,Both,Beauty,10,1240,0,1,5.1,Facebook,0,0,1,176,9,4,46,6,6,0,1,1,0,0,4571
29,Male,Pakistani,Ajman,Tier 3,Married,High School,Employed Full-Time,13676,1,0,Bi-Weekly,Online,Sports,18,1786,5,0,4.6,TikTok,0,1,12,19,7,6,50,7,8,1,1,0,0,0,6886
39,Female,Emirati,Abu Dhabi,Tier 1,Single,Masters,Employed Full-Time,31663,1,1,Daily,In-Store,Groceries,5,1753,4,1,1.0,TikTok,1,0,12,21,2,2,107,7,0,1,1,0,1,1,10092
39,Female,Indian,Dubai,Tier 1,Married,Bachelors,Student,1585,1,0,Weekly,In-Store,Fashion,13,845,8,0,2.2,YouTube,1,0,2,3,2,6,96,7,0,0,0,0,1,0,2905
63,Female,Pakistani,Sharjah,Tier 2,Married,Masters,Student,2957,0,1,Bi-Weekly,In-Store,Groceries,4,518,6,1,7.5,YouTube,0,1,20,104,10,8,67,5,6,1,1,1,0,0,4576
47,Male,Indian,Abu Dhabi,Tier 1,Single,Bachelors,Employed Full-Time,12526,1,1,Monthly,Online,Sports,9,1933,0,1,4.8,Facebook,1,1,27,56,10,6,3,7,9,1,1,0,0,1,6505
55,Male,Indian,Ras Al Khaimah,Tier 3,Married,PhD,Employed Full-Time,40979,1,1,Weekly,Both,Groceries,18,542,9,1,3.8,Instagram,0,1,5,127,10,0,114,6,1,1,1,0,0,1,10220
55,Male,Indian,Ras Al Khaimah,Tier 3,Married,Bachelors,Employed Full-Time,5858,1,1,Rarely,In-Store,Fashion,3,969,5,1,2.4,TikTok,0,1,20,171,6,8,119,0,7,0,0,1,0,1,4303
62,Male,Emirati,Dubai,Tier 1,Married,High School,Employed Full-Time,5207,0,0,Bi-Weekly,Both,Groceries,11,100,6,0,1.5,TikTok,0,1,27,129,8,6,33,2,3,0,0,0,1,1,3379
25,Male,Egyptian,Dubai,Tier 1,Single,Bachelors,Unemployed,1720,1,1,Weekly,Both,Beauty,4,2170,2,1,3.5,Facebook,0,0,16,88,10,1,45,0,6,1,0,0,0,1,5207
44,Female,Filipino,Fujairah,Tier 3,Married,Bachelors,Employed Part-Time,23329,1,0,Weekly,Both,Fashion,9,2697,8,1,7.4,Facebook,1,0,28,36,10,4,25,7,9,1,1,0,1,1,9504
44,Male,Egyptian,Ajman,Tier 3,Single,Bachelors,Employed Full-Time,9429,1,1,Monthly,In-Store,Food and Dining,12,101,1,0,0.9,Snapchat,0,0,0,6,3,10,37,4,1,1,1,0,0,0,3926
51,Female,Indian,Dubai,Tier 1,Single,Bachelors,Unemployed,1898,1,0,Bi-Weekly,Online,Luxury,10,2222,0,0,7.9,Facebook,1,0,6,74,1,9,36,7,7,0,1,0,0,0,2728
38,Female,Indian,Sharjah,Tier 2,Married,Masters,Employed Part-Time,21845,0,1,Monthly,Both,Sports,10,311,9,0,2.1,Instagram,1,1,29,46,1,1,35,0,5,1,1,0,0,1,4932
47,Female,Egyptian,Abu Dhabi,Tier 1,Married,PhD,Self-Employed,19904,1,1,Weekly,Both,Travel,9,1958,9,1,3.6,Twitter X,0,1,25,151,2,6,19,1,0,0,1,0,0,1,6514
50,Male,Filipino,Dubai,Tier 1,Married,Bachelors,Employed Full-Time,9892,0,1,Weekly,Both,Home and Living,10,1594,8,1,0.8,Instagram,1,0,29,20,10,8,45,1,8,0,0,1,0,0,5100
45,Female,Pakistani,Ajman,Tier 3,Single,Diploma,Employed Full-Time,15777,1,1,Weekly,Online,Luxury,9,2427,6,0,4.9,Facebook,1,1,6,166,6,3,112,5,1,1,0,0,0,0,4972
64,Male,Indian,Dubai,Tier 1,Single,PhD,Employed Part-Time,17025,1,0,Weekly,In-Store,Groceries,1,290,9,0,4.1,Instagram,0,1,12,35,2,2,83,6,3,0,1,0,0,1,5536
50,Male,Other,Ras Al Khaimah,Tier 3,Married,Masters,Employed Full-Time,17914,1,1,Monthly,Both,Beauty,16,1358,0,1,5.5,Instagram,1,1,25,162,6,5,97,1,8,1,1,1,1,1,6405
22,Female,Indian,Dubai,Tier 1,Single,Bachelors,Employed Full-Time,16548,0,0,Weekly,Both,Electronics,14,1912,3,1,4.6,Instagram,0,0,21,178,1,7,18,0,7,1,1,0,0,1,8433
36,Male,Pakistani,Abu Dhabi,Tier 1,Single,High School,Employed Full-Time,17673,1,1,Weekly,Online,Fashion,13,1675,9,1,3.5,YouTube,0,0,8,47,9,7,27,3,7,1,1,0,0,1,4503
21,Male,British,Dubai,Tier 1,Single,Bachelors,Employed Full-Time,8027,1,0,Weekly,Both,Groceries,6,1372,2,1,6.0,Snapchat,1,0,17,36,7,7,94,1,3,1,0,0,0,1,3720
52,Female,Filipino,Abu Dhabi,Tier 1,Married,Masters,Employed Full-Time,18520,1,0,Bi-Weekly,In-Store,Home and Living,14,1278,6,0,0.7,TikTok,1,1,0,16,1,4,31,7,0,1,0,0,0,0,6542
34,Male,Indian,Sharjah,Tier 2,Single,Bachelors,Employed Part-Time,8295,0,0,Monthly,Online,Beauty,8,340,4,1,4.6,Twitter X,1,0,10,108,9,10,39,0,9,1,0,0,1,0,3302
61,Male,Pakistani,Dubai,Tier 1,Married,High School,Employed Full-Time,16869,0,1,Monthly,Both,Home and Living,18,2308,8,1,1.4,Snapchat,1,1,21,177,9,5,67,1,3,1,0,0,0,1,6712
45,Male,Lebanese,Abu Dhabi,Tier 1,Single,Bachelors,Employed Full-Time,8661,0,0,Monthly,In-Store,Sports,1,1439,2,1,3.8,Snapchat,1,0,21,65,10,1,22,2,2,1,0,1,1,0,4962
47,Female,Indian,Abu Dhabi,Tier 1,Single,High School,Self-Employed,18730,1,0,Bi-Weekly,Both,Electronics,12,1863,5,1,6.4,TikTok,0,1,24,63,6,5,52,2,2,0,1,0,0,1,7490
46,Female,Indian,Dubai,Tier 1,Married,Masters,Employed Full-Time,18998,1,0,Weekly,Both,Fashion,11,1537,9,1,1.6,Instagram,0,0,10,52,2,4,10,0,0,0,1,1,0,0,3181
63,Male,Indian,Sharjah,Tier 2,Single,High School,Employed Full-Time,22782,1,1,Monthly,Online,Fashion,13,2816,1,1,7.5,Instagram,1,0,9,73,2,2,117,1,8,1,0,0,0,0,7774
23,Male,Jordanian,Dubai,Tier 1,Married,Bachelors,Self-Employed,20411,1,1,Daily,Both,Fashion,4,2419,2,0,7.2,Instagram,0,0,16,60,8,7,8,1,2,1,0,1,0,1,7369
52,Male,Emirati,Abu Dhabi,Tier 1,Single,Masters,Employed Full-Time,25616,0,1,Monthly,Both,Beauty,6,2455,3,1,3.6,Facebook,1,0,26,101,9,3,34,4,3,1,0,1,1,1,12689
58,Male,Other,Abu Dhabi,Tier 1,Married,High School,Self-Employed,5898,0,0,Monthly,Both,Sports,13,966,5,0,0.5,Instagram,0,0,16,17,4,1,106,6,0,1,1,0,0,1,2733
54,Female,Filipino,Abu Dhabi,Tier 1,Single,Bachelors,Self-Employed,16919,0,0,Monthly,In-Store,Fashion,13,2191,0,0,6.4,TikTok,1,1,11,38,2,10,53,5,2,1,1,0,1,1,6904
41,Male,Other,Dubai,Tier 1,Single,Masters,Employed Full-Time,22717,1,1,Weekly,Online,Luxury,6,760,5,1,7.1,TikTok,1,0,29,29,5,2,18,5,0,1,1,0,0,1,1642
46,Male,Other,Abu Dhabi,Tier 1,Married,Bachelors,Employed Full-Time,6427,0,1,Rarely,Both,Travel,4,1936,3,1,1.8,Instagram,0,0,27,31,7,1,12,1,3,1,1,0,0,1,5161
63,Female,Pakistani,Abu Dhabi,Tier 1,Married,Bachelors,Unemployed,1339,0,0,Monthly,Online,Groceries,3,2266,7,1,7.4,YouTube,0,0,9,54,4,1,110,7,9,0,0,0,0,1,3023
48,Female,Indian,Sharjah,Tier 2,Single,Bachelors,Employed Full-Time,14767,1,1,Monthly,In-Store,Sports,15,1370,8,0,7.4,YouTube,0,1,11,102,9,2,64,3,6,1,1,0,0,1,6611
52,Female,Indian,Ajman,Tier 3,Married,Bachelors,Self-Employed,22420,1,1,Daily,In-Store,Electronics,11,2088,7,0,4.0,Instagram,1,1,5,26,4,6,57,2,9,1,0,0,0,1,9508
50,Male,Indian,Abu Dhabi,Tier 1,Married,Bachelors,Employed Part-Time,7355,1,0,Weekly,In-Store,Sports,2,2613,7,1,6.5,Twitter X,1,0,20,141,8,9,96,1,7,0,1,1,0,1,6246
38,Male,British,Dubai,Tier 1,Married,High School,Employed Full-Time,18053,1,0,Weekly,Both,Fashion,17,2195,1,0,3.8,TikTok,0,0,26,19,3,0,2,6,7,1,1,0,0,0,6934
49,Male,Indian,Dubai,Tier 1,Married,Bachelors,Employed Full-Time,24104,0,0,Weekly,Both,Sports,2,399,9,0,4.7,Twitter X,0,1,5,111,6,9,17,3,0,1,1,0,0,1,6378
40,Male,Indian,Dubai,Tier 1,Single,Bachelors,Employed Full-Time,8902,1,1,Bi-Weekly,Both,Groceries,1,785,1,1,2.9,Instagram,1,1,5,27,6,5,52,7,5,0,1,0,0,1,6299
50,Female,Pakistani,Dubai,Tier 1,Divorced,Masters,Employed Full-Time,22541,1,1,Monthly,Both,Food and Dining,5,2676,5,0,1.7,Instagram,1,0,28,13,3,10,76,5,7,1,1,1,0,1,9953
20,Female,Other,Dubai,Tier 1,Married,Bachelors,Self-Employed,14266,1,0,Weekly,Both,Beauty,17,2938,4,1,6.1,LinkedIn,0,1,19,52,2,0,71,6,9,0,1,0,0,0,4458
35,Female,Indian,Dubai,Tier 1,Single,Masters,Student,1890,1,1,Bi-Weekly,Online,Electronics,1,450,5,0,0.5,LinkedIn,0,0,25,98,6,2,79,0,9,0,1,0,0,0,2387
42,Female,Emirati,Dubai,Tier 1,Married,Bachelors,Self-Employed,18954,1,1,Weekly,Both,Beauty,7,800,8,1,4.8,TikTok,0,0,7,19,7,3,2,2,7,1,0,1,0,1,5911
59,Male,Emirati,Dubai,Tier 1,Married,Masters,Employed Full-Time,15982,0,0,Weekly,In-Store,Luxury,3,1524,9,0,7.0,LinkedIn,0,1,4,83,7,7,27,0,8,1,1,0,1,1,3098
48,Female,Other,Dubai,Tier 1,Married,Bachelors,Student,4147,1,0,Rarely,In-Store,Home and Living,16,1548,6,1,2.2,Facebook,0,0,5,3,10,1,26,5,7,0,1,1,0,0,5012
20,Male,Egyptian,Dubai,Tier 1,Married,Bachelors,Student,1307,0,1,Monthly,In-Store,Food and Dining,16,870,4,0,3.0,Instagram,1,1,1,67,1,6,25,7,4,0,1,0,0,1,2113
57,Male,Indian,Dubai,Tier 1,Married,Bachelors,Student,550,0,1,Bi-Weekly,In-Store,Travel,12,1492,9,1,4.9,TikTok,0,0,16,26,6,2,12,5,0,1,0,0,1,0,2930
63,Male,Indian,Abu Dhabi,Tier 1,Single,Masters,Employed Full-Time,34489,1,1,Weekly,Online,Beauty,9,2466,6,0,2.4,Instagram,0,0,7,6,9,0,17,7,8,1,0,1,0,1,10250
41,Male,Indian,Abu Dhabi,Tier 1,Married,Bachelors,Self-Employed,8698,0,1,Weekly,Online,Fashion,14,1937,7,1,6.9,Twitter X,0,0,21,141,9,5,65,1,9,1,0,0,0,1,5964
49,Male,Indian,Dubai,Tier 1,Single,Bachelors,Employed Part-Time,12887,1,1,Weekly,Online,Electronics,12,1468,0,1,3.2,YouTube,1,0,28,27,2,1,95,0,9,0,0,0,1,1,3087
64,Female,Other,Abu Dhabi,Tier 1,Married,Bachelors,Employed Full-Time,24225,1,1,Weekly,In-Store,Food and Dining,16,2653,9,1,4.9,Snapchat,0,0,8,105,4,2,40,5,9,1,1,0,0,0,7191
39,Male,Lebanese,Dubai,Tier 1,Divorced,Masters,Unemployed,1798,1,1,Weekly,Online,Food and Dining,17,1192,6,1,2.2,Facebook,0,0,20,88,6,5,5,6,9,1,1,0,1,0,3014
40,Male,Pakistani,Dubai,Tier 1,Single,Masters,Employed Full-Time,22247,1,0,Monthly,Online,Fashion,12,1816,3,0,0.8,Facebook,0,0,7,10,4,2,92,2,4,1,0,0,0,0,4201
19,Male,Jordanian,Dubai,Tier 1,Married,Bachelors,Employed Full-Time,10177,1,1,Weekly,Online,Home and Living,4,1054,4,0,1.8,Instagram,1,0,22,16,9,4,28,0,6,1,0,0,1,1,5770
44,Female,Indian,Abu Dhabi,Tier 1,Single,Masters,Student,4440,0,1,Weekly,Online,Sports,17,1015,1,0,0.8,TikTok,0,0,10,23,2,2,72,6,6,0,0,0,1,1,3759
59,Female,British,Sharjah,Tier 2,Single,Masters,Employed Full-Time,32519,1,0,Monthly,Both,Home and Living,1,1064,9,0,4.0,TikTok,0,1,9,47,10,6,118,0,3,0,1,1,1,1,12103
19,Female,Jordanian,Dubai,Tier 1,Married,PhD,Student,4228,1,0,Rarely,Both,Travel,17,1263,4,1,4.9,Snapchat,0,0,16,12,6,6,52,0,7,1,1,1,1,1,3806
43,Male,Indian,Dubai,Tier 1,Single,Masters,Self-Employed,12099,0,0,Rarely,Both,Electronics,11,2068,8,1,0.8,LinkedIn,0,0,22,156,1,0,14,3,9,1,1,0,0,1,4416
34,Female,American,Ajman,Tier 3,Married,Masters,Employed Full-Time,16386,0,0,Monthly,In-Store,Travel,19,2086,0,0,1.2,Instagram,0,0,19,77,9,5,6,3,8,1,1,1,0,1,10111
57,Male,Indian,Dubai,Tier 1,Married,Bachelors,Employed Full-Time,6959,1,0,Weekly,Both,Groceries,18,1695,2,0,4.1,TikTok,1,0,12,18,1,2,18,1,3,1,1,0,1,1,4271
50,Female,Indian,Dubai,Tier 1,Married,Masters,Self-Employed,28949,1,1,Weekly,In-Store,Beauty,2,863,3,0,6.5,Facebook,1,0,21,58,8,6,37,7,1,1,0,0,0,1,5695
26,Female,Emirati,Ajman,Tier 3,Married,Bachelors,Employed Part-Time,5393,1,1,Monthly,In-Store,Groceries,9,1864,8,1,5.2,Instagram,1,1,8,130,9,0,74,0,9,1,1,1,1,1,6449
60,Male,Pakistani,Sharjah,Tier 2,Married,Diploma,Student,640,1,1,Monthly,In-Store,Beauty,9,2203,1,1,1.3,Snapchat,0,0,14,174,1,9,64,3,3,1,1,0,0,1,4565
56,Male,American,Abu Dhabi,Tier 1,Married,Bachelors,Student,3393,1,0,Bi-Weekly,Online,Home and Living,12,2262,6,1,7.2,Instagram,1,0,12,145,1,2,111,2,1,1,0,0,1,0,2915
46,Male,Other,Abu Dhabi,Tier 1,Divorced,High School,Employed Full-Time,10064,0,1,Weekly,Both,Sports,13,687,8,1,7.4,Snapchat,0,0,12,87,10,9,99,2,0,1,1,1,0,1,4858
59,Male,Egyptian,Dubai,Tier 1,Married,High School,Employed Full-Time,10639,1,1,Weekly,Both,Beauty,16,1073,9,0,2.9,Twitter X,0,0,12,64,7,1,35,5,0,1,1,1,1,0,5110
43,Male,Jordanian,Dubai,Tier 1,Married,Masters,Student,1376,1,0,Monthly,Both,Sports,13,1559,3,1,5.1,Instagram,0,0,24,87,10,7,17,0,3,1,0,0,0,1,4868
52,Female,Jordanian,Abu Dhabi,Tier 1,Single,PhD,Employed Full-Time,42604,0,1,Weekly,In-Store,Groceries,14,2088,4,0,4.2,LinkedIn,0,0,24,54,5,7,110,1,8,1,0,0,0,1,16631
42,Male,Indian,Dubai,Tier 1,Single,High School,Employed Full-Time,24843,1,0,Monthly,Both,Food and Dining,7,2428,9,0,7.6,TikTok,0,1,20,171,3,10,91,5,8,1,1,0,1,0,6386
41,Male,Pakistani,Abu Dhabi,Tier 1,Married,Masters,Self-Employed,32595,1,0,Rarely,Both,Electronics,2,1443,3,0,4.3,Instagram,0,0,3,78,9,8,88,3,6,0,0,0,0,1,10606
30,Male,Indian,Ras Al Khaimah,Tier 3,Divorced,Masters,Student,2529,1,0,Monthly,In-Store,Beauty,12,1193,6,0,7.7,TikTok,1,0,21,14,2,8,10,5,4,0,1,0,0,0,3441
24,Male,British,Ras Al Khaimah,Tier 3,Married,Masters,Employed Part-Time,25201,0,1,Weekly,Both,Electronics,17,2396,7,1,2.0,LinkedIn,1,1,9,172,6,10,51,3,5,1,0,1,0,1,7017
53,Female,Other,Dubai,Tier 1,Divorced,Bachelors,Employed Full-Time,21650,0,1,Weekly,Online,Groceries,5,905,7,0,3.1,Instagram,1,0,14,38,4,1,112,3,0,1,1,0,1,0,4223
62,Male,Indian,Abu Dhabi,Tier 1,Married,Masters,Self-Employed,23361,0,1,Weekly,Online,Fashion,10,1216,2,1,6.4,TikTok,1,1,20,105,5,6,81,5,2,1,1,1,0,0,7098
37,Female,American,Abu Dhabi,Tier 1,Married,High School,Self-Employed,17703,1,0,Monthly,Online,Food and Dining,18,2804,1,0,6.4,Facebook,0,0,27,177,2,6,52,1,0,1,1,0,1,1,5380
18,Female,Egyptian,Ajman,Tier 3,Married,Masters,Student,3959,0,0,Bi-Weekly,Both,Electronics,3,1715,5,1,6.0,TikTok,1,0,9,16,1,3,109,4,9,0,0,0,0,0,3393
25,Female,Filipino,Dubai,Tier 1,Married,Bachelors,Unemployed,1967,1,0,Weekly,Online,Groceries,13,1974,0,1,6.9,Instagram,0,1,20,82,9,5,64,3,4,1,0,0,1,1,2498
63,Female,Pakistani,Dubai,Tier 1,Single,Bachelors,Employed Full-Time,14443,1,0,Weekly,Online,Luxury,13,2022,8,1,5.8,TikTok,1,0,7,74,3,0,33,6,3,1,0,0,0,0,4292
33,Male,Indian,Dubai,Tier 1,Married,Masters,Self-Employed,17559,1,1,Daily,Online,Fashion,10,2014,6,1,5.3,Twitter X,0,1,9,30,6,5,97,0,2,0,1,0,1,1,8658
31,Female,Emirati,Dubai,Tier 1,Married,Bachelors,Unemployed,1884,1,0,Rarely,Online,Luxury,2,1166,7,0,3.9,YouTube,1,0,20,68,9,0,17,3,5,0,0,0,0,1,2231
29,Male,Indian,Dubai,Tier 1,Single,Bachelors,Employed Full-Time,16255,1,1,Monthly,In-Store,Travel,16,496,6,0,4.0,Instagram,1,0,16,71,1,4,82,3,5,1,1,1,0,1,4105
40,Male,Emirati,Sharjah,Tier 2,Married,Masters,Employed Full-Time,31483,1,1,Weekly,Online,Sports,4,2577,4,0,3.5,Snapchat,1,0,4,80,5,3,49,7,8,1,1,0,0,1,7789
32,Female,Filipino,Sharjah,Tier 2,Single,Bachelors,Student,2037,1,0,Rarely,In-Store,Fashion,19,783,4,0,5.2,Instagram,0,0,12,115,4,5,108,7,3,1,1,0,0,0,2412
45,Female,Emirati,Dubai,Tier 1,Married,Bachelors,Employed Full-Time,21341,1,1,Monthly,Online,Fashion,5,1873,6,0,3.5,Facebook,1,0,20,37,3,10,102,7,8,0,1,0,0,0,11642
51,Female,Other,Abu Dhabi,Tier 1,Married,Bachelors,Employed Full-Time,18805,0,0,Monthly,Online,Fashion,7,2971,6,1,1.6,Instagram,0,1,20,55,2,10,7,4,3,1,1,1,0,0,7430
19,Male,Filipino,Dubai,Tier 1,Married,High School,Employed Full-Time,20637,0,1,Monthly,Both,Fashion,9,571,1,0,1.3,Instagram,0,0,27,167,3,4,113,7,7,1,0,0,1,0,4956
49,Male,British,Ajman,Tier 3,Married,Bachelors,Employed Full-Time,21953,1,1,Monthly,Both,Electronics,5,1756,1,1,7.4,Twitter X,1,0,18,177,1,4,90,5,7,1,1,1,0,1,11104
40,Female,Pakistani,Ras Al Khaimah,Tier 3,Divorced,High School,Employed Full-Time,11505,1,1,Weekly,In-Store,Travel,8,1448,6,0,0.7,Instagram,1,1,11,97,1,2,112,6,1,1,1,0,1,0,6135
39,Male,Filipino,Fujairah,Tier 3,Married,PhD,Employed Full-Time,20301,1,0,Bi-Weekly,Online,Beauty,2,1174,4,0,1.3,TikTok,0,1,11,99,8,9,65,0,9,1,0,0,0,1,6512
42,Female,Other,Ajman,Tier 3,Single,High School,Unemployed,1811,1,1,Monthly,Both,Groceries,7,671,1,1,3.8,YouTube,1,1,24,112,5,1,62,0,7,0,1,0,0,1,1280
39,Female,Emirati,Dubai,Tier 1,Married,Bachelors,Self-Employed,12999,0,0,Daily,In-Store,Fashion,4,808,0,1,2.5,YouTube,0,1,20,118,2,6,75,6,1,0,1,0,0,0,4371
39,Male,Indian,Dubai,Tier 1,Single,High School,Self-Employed,13973,1,0,Weekly,Both,Beauty,15,1908,8,0,3.5,Instagram,1,0,27,162,3,9,10,0,7,0,1,1,0,1,7558
59,Male,Lebanese,Abu Dhabi,Tier 1,Single,High School,Employed Full-Time,15855,1,1,Weekly,In-Store,Groceries,18,2341,7,0,1.4,Snapchat,0,0,1,57,2,7,31,3,5,1,1,0,1,0,3063
23,Male,Emirati,Ras Al Khaimah,Tier 3,Married,Masters,Self-Employed,17012,1,0,Weekly,Online,Travel,2,2120,1,0,1.5,Snapchat,0,0,20,97,10,4,25,3,2,1,0,0,0,1,6261
32,Male,Emirati,Dubai,Tier 1,Married,Masters,Self-Employed,25213,0,0,Weekly,Both,Fashion,14,1427,1,0,6.5,TikTok,0,1,8,62,2,8,57,2,6,1,0,0,0,1,4259
60,Female,Indian,Dubai,Tier 1,Married,High School,Self-Employed,13071,1,0,Bi-Weekly,Both,Travel,10,2563,2,1,6.2,YouTube,1,0,29,39,4,0,65,4,5,1,1,1,0,0,6746
54,Male,Emirati,Sharjah,Tier 2,Married,High School,Employed Full-Time,9088,0,0,Weekly,In-Store,Home and Living,5,914,3,1,1.3,Facebook,0,0,23,74,4,2,43,5,2,1,1,1,0,0,2966
50,Female,Filipino,Dubai,Tier 1,Married,High School,Employed Full-Time,20384,1,1,Weekly,Online,Food and Dining,12,2050,8,1,5.5,Twitter X,0,0,21,67,7,7,3,6,4,0,1,1,0,1,9052
25,Male,Indian,Dubai,Tier 1,Single,Masters,Student,1658,0,1,Rarely,Both,Electronics,10,1847,5,0,5.1,Instagram,0,1,24,29,2,4,55,0,3,1,1,0,0,1,4122
61,Female,Other,Abu Dhabi,Tier 1,Divorced,Bachelors,Self-Employed,6063,0,0,Monthly,Online,Electronics,18,2366,2,1,5.9,TikTok,0,0,22,31,9,1,48,0,5,0,1,0,1,1,5863
61,Male,Lebanese,Dubai,Tier 1,Married,High School,Self-Employed,12303,1,1,Weekly,Both,Beauty,6,2630,7,0,4.1,TikTok,0,0,1,60,7,9,65,2,0,1,1,0,1,1,6904
22,Male,British,Dubai,Tier 1,Divorced,Bachelors,Employed Part-Time,15631,0,0,Weekly,In-Store,Travel,12,2064,5,0,2.5,TikTok,0,0,29,39,4,8,71,3,0,1,0,0,0,1,4878
56,Male,Egyptian,Sharjah,Tier 2,Single,Masters,Employed Full-Time,30193,0,1,Monthly,In-Store,Sports,1,2411,7,0,5.5,Instagram,0,0,0,1,7,0,107,6,7,0,1,0,0,0,9014
21,Female,Jordanian,Abu Dhabi,Tier 1,Single,Masters,Self-Employed,21939,0,1,Monthly,Online,Home and Living,7,2217,9,1,3.3,Instagram,1,0,13,56,10,2,113,6,7,0,1,1,0,1,8912
23,Female,Indian,Fujairah,Tier 3,Married,PhD,Employed Full-Time,38505,0,1,Weekly,In-Store,Electronics,12,1997,1,1,2.1,Instagram,1,0,12,101,1,3,115,2,8,1,1,0,0,1,14905
62,Female,Other,Dubai,Tier 1,Married,Bachelors,Self-Employed,14235,1,1,Rarely,Online,Groceries,7,1193,7,0,3.6,Instagram,0,1,2,91,7,6,60,6,7,1,1,0,1,0,5017
49,Male,Lebanese,Dubai,Tier 1,Single,High School,Unemployed,680,1,1,Monthly,In-Store,Groceries,9,759,4,0,6.2,Instagram,1,1,26,149,6,3,14,2,1,1,1,0,0,1,3378
47,Male,American,Sharjah,Tier 2,Single,Bachelors,Self-Employed,22018,0,0,Monthly,Online,Beauty,15,185,9,0,4.1,Instagram,0,1,19,171,9,10,87,3,4,0,0,0,0,1,8164
64,Male,Filipino,Abu Dhabi,Tier 1,Married,Masters,Employed Full-Time,31858,1,1,Weekly,Both,Fashion,12,985,3,0,2.7,TikTok,0,0,24,130,8,1,112,1,7,1,1,0,0,1,12460
52,Male,Indian,Dubai,Tier 1,Married,Diploma,Employed Full-Time,7111,0,1,Weekly,Both,Fashion,13,50,2,1,6.7,Snapchat,1,0,4,142,2,1,81,7,8,1,1,0,0,0,2981
57,Male,Pakistani,Sharjah,Tier 2,Married,Bachelors,Self-Employed,5690,1,1,Weekly,Both,Home and Living,4,126,8,1,7.1,TikTok,1,0,1,106,3,9,14,5,5,1,1,0,1,1,1340
33,Female,Lebanese,Dubai,Tier 1,Single,Bachelors,Student,2840,1,1,Daily,Both,Food and Dining,10,1010,9,1,3.7,LinkedIn,0,1,25,131,3,0,9,7,3,0,1,0,1,0,3262
30,Female,Emirati,Dubai,Tier 1,Married,Bachelors,Employed Part-Time,19094,0,1,Weekly,Online,Home and Living,3,1595,6,0,3.3,Snapchat,0,1,20,142,6,6,85,6,8,1,1,1,1,0,8874
59,Female,Lebanese,Dubai,Tier 1,Divorced,Bachelors,Employed Full-Time,19875,0,0,Weekly,Both,Home and Living,5,2678,6,1,5.1,Twitter X,1,1,28,5,2,8,45,4,3,1,1,0,0,1,5918
47,Female,Indian,Dubai,Tier 1,Single,Bachelors,Employed Full-Time,24341,1,0,Monthly,Online,Food and Dining,4,2088,5,0,0.9,YouTube,1,1,17,81,2,9,2,1,5,1,1,0,0,1,10587
36,Male,Indian,Dubai,Tier 1,Married,Bachelors,Self-Employed,13156,1,0,Daily,In-Store,Fashion,19,2245,8,0,5.7,Instagram,0,1,8,167,4,1,116,1,4,1,1,0,0,0,7548
34,Male,Indian,Abu Dhabi,Tier 1,Married,High School,Self-Employed,20664,0,1,Weekly,Online,Electronics,15,623,2,1,6.4,TikTok,1,1,21,129,1,6,32,4,0,1,0,0,1,0,3676
36,Female,Emirati,Sharjah,Tier 2,Single,Bachelors,Unemployed,860,0,1,Rarely,Both,Sports,7,1598,0,0,3.5,TikTok,0,1,27,120,1,7,8,1,3,0,1,1,1,0,3946
45,Female,Filipino,Ajman,Tier 3,Married,Masters,Employed Full-Time,26513,1,0,Weekly,In-Store,Groceries,3,235,6,0,1.8,TikTok,0,0,27,43,1,2,36,3,9,0,0,0,1,1,2634
43,Male,Indian,Dubai,Tier 1,Married,High School,Self-Employed,6808,1,1,Bi-Weekly,In-Store,Groceries,16,1750,8,0,0.7,Instagram,1,1,11,92,5,3,90,1,2,1,0,0,0,0,4912
54,Male,Other,Dubai,Tier 1,Married,High School,Employed Full-Time,9402,1,1,Bi-Weekly,Both,Fashion,15,571,5,1,5.3,Twitter X,1,1,4,78,9,8,37,7,7,1,0,0,0,1,4275
43,Male,Filipino,Dubai,Tier 1,Married,Bachelors,Employed Part-Time,5964,0,0,Rarely,In-Store,Beauty,18,2259,9,1,2.5,Instagram,1,1,17,15,4,3,15,6,6,1,1,0,0,1,4272
40,Male,Indian,Dubai,Tier 1,Single,Masters,Self-Employed,14311,1,0,Rarely,In-Store,Groceries,3,1999,1,1,4.0,YouTube,1,0,22,46,8,5,34,1,9,0,0,1,0,1,3423
26,Female,British,Abu Dhabi,Tier 1,Married,Masters,Employed Full-Time,29279,1,1,Bi-Weekly,Online,Groceries,14,2293,7,1,3.4,Twitter X,0,0,22,7,7,7,21,5,0,0,1,0,1,1,14480
29,Female,Other,Sharjah,Tier 2,Married,High School,Employed Full-Time,6061,1,1,Rarely,Both,Groceries,1,83,8,1,1.8,Snapchat,0,0,1,170,6,9,87,1,7,1,1,0,1,1,1874
18,Male,American,Sharjah,Tier 2,Married,Bachelors,Self-Employed,7865,1,1,Bi-Weekly,Both,Groceries,7,1670,9,0,4.3,Instagram,0,0,9,115,9,1,9,3,6,1,0,0,0,0,5339
18,Female,Emirati,Dubai,Tier 1,Single,Bachelors,Employed Part-Time,8294,1,1,Monthly,Both,Food and Dining,2,1643,7,1,3.9,Snapchat,0,0,21,7,10,0,40,2,1,1,1,0,0,1,5142
64,Female,Other,Dubai,Tier 1,Married,Masters,Employed Full-Time,31943,1,1,Weekly,Online,Food and Dining,10,1946,8,0,5.2,Instagram,1,1,9,175,1,6,26,0,9,1,1,1,1,0,7725
51,Male,Lebanese,Abu Dhabi,Tier 1,Divorced,Masters,Employed Full-Time,25740,0,1,Bi-Weekly,Online,Luxury,16,2505,0,0,2.4,Instagram,1,1,25,88,7,0,107,4,3,1,1,0,0,1,8420
49,Male,Indian,Dubai,Tier 1,Married,Masters,Employed Part-Time,26684,1,1,Bi-Weekly,Online,Food and Dining,12,1850,2,1,2.1,Twitter X,1,0,2,90,9,3,22,4,1,1,1,0,1,0,10438
42,Male,Emirati,Abu Dhabi,Tier 1,Married,Bachelors,Student,2051,1,0,Bi-Weekly,Online,Fashion,18,1370,2,0,6.6,TikTok,1,0,23,19,10,4,13,3,8,1,0,0,0,1,4142
57,Male,Filipino,Fujairah,Tier 3,Married,Diploma,Employed Full-Time,20461,1,0,Monthly,Online,Travel,6,1993,8,0,5.8,TikTok,0,0,13,53,2,1,25,0,7,1,1,0,0,1,3802
62,Female,Indian,Dubai,Tier 1,Married,Diploma,Self-Employed,6159,0,0,Weekly,In-Store,Groceries,17,586,2,0,6.3,LinkedIn,1,0,4,90,4,9,71,1,0,1,0,0,1,1,3605
18,Male,Jordanian,Sharjah,Tier 2,Married,Masters,Employed Full-Time,21618,0,1,Weekly,Both,Sports,8,2133,9,1,1.4,Instagram,1,1,23,16,5,3,115,6,0,1,0,1,0,0,10653
33,Female,Indian,Abu Dhabi,Tier 1,Single,Bachelors,Employed Full-Time,7187,1,1,Monthly,Both,Fashion,9,1337,0,0,2.2,Snapchat,0,1,22,62,5,10,91,6,7,0,0,0,1,1,3513
56,Male,Other,Dubai,Tier 1,Married,Bachelors,Employed Full-Time,11135,1,1,Weekly,Online,Luxury,19,1455,2,1,4.8,Snapchat,0,1,29,65,7,10,15,7,4,1,0,1,0,1,5129
22,Male,Filipino,Abu Dhabi,Tier 1,Married,Bachelors,Student,2189,1,1,Weekly,Online,Electronics,2,2211,1,0,6.9,TikTok,0,1,12,112,10,9,76,5,0,1,1,0,1,0,5833
39,Male,Indian,Dubai,Tier 1,Married,High School,Employed Full-Time,4789,0,0,Monthly,Online,Fashion,7,2702,8,1,7.2,Twitter X,1,1,26,179,8,10,45,4,3,1,1,0,0,0,4237
46,Male,Indian,Dubai,Tier 1,Single,Bachelors,Self-Employed,21947,1,0,Rarely,Online,Luxury,11,492,0,1,6.7,YouTube,1,1,23,36,9,6,97,6,1,1,1,0,1,1,8129
20,Male,Filipino,Abu Dhabi,Tier 1,Married,Masters,Employed Full-Time,18364,1,1,Daily,In-Store,Sports,13,1236,1,1,0.8,TikTok,1,0,27,163,5,3,21,1,8,0,0,1,0,0,6418
29,Female,Lebanese,Ajman,Tier 3,Single,Bachelors,Unemployed,1068,0,1,Bi-Weekly,In-Store,Beauty,10,87,0,0,6.7,TikTok,1,1,16,24,2,10,89,5,9,1,1,0,1,1,2183
43,Male,Lebanese,Dubai,Tier 1,Married,PhD,Student,1476,1,1,Weekly,Both,Sports,15,2189,8,0,7.2,Snapchat,0,1,5,69,2,0,40,7,5,1,0,0,0,1,3413
33,Female,Indian,Dubai,Tier 1,Married,High School,Self-Employed,21886,1,1,Weekly,In-Store,Fashion,7,2728,6,1,0.9,Facebook,0,1,28,119,5,9,47,3,8,1,1,1,1,1,14755
54,Male,Indian,Ajman,Tier 3,Single,Bachelors,Student,2856,1,1,Weekly,In-Store,Home and Living,6,2769,0,1,3.6,Facebook,0,1,28,157,5,3,86,5,0,1,1,0,0,1,3371
39,Male,Emirati,Sharjah,Tier 2,Married,Masters,Employed Part-Time,29266,1,1,Bi-Weekly,Both,Electronics,12,2198,9,1,4.5,Instagram,1,1,26,129,5,10,61,3,0,1,1,0,1,1,11723
46,Male,British,Sharjah,Tier 2,Married,Bachelors,Student,2042,1,1,Monthly,Both,Luxury,3,556,5,1,2.2,Instagram,1,1,12,123,6,5,14,5,3,1,1,0,1,1,2001
31,Female,Emirati,Dubai,Tier 1,Married,High School,Employed Full-Time,7062,1,1,Weekly,In-Store,Beauty,16,2276,4,0,4.4,YouTube,0,0,28,137,8,4,72,3,1,1,0,1,0,0,6644
45,Male,Pakistani,Ras Al Khaimah,Tier 3,Married,Diploma,Employed Full-Time,23446,0,0,Monthly,Both,Food and Dining,9,2381,9,1,7.1,Instagram,0,0,11,100,5,3,88,2,0,1,0,0,0,1,8408
22,Male,Egyptian,Dubai,Tier 1,Single,Masters,Employed Part-Time,13084,1,1,Bi-Weekly,In-Store,Beauty,10,404,4,1,7.0,Snapchat,0,1,2,15,3,1,67,3,5,1,1,1,0,0,2363
64,Female,Other,Abu Dhabi,Tier 1,Married,Bachelors,Employed Full-Time,24641,1,0,Weekly,Both,Groceries,13,1977,3,1,7.5,Twitter X,0,0,29,74,9,9,76,1,7,1,1,0,1,1,14233
47,Male,Indian,Dubai,Tier 1,Single,Masters,Employed Full-Time,26588,1,1,Bi-Weekly,Online,Beauty,8,1608,2,0,4.1,TikTok,0,1,15,144,4,10,47,2,0,1,1,0,0,0,5872
63,Male,Indian,Abu Dhabi,Tier 1,Married,Masters,Employed Full-Time,23184,1,0,Weekly,Online,Groceries,6,2023,7,0,3.6,Snapchat,0,1,4,176,8,5,86,1,9,1,1,0,0,0,11164
22,Male,Egyptian,Dubai,Tier 1,Married,Masters,Employed Full-Time,24375,0,1,Weekly,Both,Fashion,3,537,6,0,5.5,Instagram,1,1,1,36,9,5,16,5,9,1,1,0,0,1,4158
29,Female,Egyptian,Abu Dhabi,Tier 1,Single,Masters,Employed Part-Time,31668,0,1,Monthly,In-Store,Travel,12,1055,4,0,3.6,YouTube,0,1,10,53,7,5,71,3,5,1,0,1,1,0,11818
33,Female,Indian,Dubai,Tier 1,Married,High School,Employed Full-Time,9957,0,1,Monthly,Both,Groceries,9,328,8,1,0.8,Instagram,0,0,3,79,3,3,18,2,0,1,1,0,0,0,1726
43,Male,Other,Dubai,Tier 1,Single,Bachelors,Unemployed,1461,1,1,Monthly,Both,Beauty,9,2641,6,1,5.9,TikTok,1,0,21,131,10,7,45,5,7,1,1,1,1,1,4043
43,Male,Jordanian,Abu Dhabi,Tier 1,Married,High School,Student,4858,1,1,Weekly,Online,Electronics,11,699,9,0,2.6,Snapchat,1,1,0,147,6,0,23,0,5,0,0,1,1,0,2487
38,Female,Indian,Ajman,Tier 3,Single,High School,Student,3939,1,1,Weekly,In-Store,Electronics,6,404,1,0,0.9,Twitter X,1,0,12,41,7,9,26,3,0,1,0,0,1,1,2074
56,Female,Indian,Ras Al Khaimah,Tier 3,Married,PhD,Employed Full-Time,38888,1,0,Monthly,Both,Home and Living,2,2292,6,1,0.7,Instagram,1,1,17,37,7,7,102,6,8,0,1,0,0,1,12632
53,Male,Filipino,Dubai,Tier 1,Single,Bachelors,Employed Full-Time,14548,1,1,Weekly,Both,Travel,7,853,6,0,7.5,TikTok,1,1,15,136,8,7,66,2,0,1,1,1,0,1,6157
50,Female,Lebanese,Sharjah,Tier 2,Married,Masters,Unemployed,873,0,1,Monthly,Both,Beauty,9,2190,3,0,2.4,TikTok,0,1,1,88,10,4,2,5,8,0,0,0,0,0,2671
47,Male,Emirati,Abu Dhabi,Tier 1,Married,Masters,Student,4790,1,1,Monthly,Both,Fashion,19,2530,7,0,3.9,TikTok,0,0,8,14,5,8,22,2,2,1,0,0,1,0,4135
54,Female,British,Dubai,Tier 1,Single,PhD,Self-Employed,28146,0,1,Monthly,Both,Electronics,18,607,3,0,7.6,Twitter X,0,1,26,35,5,8,115,2,7,0,0,0,0,1,10494
40,Female,Egyptian,Dubai,Tier 1,Married,Masters,Employed Full-Time,31079,1,0,Weekly,Both,Travel,12,1100,6,0,4.0,Instagram,1,0,11,144,2,9,38,4,7,0,1,0,1,0,7313
27,Male,Indian,Sharjah,Tier 2,Married,Bachelors,Employed Part-Time,18167,1,0,Rarely,Online,Sports,11,211,3,1,1.1,Facebook,1,0,4,71,2,3,42,2,6,0,1,0,0,0,6616
22,Female,British,Ras Al Khaimah,Tier 3,Married,Bachelors,Self-Employed,6014,1,1,Monthly,Online,Food and Dining,10,2198,7,0,4.6,Twitter X,1,0,4,163,4,1,28,0,1,0,1,0,0,0,3128
53,Female,Other,Abu Dhabi,Tier 1,Married,Bachelors,Employed Full-Time,8624,1,1,Bi-Weekly,In-Store,Electronics,3,748,2,0,1.2,LinkedIn,0,1,21,8,7,0,63,3,2,1,1,1,0,1,3221
51,Female,Emirati,Abu Dhabi,Tier 1,Married,Bachelors,Employed Part-Time,23992,0,0,Monthly,Online,Travel,12,2023,1,1,1.2,Snapchat,0,1,12,12,8,7,17,3,4,1,1,0,1,1,13502
48,Male,Indian,Abu Dhabi,Tier 1,Single,Bachelors,Self-Employed,24309,1,1,Daily,Online,Travel,4,2255,9,1,6.9,TikTok,1,1,15,177,3,7,115,3,4,0,1,1,0,1,11700
27,Male,Pakistani,Dubai,Tier 1,Single,Bachelors,Self-Employed,9868,0,0,Weekly,Both,Travel,10,541,5,0,2.7,TikTok,0,0,25,110,1,10,112,2,1,1,0,0,0,0,1876
36,Male,Other,Sharjah,Tier 2,Married,Masters,Employed Full-Time,21502,1,0,Monthly,Both,Electronics,2,2042,6,1,5.6,YouTube,0,0,18,80,4,6,82,3,0,1,1,0,0,0,7253
49,Female,Other,Sharjah,Tier 2,Married,Diploma,Employed Part-Time,4804,0,0,Weekly,Both,Sports,12,1082,6,0,4.3,LinkedIn,1,0,8,115,6,10,59,0,4,1,0,1,0,0,3488
18,Male,Pakistani,Dubai,Tier 1,Single,Masters,Unemployed,39,0,1,Bi-Weekly,In-Store,Beauty,11,1970,5,1,2.2,TikTok,1,0,15,68,6,2,115,6,4,1,0,1,0,0,2469
22,Male,American,Ajman,Tier 3,Single,Masters,Employed Part-Time,22238,1,0,Bi-Weekly,In-Store,Home and Living,14,873,7,0,4.4,YouTube,0,0,18,163,9,2,2,6,2,1,1,0,0,0,5245
62,Female,Filipino,Dubai,Tier 1,Married,Bachelors,Self-Employed,4384,1,0,Weekly,Online,Beauty,15,728,5,0,1.0,Twitter X,0,1,3,45,7,9,99,4,7,0,1,0,0,1,3140
21,Male,Filipino,Fujairah,Tier 3,Divorced,High School,Self-Employed,15316,1,0,Bi-Weekly,Both,Sports,14,1928,5,1,3.1,LinkedIn,1,0,27,41,9,7,79,0,5,0,1,0,1,1,4455
33,Female,Indian,Dubai,Tier 1,Single,Bachelors,Self-Employed,23638,1,1,Rarely,Online,Food and Dining,12,835,2,1,4.4,Facebook,1,0,14,61,10,10,79,4,1,1,0,0,1,1,7648
41,Male,Indian,Dubai,Tier 1,Married,Masters,Self-Employed,10421,1,0,Weekly,In-Store,Sports,2,1883,1,1,2.2,LinkedIn,0,1,8,76,5,7,108,3,1,1,0,0,0,1,4822
33,Female,Indian,Dubai,Tier 1,Married,Bachelors,Employed Full-Time,23132,1,0,Monthly,Online,Sports,2,1041,6,1,5.5,LinkedIn,1,1,15,143,5,1,116,6,3,1,1,0,1,0,9904
19,Male,Filipino,Abu Dhabi,Tier 1,Married,Masters,Employed Full-Time,17017,1,0,Monthly,Online,Home and Living,1,160,5,1,0.9,Instagram,0,0,25,99,5,0,109,5,5,1,0,0,1,0,6658
45,Male,Emirati,Dubai,Tier 1,Single,Bachelors,Employed Full-Time,11726,0,1,Bi-Weekly,Online,Sports,15,2938,0,1,4.1,YouTube,1,1,23,67,5,0,119,1,8,0,1,0,1,1,6252
49,Male,Other,Abu Dhabi,Tier 1,Married,Bachelors,Employed Full-Time,15199,1,0,Weekly,In-Store,Groceries,10,2300,1,0,5.9,TikTok,1,0,5,2,4,10,98,6,7,1,1,0,0,1,8442
44,Male,Indian,Abu Dhabi,Tier 1,Married,Bachelors,Employed Full-Time,9403,0,0,Bi-Weekly,Both,Groceries,1,1833,1,0,3.7,TikTok,1,0,7,122,6,0,50,6,7,1,1,1,1,0,5609
37,Female,Indian,Sharjah,Tier 2,Single,Bachelors,Employed Full-Time,10151,1,1,Rarely,In-Store,Luxury,1,1138,0,1,7.1,Twitter X,0,0,0,134,1,2,15,4,1,1,0,0,0,0,3259
41,Female,Filipino,Dubai,Tier 1,Married,Bachelors,Student,2705,1,1,Weekly,Both,Electronics,1,1788,2,1,5.2,Facebook,0,0,13,16,2,0,18,7,3,1,1,1,0,1,3234
29,Female,British,Abu Dhabi,Tier 1,Single,Masters,Employed Full-Time,22131,1,0,Bi-Weekly,Both,Sports,11,1234,4,1,7.7,LinkedIn,0,0,3,23,9,7,77,0,5,1,1,1,0,1,4407
52,Male,Emirati,Dubai,Tier 1,Married,Masters,Employed Full-Time,18876,1,0,Rarely,Both,Luxury,12,2511,3,0,2.6,TikTok,1,1,9,95,6,7,38,0,5,1,1,0,0,1,3639
50,Male,Indian,Sharjah,Tier 2,Married,Bachelors,Employed Full-Time,4100,0,0,Monthly,Both,Beauty,15,1718,1,1,7.5,TikTok,0,0,26,114,6,8,8,5,9,0,1,1,1,0,5579
50,Male,Other,Dubai,Tier 1,Married,Masters,Self-Employed,14388,0,1,Monthly,In-Store,Travel,14,2787,7,1,5.1,Instagram,0,0,15,41,10,3,80,7,5,1,0,0,1,0,4347
60,Female,Indian,Ras Al Khaimah,Tier 3,Single,Bachelors,Employed Full-Time,13504,1,1,Rarely,Both,Beauty,1,1778,8,1,6.1,TikTok,1,0,3,158,4,7,20,6,7,1,1,1,1,1,5273
54,Female,Indian,Sharjah,Tier 2,Married,Diploma,Employed Full-Time,14988,0,1,Weekly,In-Store,Fashion,1,2363,7,0,7.3,Facebook,0,0,1,119,5,6,60,6,7,0,1,0,0,0,5208
29,Male,Jordanian,Abu Dhabi,Tier 1,Married,Bachelors,Employed Full-Time,18531,0,0,Monthly,Online,Groceries,6,621,6,0,4.6,TikTok,0,0,1,122,9,3,26,1,6,0,0,0,0,1,3736
20,Male,Emirati,Abu Dhabi,Tier 1,Married,Masters,Student,1919,0,1,Bi-Weekly,Online,Travel,3,254,9,0,7.0,TikTok,0,0,12,55,2,0,35,4,4,0,0,0,1,0,1384
18,Female,Pakistani,Dubai,Tier 1,Married,Bachelors,Unemployed,1628,1,0,Weekly,Online,Food and Dining,14,633,1,1,4.6,Instagram,0,0,10,132,3,10,81,7,5,0,1,1,0,1,4125
50,Female,Indian,Dubai,Tier 1,Married,Bachelors,Unemployed,1156,0,0,Bi-Weekly,Online,Groceries,6,2270,5,1,5.0,Twitter X,0,1,9,110,10,2,26,4,5,1,1,1,1,0,6170
57,Female,Indian,Ajman,Tier 3,Divorced,Bachelors,Employed Full-Time,15693,0,0,Daily,Both,Fashion,8,357,3,1,3.8,Instagram,0,1,24,100,8,7,18,7,2,0,1,0,0,1,3843
27,Female,Indian,Ajman,Tier 3,Married,Bachelors,Employed Part-Time,7167,1,1,Weekly,Both,Fashion,15,499,4,0,1.6,Facebook,1,0,5,28,9,7,44,0,2,1,0,1,1,1,2745
60,Male,Emirati,Dubai,Tier 1,Married,Bachelors,Employed Part-Time,9380,1,0,Weekly,Both,Beauty,17,111,8,1,4.7,TikTok,0,1,6,178,5,1,7,7,6,1,0,0,1,0,2672
61,Male,Indian,Abu Dhabi,Tier 1,Married,Bachelors,Employed Full-Time,17823,1,0,Weekly,In-Store,Home and Living,9,1533,8,1,7.8,Instagram,1,0,26,28,3,6,108,4,5,1,1,0,1,1,7574
46,Female,Emirati,Sharjah,Tier 2,Single,Diploma,Employed Full-Time,15629,1,0,Weekly,Both,Home and Living,16,524,3,1,6.4,LinkedIn,0,1,26,123,1,0,35,1,4,0,0,1,1,0,6126
30,Female,Lebanese,Abu Dhabi,Tier 1,Single,Masters,Employed Full-Time,23778,0,1,Monthly,Online,Luxury,1,1645,7,0,6.1,TikTok,0,0,14,26,2,3,12,7,5,1,1,0,0,0,4206
29,Male,Pakistani,Dubai,Tier 1,Married,Masters,Self-Employed,28287,0,1,Weekly,Both,Sports,16,2183,4,1,5.3,Snapchat,0,0,19,167,4,6,111,4,5,1,0,1,0,0,9980
48,Female,Pakistani,Dubai,Tier 1,Married,Masters,Employed Full-Time,14224,0,0,Bi-Weekly,Both,Fashion,19,2009,8,0,3.1,Facebook,0,0,18,13,4,3,113,7,3,1,1,1,1,1,8707
63,Female,Other,Dubai,Tier 1,Married,Diploma,Employed Full-Time,24797,1,1,Monthly,Both,Groceries,9,1080,1,0,1.8,Facebook,1,0,2,71,5,3,44,4,4,1,1,1,0,1,9923
19,Female,Egyptian,Sharjah,Tier 2,Divorced,Bachelors,Employed Full-Time,14914,1,0,Weekly,In-Store,Luxury,17,2392,3,1,2.2,Facebook,0,1,20,54,9,10,41,1,6,1,0,0,1,1,6375
52,Female,Emirati,Abu Dhabi,Tier 1,Married,Bachelors,Employed Part-Time,4701,1,0,Rarely,In-Store,Home and Living,6,2082,2,0,0.5,Twitter X,1,0,26,13,2,6,54,3,0,1,1,0,0,1,1719
40,Male,Other,Abu Dhabi,Tier 1,Married,Masters,Self-Employed,12401,0,0,Monthly,Online,Fashion,14,2836,6,1,5.6,Snapchat,1,0,13,120,2,0,1,4,9,1,0,0,1,0,5757
34,Male,Indian,Ras Al Khaimah,Tier 3,Married,Masters,Self-Employed,18941,1,1,Weekly,Both,Groceries,18,1592,1,0,6.6,TikTok,0,0,21,59,5,4,25,5,5,0,0,0,1,1,6065
43,Male,Emirati,Abu Dhabi,Tier 1,Single,Bachelors,Self-Employed,10836,1,0,Rarely,Both,Luxury,14,1725,2,1,2.5,Instagram,0,1,29,4,2,5,80,0,4,1,0,1,1,1,3885
25,Female,Lebanese,Ajman,Tier 3,Married,Bachelors,Employed Full-Time,17304,1,1,Monthly,In-Store,Fashion,7,575,8,1,1.2,LinkedIn,1,0,1,80,10,6,15,2,5,0,0,1,0,1,6293
46,Female,Pakistani,Abu Dhabi,Tier 1,Married,Bachelors,Employed Full-Time,14638,1,1,Weekly,Online,Sports,10,83,7,0,3.0,YouTube,1,1,22,60,5,6,75,0,0,1,1,0,0,1,6227
43,Female,Pakistani,Dubai,Tier 1,Married,PhD,Employed Full-Time,47236,1,1,Monthly,Online,Beauty,16,2849,1,1,2.7,TikTok,1,0,15,47,5,6,101,6,3,1,0,0,1,1,9990
27,Male,Indian,Ras Al Khaimah,Tier 3,Single,Bachelors,Unemployed,560,1,0,Monthly,In-Store,Fashion,7,1905,5,0,3.9,Instagram,0,0,22,77,7,1,103,5,7,0,1,1,1,1,5935
43,Female,Filipino,Abu Dhabi,Tier 1,Single,Diploma,Unemployed,1101,0,0,Bi-Weekly,Both,Sports,6,2877,2,0,2.5,Instagram,0,0,16,5,4,5,3,0,3,0,1,0,1,1,4234
51,Female,Indian,Dubai,Tier 1,Single,PhD,Self-Employed,48622,1,1,Monthly,Online,Fashion,6,2735,5,0,3.0,Facebook,1,1,14,36,2,8,45,7,9,1,1,0,0,1,19375
58,Female,Other,Dubai,Tier 1,Married,Masters,Employed Full-Time,16035,0,1,Weekly,Both,Groceries,7,1107,4,1,7.3,Instagram,0,1,29,19,8,6,45,7,7,0,0,0,1,1,2606
24,Female,Indian,Dubai,Tier 1,Single,Bachelors,Employed Full-Time,6551,1,0,Rarely,Online,Fashion,17,2892,9,0,3.0,Twitter X,1,1,28,30,1,6,51,3,7,1,1,0,1,1,7674
21,Female,Other,Abu Dhabi,Tier 1,Married,Bachelors,Employed Full-Time,16550,0,0,Monthly,Online,Sports,8,455,3,0,6.4,YouTube,0,0,12,111,10,1,42,3,1,1,0,0,0,1,3541
62,Male,Filipino,Ajman,Tier 3,Married,High School,Student,2943,1,0,Monthly,Both,Luxury,2,1091,6,0,5.2,YouTube,1,0,28,41,1,6,39,0,5,1,1,0,1,0,2262
28,Male,Jordanian,Ras Al Khaimah,Tier 3,Married,High School,Self-Employed,12534,0,0,Daily,In-Store,Fashion,19,2525,9,1,3.0,Instagram,0,0,28,176,7,8,20,4,6,1,1,1,0,0,7626
46,Male,British,Ras Al Khaimah,Tier 3,Married,Masters,Student,4480,0,0,Bi-Weekly,Both,Luxury,7,342,6,0,6.6,YouTube,1,1,11,28,4,2,117,6,6,1,0,1,1,0,2247
53,Male,British,Dubai,Tier 1,Married,Bachelors,Employed Part-Time,6460,1,1,Monthly,Online,Electronics,12,1976,3,1,5.0,Facebook,0,1,6,31,3,1,87,0,0,1,1,1,1,0,3154
42,Female,Indian,Dubai,Tier 1,Married,High School,Employed Full-Time,15928,0,1,Monthly,Online,Beauty,3,2677,2,1,0.6,Instagram,0,0,28,171,1,5,79,5,3,1,0,0,0,0,8096
38,Female,Indian,Dubai,Tier 1,Married,Bachelors,Employed Full-Time,7255,1,0,Rarely,Online,Beauty,4,2145,3,0,1.0,TikTok,1,0,19,137,8,1,18,7,6,0,1,0,0,1,7041
53,Male,Indian,Ajman,Tier 3,Married,PhD,Employed Full-Time,36164,0,0,Rarely,Online,Home and Living,11,1941,1,0,6.1,Facebook,1,1,19,12,8,0,116,4,5,1,0,0,1,1,14414
27,Male,Jordanian,Dubai,Tier 1,Married,Bachelors,Employed Part-Time,16281,1,1,Bi-Weekly,Both,Fashion,12,2181,3,1,3.8,YouTube,1,0,2,140,4,9,39,1,2,1,0,1,1,0,5349
54,Female,Jordanian,Abu Dhabi,Tier 1,Married,PhD,Employed Full-Time,46786,0,0,Rarely,Online,Electronics,19,656,3,0,3.5,Instagram,0,0,8,42,2,3,99,6,9,0,1,0,1,1,13542
26,Male,Pakistani,Sharjah,Tier 2,Single,Bachelors,Self-Employed,11754,0,1,Daily,Both,Beauty,19,2405,4,1,1.6,Instagram,1,0,2,90,4,8,29,1,9,1,1,1,1,0,6557
41,Male,Indian,Abu Dhabi,Tier 1,Married,Bachelors,Self-Employed,10940,1,0,Weekly,Both,Electronics,11,2349,0,1,1.7,TikTok,0,0,15,16,7,9,20,6,0,1,1,1,0,0,7155
52,Male,Indian,Dubai,Tier 1,Divorced,High School,Employed Full-Time,14722,1,0,Weekly,In-Store,Travel,13,1554,1,0,6.5,YouTube,0,0,19,99,4,2,42,3,4,0,1,0,0,1,4263
52,Male,Egyptian,Fujairah,Tier 3,Single,Bachelors,Employed Full-Time,7632,0,1,Monthly,Both,Fashion,1,229,7,1,6.7,YouTube,1,1,2,178,3,2,79,2,7,1,0,0,0,0,2385
53,Male,Pakistani,Fujairah,Tier 3,Single,Masters,Employed Full-Time,15727,0,1,Rarely,Online,Groceries,6,1383,7,0,4.7,Instagram,1,0,7,132,10,5,96,2,2,1,1,0,1,0,3030
35,Male,Lebanese,Dubai,Tier 1,Single,Bachelors,Self-Employed,4014,0,1,Weekly,Online,Groceries,16,2523,7,0,2.7,TikTok,0,0,7,115,1,5,12,5,4,1,0,0,0,0,5204
56,Male,Other,Abu Dhabi,Tier 1,Married,Bachelors,Employed Full-Time,15581,1,0,Weekly,Both,Beauty,2,2097,4,1,7.5,LinkedIn,1,1,25,13,9,7,112,3,8,0,1,0,1,1,10844
49,Female,Indian,Fujairah,Tier 3,Single,Masters,Employed Full-Time,13616,1,0,Rarely,Online,Luxury,14,2136,7,0,5.2,Facebook,1,1,23,60,5,9,56,1,7,0,1,0,0,1,8611
41,Male,Pakistani,Dubai,Tier 1,Married,Masters,Student,3906,1,0,Bi-Weekly,Both,Beauty,18,865,8,1,6.5,YouTube,0,1,14,28,2,5,115,3,8,1,1,1,1,0,4379
40,Female,Pakistani,Dubai,Tier 1,Single,Masters,Employed Part-Time,33669,1,1,Bi-Weekly,Both,Electronics,17,2722,3,0,0.5,LinkedIn,1,0,4,109,6,7,12,1,4,1,1,0,0,1,9353
49,Male,Indian,Dubai,Tier 1,Single,Bachelors,Employed Full-Time,13971,1,1,Bi-Weekly,Both,Luxury,18,425,3,0,3.9,Instagram,0,1,12,140,2,7,89,4,2,1,1,0,0,0,2237
54,Male,Indian,Abu Dhabi,Tier 1,Married,Bachelors,Self-Employed,22333,1,1,Monthly,Both,Electronics,19,2002,6,0,7.0,Facebook,1,0,14,152,6,6,53,5,8,1,1,0,0,1,6152
29,Female,Emirati,Dubai,Tier 1,Single,Diploma,Self-Employed,12272,1,1,Rarely,In-Store,Home and Living,15,2138,4,1,3.0,Instagram,0,0,6,92,9,4,98,6,3,1,0,1,0,1,7495
30,Male,Other,Dubai,Tier 1,Divorced,PhD,Self-Employed,32092,1,1,Weekly,Both,Luxury,2,1743,9,1,5.9,Twitter X,1,1,11,129,2,3,8,1,0,0,0,0,0,1,3570
40,Male,Pakistani,Dubai,Tier 1,Single,Diploma,Employed Full-Time,12127,1,1,Weekly,Online,Fashion,4,1791,0,1,5.4,Snapchat,0,0,2,162,1,0,58,6,1,0,1,0,1,0,5935
42,Female,Pakistani,Abu Dhabi,Tier 1,Married,Bachelors,Employed Full-Time,13210,0,1,Weekly,Both,Groceries,1,2144,7,1,1.6,YouTube,1,0,7,131,7,5,24,1,7,1,1,0,0,0,6033
52,Female,Other,Fujairah,Tier 3,Single,Masters,Self-Employed,18743,1,0,Daily,Online,Electronics,8,234,3,0,6.3,YouTube,1,1,9,22,8,7,109,1,1,0,0,0,0,1,2076
58,Male,Lebanese,Sharjah,Tier 2,Single,Bachelors,Employed Full-Time,19646,1,0,Bi-Weekly,Both,Luxury,14,121,7,1,1.3,Instagram,0,1,1,85,2,10,61,2,5,1,0,0,1,0,3794
47,Male,Indian,Ajman,Tier 3,Divorced,High School,Self-Employed,22208,1,1,Rarely,Both,Sports,11,2666,1,1,6.0,Instagram,1,1,7,27,4,3,1,7,4,0,1,0,0,1,10249
34,Female,Filipino,Abu Dhabi,Tier 1,Married,Masters,Student,4407,1,0,Monthly,Online,Fashion,14,1824,3,0,7.9,TikTok,1,1,21,149,8,6,89,1,8,1,0,0,0,1,1254
37,Male,Pakistani,Dubai,Tier 1,Single,Masters,Student,776,0,1,Rarely,Online,Groceries,16,623,1,1,7.7,LinkedIn,1,0,17,141,4,2,98,0,7,1,1,0,0,1,2589
42,Female,Lebanese,Dubai,Tier 1,Married,Bachelors,Employed Full-Time,22897,1,1,Rarely,In-Store,Sports,10,2439,4,1,6.5,Twitter X,0,0,11,44,9,4,78,4,0,1,1,0,1,0,13333
39,Female,American,Ras Al Khaimah,Tier 3,Married,High School,Employed Full-Time,14322,0,0,Bi-Weekly,Both,Groceries,7,618,9,0,4.5,YouTube,1,0,21,80,1,6,100,6,2,1,1,1,0,0,4316
30,Female,British,Dubai,Tier 1,Single,Masters,Employed Full-Time,11308,1,1,Bi-Weekly,Both,Fashion,16,1013,9,1,5.6,Snapchat,0,0,26,110,10,10,70,2,4,0,0,0,0,1,6643
36,Male,Indian,Dubai,Tier 1,Single,High School,Self-Employed,12516,0,1,Bi-Weekly,Both,Beauty,4,1316,7,0,6.0,Instagram,0,0,25,24,7,8,45,6,7,0,1,0,1,1,6075
53,Female,Lebanese,Sharjah,Tier 2,Married,High School,Employed Full-Time,23874,1,1,Weekly,Both,Sports,12,2425,6,1,0.6,Instagram,1,1,17,174,3,8,9,0,6,1,1,0,0,1,10923
29,Male,Emirati,Dubai,Tier 1,Divorced,Bachelors,Employed Full-Time,18386,1,1,Bi-Weekly,Online,Groceries,12,2067,4,1,1.3,Instagram,1,0,18,17,10,6,112,2,1,0,0,0,0,1,9115
58,Male,Indian,Dubai,Tier 1,Divorced,High School,Employed Full-Time,17338,0,0,Bi-Weekly,Both,Electronics,2,2055,6,1,5.0,Facebook,0,0,26,5,3,3,1,2,6,1,0,0,0,1,8267
36,Male,Indian,Fujairah,Tier 3,Married,PhD,Employed Full-Time,18709,1,1,Bi-Weekly,In-Store,Luxury,6,202,4,1,0.5,YouTube,0,1,4,38,7,5,73,7,4,0,1,1,1,0,3787
29,Female,Emirati,Ajman,Tier 3,Married,Bachelors,Employed Full-Time,14203,0,1,Bi-Weekly,Online,Fashion,15,1328,6,1,7.3,TikTok,0,0,15,59,6,3,24,0,5,1,0,0,0,1,6300
26,Male,Indian,Dubai,Tier 1,Single,Bachelors,Employed Full-Time,8888,1,0,Weekly,In-Store,Beauty,15,778,3,1,4.2,LinkedIn,1,0,16,155,3,2,60,7,7,1,0,0,1,0,5015
24,Male,Jordanian,Fujairah,Tier 3,Single,PhD,Self-Employed,23834,0,1,Bi-Weekly,Both,Sports,16,1497,3,1,2.4,TikTok,1,0,8,105,2,8,103,7,4,0,1,0,1,1,11210
45,Male,Other,Abu Dhabi,Tier 1,Single,Bachelors,Employed Full-Time,23088,0,1,Weekly,Both,Fashion,3,2329,9,1,3.5,TikTok,0,0,9,96,6,4,82,6,8,1,1,1,0,0,7203
31,Female,Indian,Sharjah,Tier 2,Married,Bachelors,Employed Full-Time,13386,0,0,Weekly,Both,Home and Living,1,1602,3,1,6.9,Snapchat,0,1,18,90,10,7,48,3,0,0,1,0,1,1,6751
48,Female,Indian,Dubai,Tier 1,Married,Masters,Student,3063,1,1,Monthly,Both,Beauty,12,225,7,0,7.5,TikTok,0,0,28,71,7,2,39,5,4,1,0,1,0,0,2249
36,Female,Indian,Dubai,Tier 1,Married,Bachelors,Student,2022,1,0,Weekly,Online,Home and Living,15,2648,0,0,1.4,YouTube,1,1,11,100,9,8,18,5,0,0,0,0,1,0,7035
64,Male,Indian,Abu Dhabi,Tier 1,Married,Bachelors,Employed Full-Time,15267,0,0,Monthly,Both,Home and Living,19,2095,9,0,6.3,TikTok,0,0,0,55,9,0,105,5,0,1,1,0,0,1,2902
33,Male,Emirati,Ajman,Tier 3,Married,Masters,Employed Full-Time,34911,0,1,Weekly,Online,Luxury,6,2240,4,0,4.8,Instagram,1,1,21,71,9,1,92,3,0,1,1,0,0,1,18030
22,Female,Other,Abu Dhabi,Tier 1,Divorced,Masters,Self-Employed,11592,1,1,Bi-Weekly,In-Store,Home and Living,19,2114,9,1,4.9,LinkedIn,1,1,16,171,10,3,52,1,4,1,0,1,0,0,6151
52,Male,Indian,Dubai,Tier 1,Single,Masters,Employed Full-Time,30764,1,1,Bi-Weekly,Online,Fashion,17,298,1,0,6.3,YouTube,0,0,2,91,1,1,2,0,8,1,1,1,0,1,4803
29,Male,Pakistani,Dubai,Tier 1,Married,Diploma,Employed Full-Time,6904,1,0,Weekly,Both,Electronics,9,850,9,0,2.2,Facebook,0,1,6,166,4,8,101,1,1,1,1,1,0,0,3835
42,Female,Emirati,Ajman,Tier 3,Married,Masters,Employed Full-Time,16097,0,1,Bi-Weekly,Online,Electronics,13,1049,3,1,4.5,Instagram,1,1,19,112,4,6,105,5,5,1,1,0,0,1,7280
38,Female,Jordanian,Dubai,Tier 1,Single,Masters,Employed Full-Time,16458,1,0,Monthly,Online,Travel,15,2243,4,1,2.9,Instagram,0,0,8,88,10,1,36,3,4,0,0,0,1,1,5659
53,Female,American,Abu Dhabi,Tier 1,Divorced,Masters,Employed Part-Time,19151,1,0,Weekly,In-Store,Food and Dining,16,975,7,1,1.2,Instagram,1,0,22,61,8,10,48,0,6,1,1,0,0,1,5116
40,Female,Other,Dubai,Tier 1,Married,High School,Student,2221,0,0,Weekly,Online,Electronics,13,2824,1,1,1.3,Instagram,1,1,4,173,3,10,117,7,6,1,1,0,1,0,2435
33,Female,Lebanese,Dubai,Tier 1,Single,Bachelors,Self-Employed,24700,0,0,Bi-Weekly,Online,Beauty,2,2262,1,1,1.5,YouTube,0,0,8,108,1,3,88,0,2,0,1,1,1,0,10441
56,Male,Indian,Abu Dhabi,Tier 1,Single,Masters,Employed Full-Time,16488,0,0,Weekly,In-Store,Fashion,2,1184,1,0,5.1,Instagram,1,0,18,157,3,5,35,0,5,0,0,0,1,0,6584
62,Female,Indian,Sharjah,Tier 2,Married,Bachelors,Employed Full-Time,23108,1,0,Monthly,Online,Food and Dining,11,696,7,0,1.3,TikTok,1,1,10,34,6,1,70,7,2,1,1,1,1,1,4630
59,Female,British,Dubai,Tier 1,Married,Bachelors,Employed Part-Time,12121,1,1,Monthly,Online,Fashion,16,2765,2,1,4.8,Facebook,1,0,13,149,7,8,81,1,1,1,1,0,1,0,5421
56,Male,Indian,Dubai,Tier 1,Divorced,Bachelors,Employed Full-Time,22642,0,0,Weekly,Online,Beauty,17,403,4,0,4.9,LinkedIn,0,0,13,45,9,2,94,2,4,1,1,0,1,1,7459
31,Female,Filipino,Sharjah,Tier 2,Single,Bachelors,Employed Full-Time,24246,0,0,Bi-Weekly,Online,Fashion,3,1347,1,1,7.3,Instagram,1,0,7,129,5,1,115,2,3,1,0,1,0,1,7294
48,Female,Emirati,Dubai,Tier 1,Single,Bachelors,Self-Employed,7646,0,1,Bi-Weekly,In-Store,Groceries,1,992,5,0,5.2,TikTok,0,0,23,138,5,3,72,5,3,1,1,1,1,1,5145
22,Female,Emirati,Abu Dhabi,Tier 1,Single,Masters,Student,4441,0,1,Bi-Weekly,Both,Fashion,18,1352,9,0,7.9,Instagram,0,1,19,94,3,4,42,2,3,0,1,0,1,0,4400
52,Female,Filipino,Fujairah,Tier 3,Single,PhD,Employed Full-Time,43259,1,0,Weekly,In-Store,Beauty,14,575,5,0,0.7,Instagram,1,1,0,28,3,3,74,6,7,1,1,0,0,1,9549
40,Female,Filipino,Dubai,Tier 1,Single,Masters,Student,933,0,1,Bi-Weekly,Online,Groceries,9,1608,1,0,5.8,TikTok,0,0,3,106,9,2,80,0,0,1,0,0,1,1,3015
46,Female,American,Ras Al Khaimah,Tier 3,Married,Masters,Employed Full-Time,19260,1,1,Daily,In-Store,Groceries,9,559,3,1,0.7,Snapchat,0,1,15,30,3,2,38,3,2,1,0,0,1,1,3673
60,Male,Indian,Dubai,Tier 1,Single,Bachelors,Employed Full-Time,21655,1,1,Weekly,In-Store,Electronics,12,1587,1,0,6.0,Instagram,0,0,24,28,3,2,26,7,8,1,0,0,0,1,6510
28,Female,Filipino,Abu Dhabi,Tier 1,Married,Bachelors,Employed Full-Time,12989,0,0,Bi-Weekly,In-Store,Beauty,3,227,9,0,3.4,TikTok,1,1,25,157,9,2,31,1,2,0,1,1,0,1,4388
35,Male,Indian,Dubai,Tier 1,Single,Bachelors,Self-Employed,15326,1,1,Weekly,Online,Travel,2,2426,3,0,5.1,Instagram,1,1,0,31,4,5,52,1,0,0,1,1,0,1,5341
64,Male,Emirati,Fujairah,Tier 3,Single,Bachelors,Self-Employed,7463,1,0,Weekly,Online,Sports,1,850,6,0,2.8,YouTube,0,1,18,107,6,3,60,3,4,1,1,0,1,1,2946
29,Male,Pakistani,Dubai,Tier 1,Married,High School,Self-Employed,18388,1,1,Weekly,Online,Sports,9,2785,4,0,1.7,Snapchat,1,0,23,83,1,6,8,2,3,1,1,1,0,1,4022
26,Male,Indian,Dubai,Tier 1,Married,Bachelors,Employed Full-Time,18075,1,1,Weekly,Online,Groceries,13,1469,9,0,5.9,LinkedIn,1,0,2,109,2,6,61,5,9,1,0,0,1,0,8426
27,Male,Indian,Fujairah,Tier 3,Married,Masters,Employed Full-Time,13435,0,1,Daily,Online,Sports,16,987,3,0,7.3,Instagram,0,1,1,31,3,3,35,4,7,1,1,0,1,0,5458
61,Female,Indian,Abu Dhabi,Tier 1,Married,Bachelors,Employed Part-Time,8941,0,0,Weekly,In-Store,Beauty,19,2070,9,0,1.9,Twitter X,1,0,16,41,2,0,34,3,8,1,1,0,0,0,6740
34,Female,Indian,Abu Dhabi,Tier 1,Single,Diploma,Employed Full-Time,20010,1,0,Weekly,In-Store,Fashion,10,2832,9,1,7.4,TikTok,0,1,24,64,10,8,10,2,9,0,0,0,0,1,13089
55,Female,Emirati,Dubai,Tier 1,Married,Bachelors,Employed Full-Time,4897,1,0,Monthly,Both,Groceries,5,2394,2,1,1.6,Instagram,0,1,10,122,3,6,40,0,4,1,0,0,1,0,5913
24,Male,Emirati,Sharjah,Tier 2,Single,Bachelors,Unemployed,1486,1,0,Daily,In-Store,Electronics,14,2024,5,0,6.0,Twitter X,0,1,25,170,5,5,108,3,0,0,0,1,0,1,3096
63,Female,Indian,Dubai,Tier 1,Married,Bachelors,Self-Employed,4605,1,1,Monthly,In-Store,Electronics,15,1568,1,1,7.7,Twitter X,0,0,2,44,1,4,52,7,3,1,0,0,0,0,3377
30,Female,Emirati,Dubai,Tier 1,Single,Masters,Employed Full-Time,17444,0,0,Weekly,Online,Electronics,3,2719,3,0,1.6,YouTube,0,0,6,159,1,8,12,2,2,1,1,0,1,0,8229
57,Female,Egyptian,Abu Dhabi,Tier 1,Married,Bachelors,Employed Full-Time,8547,1,1,Monthly,Online,Fashion,9,1308,7,1,3.8,Twitter X,0,0,9,116,7,8,105,1,5,1,0,1,1,1,5098
59,Male,Indian,Dubai,Tier 1,Single,High School,Employed Full-Time,12652,0,1,Daily,In-Store,Groceries,1,1292,1,1,3.0,Instagram,0,1,2,139,9,9,27,4,1,0,1,1,0,0,6260
26,Male,Indian,Ras Al Khaimah,Tier 3,Married,Bachelors,Self-Employed,21158,1,0,Rarely,In-Store,Sports,1,1290,8,0,3.4,TikTok,1,0,28,36,9,10,19,4,4,1,1,0,1,1,7898
44,Male,Indian,Ajman,Tier 3,Married,PhD,Student,2271,1,0,Monthly,Both,Beauty,19,2803,1,1,6.1,TikTok,0,0,7,108,7,5,57,4,7,1,1,0,0,1,6650
19,Male,Egyptian,Sharjah,Tier 2,Married,Bachelors,Self-Employed,20333,1,1,Weekly,Both,Travel,6,1748,7,1,5.5,Instagram,0,1,24,32,2,7,90,7,4,1,1,0,0,0,9086
22,Male,Other,Sharjah,Tier 2,Married,PhD,Employed Full-Time,31333,1,0,Weekly,Online,Fashion,11,2725,7,1,7.8,Twitter X,0,1,27,104,7,6,54,2,4,1,1,1,1,1,15132
46,Female,American,Abu Dhabi,Tier 1,Divorced,Masters,Employed Full-Time,27371,0,0,Bi-Weekly,Online,Fashion,18,1913,6,0,1.9,Snapchat,0,0,23,167,9,0,15,2,7,1,1,0,0,1,6111
54,Male,American,Dubai,Tier 1,Married,High School,Unemployed,1505,1,1,Rarely,In-Store,Food and Dining,14,2770,9,0,4.6,YouTube,1,1,4,67,7,1,95,7,4,1,0,1,0,0,4244
55,Male,Pakistani,Sharjah,Tier 2,Single,Masters,Unemployed,1722,1,1,Bi-Weekly,In-Store,Groceries,16,469,5,0,3.9,Snapchat,1,0,26,92,2,8,110,0,3,0,0,0,0,1,961
36,Male,British,Dubai,Tier 1,Single,Bachelors,Employed Full-Time,14886,0,0,Bi-Weekly,Online,Luxury,1,702,0,1,7.4,Snapchat,1,1,9,25,7,9,37,4,9,1,0,0,1,1,4249
25,Male,Filipino,Dubai,Tier 1,Married,Bachelors,Employed Full-Time,19930,1,0,Weekly,In-Store,Beauty,10,2921,1,0,0.6,Instagram,1,0,11,28,4,3,61,6,8,0,0,0,1,0,8757
62,Male,Indian,Sharjah,Tier 2,Married,Masters,Employed Full-Time,14434,1,1,Weekly,Online,Beauty,10,2810,6,1,7.9,Instagram,1,1,17,147,8,10,18,1,1,0,0,1,0,0,3102
18,Male,Indian,Abu Dhabi,Tier 1,Single,Masters,Student,3518,0,0,Weekly,In-Store,Fashion,13,2964,3,1,4.1,LinkedIn,0,1,5,157,3,2,93,7,0,1,1,1,0,0,3206
39,Male,Indian,Ajman,Tier 3,Single,Bachelors,Self-Employed,9378,1,1,Weekly,Online,Travel,1,863,8,1,5.2,YouTube,0,0,7,178,5,1,44,5,3,1,1,1,0,0,4789
34,Female,Other,Dubai,Tier 1,Divorced,PhD,Self-Employed,33735,0,1,Daily,In-Store,Electronics,3,917,2,1,3.2,TikTok,1,0,17,19,3,7,91,4,9,1,1,0,0,1,8550
24,Female,Filipino,Abu Dhabi,Tier 1,Single,Masters,Employed Full-Time,24161,1,0,Daily,Both,Fashion,14,162,3,1,6.9,Twitter X,0,0,5,56,7,6,102,3,2,1,1,1,0,1,7405
42,Male,American,Dubai,Tier 1,Married,PhD,Employed Full-Time,32673,1,1,Monthly,Both,Sports,16,223,2,1,4.7,Snapchat,1,1,22,146,3,8,84,3,8,1,0,1,0,1,6707
62,Male,Indian,Abu Dhabi,Tier 1,Single,Bachelors,Employed Full-Time,18176,1,0,Monthly,Both,Beauty,6,1060,6,1,5.5,YouTube,0,1,29,173,10,2,21,1,2,0,1,0,1,1,8993
21,Female,Pakistani,Sharjah,Tier 2,Married,PhD,Student,4346,1,0,Weekly,In-Store,Travel,1,2171,1,0,5.4,Instagram,0,0,8,113,5,0,29,7,2,1,1,0,1,0,3982
53,Male,Indian,Abu Dhabi,Tier 1,Single,Bachelors,Employed Full-Time,7727,1,0,Monthly,In-Store,Electronics,5,686,9,1,3.2,Snapchat,0,0,15,88,1,8,107,2,9,1,1,0,0,1,2789
23,Male,Indian,Dubai,Tier 1,Married,High School,Self-Employed,24380,1,0,Weekly,In-Store,Home and Living,8,1609,1,0,1.1,TikTok,1,0,10,102,4,4,15,5,6,1,1,0,1,1,9668
48,Female,Jordanian,Dubai,Tier 1,Single,Masters,Employed Full-Time,12815,0,0,Weekly,Online,Beauty,12,81,1,0,6.6,Snapchat,0,0,24,126,6,4,86,6,1,0,0,1,0,0,1978
36,Male,Filipino,Dubai,Tier 1,Married,Masters,Student,4214,0,0,Monthly,Online,Fashion,1,546,3,1,2.7,Instagram,0,0,29,82,2,2,87,4,7,1,1,0,0,1,2465
61,Female,Indian,Abu Dhabi,Tier 1,Married,Bachelors,Self-Employed,19468,1,1,Monthly,Online,Sports,13,2292,7,1,6.9,TikTok,0,0,1,41,6,7,68,5,5,1,0,0,1,0,7195
56,Female,Lebanese,Ras Al Khaimah,Tier 3,Married,Bachelors,Employed Full-Time,8345,1,0,Monthly,Both,Groceries,9,577,7,0,5.1,Snapchat,0,1,16,126,10,7,88,3,8,1,0,0,1,1,3301
44,Male,Indian,Dubai,Tier 1,Married,High School,Student,3617,1,1,Daily,In-Store,Beauty,8,2538,7,0,3.2,Instagram,1,0,12,13,7,0,64,1,7,1,1,1,0,1,6638
27,Male,Other,Sharjah,Tier 2,Married,Bachelors,Employed Full-Time,17052,0,1,Weekly,Online,Food and Dining,13,1562,7,0,5.0,Facebook,1,0,6,99,8,3,14,6,3,0,0,1,1,0,5408
43,Female,Indian,Ajman,Tier 3,Single,Bachelors,Employed Full-Time,23098,1,0,Bi-Weekly,Both,Beauty,2,1570,6,0,5.3,Facebook,1,0,21,83,3,5,37,6,7,1,0,1,1,1,5967
36,Male,Indian,Abu Dhabi,Tier 1,Married,Bachelors,Employed Full-Time,11046,1,1,Weekly,In-Store,Luxury,15,2821,5,1,5.8,LinkedIn,0,1,9,24,10,8,119,0,3,1,1,0,0,1,7880
56,Male,Indian,Abu Dhabi,Tier 1,Single,Bachelors,Student,3029,1,1,Daily,Both,Luxury,14,1693,6,1,6.7,TikTok,0,1,25,161,3,1,54,3,4,1,0,0,1,1,2039
20,Female,Indian,Sharjah,Tier 2,Married,Diploma,Student,1423,0,0,Bi-Weekly,In-Store,Home and Living,19,73,4,0,1.7,Instagram,1,0,12,97,5,6,59,3,9,0,1,0,1,0,2279
62,Female,Indian,Dubai,Tier 1,Single,Bachelors,Employed Full-Time,13853,1,1,Weekly,Online,Travel,9,2387,7,0,7.6,TikTok,1,0,9,73,3,9,59,4,6,1,0,0,0,0,3955
30,Male,Egyptian,Dubai,Tier 1,Single,Masters,Self-Employed,11759,1,0,Weekly,Online,Fashion,19,2993,1,0,3.6,Instagram,0,0,27,3,9,0,85,2,5,1,1,0,1,1,6978
45,Female,Other,Dubai,Tier 1,Single,PhD,Self-Employed,33989,1,1,Weekly,Both,Luxury,14,2405,4,0,7.0,Facebook,0,0,3,3,7,9,55,3,4,0,0,1,0,1,12380
37,Male,Lebanese,Fujairah,Tier 3,Married,Bachelors,Self-Employed,19498,0,0,Daily,Online,Groceries,8,353,6,1,2.2,Instagram,1,0,26,30,5,3,43,3,1,1,1,1,1,1,5697
45,Female,Indian,Ras Al Khaimah,Tier 3,Married,High School,Employed Full-Time,11684,0,1,Weekly,In-Store,Luxury,5,680,8,0,0.7,TikTok,1,1,10,146,5,9,52,6,4,1,0,0,0,1,4731
25,Female,Filipino,Sharjah,Tier 2,Married,High School,Employed Full-Time,19543,0,0,Bi-Weekly,In-Store,Beauty,7,1766,9,0,4.8,Instagram,0,1,8,171,1,10,39,4,9,1,1,0,1,0,8949
58,Female,Emirati,Dubai,Tier 1,Single,Masters,Self-Employed,23667,0,1,Weekly,Both,Travel,4,87,0,1,2.9,Instagram,1,0,15,66,9,6,77,2,6,1,1,0,1,1,7911
56,Male,Emirati,Abu Dhabi,Tier 1,Single,Bachelors,Employed Full-Time,10505,1,0,Monthly,In-Store,Travel,8,2483,8,1,7.9,YouTube,0,0,16,27,2,2,19,7,5,1,0,0,0,1,7006
18,Female,Egyptian,Dubai,Tier 1,Married,Bachelors,Employed Full-Time,10387,1,1,Weekly,In-Store,Home and Living,4,794,2,0,1.3,YouTube,0,0,22,100,7,2,56,5,5,0,0,0,0,0,4794
20,Male,Filipino,Dubai,Tier 1,Married,Bachelors,Self-Employed,15291,0,1,Monthly,Online,Beauty,1,1654,0,0,0.9,Snapchat,0,0,4,105,7,3,90,0,4,1,0,0,1,0,4068
30,Female,Emirati,Abu Dhabi,Tier 1,Single,Bachelors,Employed Full-Time,16806,1,1,Bi-Weekly,Both,Luxury,8,131,6,1,0.8,Instagram,0,0,4,110,2,7,36,5,8,1,1,0,1,0,4553
45,Male,Emirati,Fujairah,Tier 3,Married,Bachelors,Unemployed,669,1,0,Weekly,In-Store,Fashion,7,1191,2,1,2.1,YouTube,1,1,5,19,8,2,52,6,0,1,0,1,1,1,2044
42,Male,Other,Ajman,Tier 3,Single,Diploma,Employed Full-Time,6610,0,0,Weekly,Online,Electronics,11,1894,7,1,4.8,YouTube,0,0,1,16,8,7,44,0,3,0,0,0,0,1,4801
50,Male,Emirati,Sharjah,Tier 2,Married,Bachelors,Unemployed,520,0,1,Weekly,In-Store,Groceries,16,99,1,1,4.3,LinkedIn,0,1,26,26,9,9,46,0,6,1,1,0,0,1,1368
55,Female,Pakistani,Dubai,Tier 1,Married,PhD,Employed Full-Time,32752,0,0,Bi-Weekly,Online,Beauty,17,2766,3,1,3.1,Snapchat,1,1,13,14,2,8,97,0,0,1,0,0,1,1,13232
23,Female,Pakistani,Dubai,Tier 1,Married,Diploma,Employed Full-Time,8804,0,0,Weekly,Online,Fashion,5,2171,1,0,1.2,Instagram,1,0,10,47,1,7,40,2,3,0,1,1,1,0,5367
61,Male,Indian,Dubai,Tier 1,Married,Bachelors,Employed Full-Time,5290,1,1,Bi-Weekly,In-Store,Groceries,7,2792,3,0,2.3,Instagram,0,0,18,146,9,7,80,0,5,0,0,0,0,1,2600
62,Male,Indian,Sharjah,Tier 2,Single,Bachelors,Self-Employed,14227,0,1,Bi-Weekly,Both,Electronics,10,1179,0,0,1.9,LinkedIn,0,0,10,156,3,8,53,4,9,1,1,0,0,1,2471
49,Female,Indian,Sharjah,Tier 2,Married,Masters,Self-Employed,12092,1,1,Monthly,In-Store,Fashion,13,1672,9,0,6.1,LinkedIn,1,0,24,111,10,3,57,7,7,1,1,1,1,1,5154
62,Male,Lebanese,Dubai,Tier 1,Married,Masters,Employed Full-Time,29351,0,1,Bi-Weekly,In-Store,Fashion,15,2781,4,0,6.3,TikTok,1,1,19,147,2,2,19,4,6,1,0,0,1,1,8266
64,Male,Pakistani,Dubai,Tier 1,Single,Bachelors,Employed Full-Time,10511,1,1,Weekly,In-Store,Fashion,6,1837,2,0,6.3,TikTok,0,1,5,30,10,7,101,7,8,1,1,1,0,1,5532
38,Female,Egyptian,Dubai,Tier 1,Married,Diploma,Employed Part-Time,12197,1,1,Monthly,Both,Fashion,2,2453,8,1,7.8,Facebook,1,1,12,105,2,0,78,4,6,1,0,0,0,0,7172
33,Female,Other,Dubai,Tier 1,Divorced,High School,Employed Full-Time,12714,0,1,Monthly,In-Store,Beauty,4,1729,3,1,7.1,Twitter X,0,1,28,149,2,9,44,6,2,1,0,0,1,0,5584
38,Female,Lebanese,Abu Dhabi,Tier 1,Married,Bachelors,Self-Employed,10672,1,0,Rarely,Online,Fashion,14,1063,5,1,4.2,Facebook,0,1,18,149,8,0,108,0,9,1,1,0,1,0,7831
28,Male,Pakistani,Dubai,Tier 1,Single,Bachelors,Employed Full-Time,23727,0,0,Weekly,Online,Food and Dining,15,2282,8,0,3.6,Snapchat,0,1,2,48,3,3,94,4,3,1,1,0,0,0,7551
54,Male,Pakistani,Abu Dhabi,Tier 1,Married,Bachelors,Employed Part-Time,20449,1,0,Monthly,Online,Beauty,14,203,1,0,7.4,Instagram,0,0,24,158,1,9,95,6,2,0,1,0,0,0,4558
53,Female,Egyptian,Ajman,Tier 3,Married,High School,Self-Employed,23794,1,1,Monthly,Both,Electronics,4,2951,6,0,5.1,Instagram,0,1,15,42,8,2,20,4,8,0,1,0,0,1,11491
52,Female,Egyptian,Abu Dhabi,Tier 1,Single,Bachelors,Unemployed,1712,1,1,Bi-Weekly,Both,Fashion,6,2215,2,0,2.7,Facebook,0,0,8,165,2,9,44,1,7,1,1,0,1,1,4517
36,Female,Pakistani,Dubai,Tier 1,Married,High School,Self-Employed,16785,1,1,Bi-Weekly,Online,Sports,7,2364,0,0,4.7,Twitter X,1,0,28,41,6,1,43,0,9,1,1,0,0,1,6293
37,Female,Egyptian,Dubai,Tier 1,Married,Masters,Employed Full-Time,18137,1,1,Rarely,In-Store,Electronics,13,2934,8,0,7.9,Instagram,0,0,2,174,8,8,111,4,8,0,1,1,0,1,10396
35,Male,Emirati,Abu Dhabi,Tier 1,Married,PhD,Employed Full-Time,34513,1,0,Rarely,Both,Food and Dining,17,2352,8,1,6.9,Instagram,0,0,18,96,10,4,7,7,9,1,0,1,1,1,17548
64,Female,Pakistani,Dubai,Tier 1,Single,Masters,Employed Part-Time,11265,0,0,Bi-Weekly,Online,Groceries,17,220,3,0,2.6,Facebook,0,0,14,94,9,2,42,7,9,1,1,0,1,0,2799
58,Male,Indian,Dubai,Tier 1,Married,Masters,Employed Full-Time,12983,1,1,Weekly,In-Store,Beauty,4,666,8,0,7.6,TikTok,0,1,21,88,1,8,62,5,1,0,1,0,1,0,2231
31,Male,Indian,Abu Dhabi,Tier 1,Married,Bachelors,Student,2390,1,1,Monthly,Online,Food and Dining,19,597,6,0,7.9,Snapchat,0,0,12,1,9,7,101,2,4,1,1,1,0,1,1917
32,Female,Emirati,Abu Dhabi,Tier 1,Married,Bachelors,Self-Employed,10673,0,0,Weekly,In-Store,Beauty,13,1258,3,1,2.2,Snapchat,1,0,16,54,8,3,111,4,4,1,1,0,0,1,6385
48,Male,Egyptian,Sharjah,Tier 2,Married,High School,Employed Full-Time,5742,1,0,Weekly,Both,Food and Dining,9,1975,1,0,7.2,Twitter X,0,1,29,116,6,9,2,7,6,0,1,1,0,1,3266
18,Male,Filipino,Dubai,Tier 1,Single,Bachelors,Employed Full-Time,9720,1,1,Rarely,Both,Travel,2,2799,4,1,7.1,Twitter X,1,0,20,35,5,4,86,1,3,1,0,1,0,1,5782
20,Female,Indian,Sharjah,Tier 2,Single,Bachelors,Employed Full-Time,7509,0,1,Monthly,In-Store,Food and Dining,18,2764,7,0,0.8,TikTok,0,0,24,144,6,10,77,2,3,1,1,0,0,0,4798
33,Male,Pakistani,Dubai,Tier 1,Married,Masters,Employed Full-Time,18030,0,0,Rarely,In-Store,Luxury,17,2990,9,0,5.5,Snapchat,1,1,24,5,2,4,46,7,7,0,1,0,1,1,10881
40,Female,Pakistani,Dubai,Tier 1,Single,PhD,Employed Full-Time,41082,0,1,Bi-Weekly,In-Store,Fashion,7,2507,9,1,2.8,Instagram,1,0,7,159,3,7,116,2,0,1,1,0,1,0,13935
28,Male,Indian,Abu Dhabi,Tier 1,Married,Bachelors,Employed Part-Time,18685,0,0,Bi-Weekly,Online,Groceries,17,2836,5,1,5.6,LinkedIn,0,0,21,109,9,6,38,5,5,1,1,1,1,1,12104
29,Female,Egyptian,Abu Dhabi,Tier 1,Single,Masters,Employed Full-Time,20652,1,0,Rarely,Online,Groceries,10,1661,4,0,7.4,LinkedIn,0,0,13,37,3,2,95,6,8,0,0,0,1,1,6199
27,Male,Lebanese,Ras Al Khaimah,Tier 3,Married,High School,Employed Full-Time,9585,0,0,Weekly,Both,Food and Dining,14,195,3,0,4.2,TikTok,0,1,8,119,10,5,1,6,1,1,1,1,0,0,2378
49,Male,Lebanese,Sharjah,Tier 2,Married,Bachelors,Employed Full-Time,12554,0,1,Monthly,Online,Groceries,12,2587,5,0,3.6,Instagram,1,0,2,153,7,5,47,5,4,1,1,1,1,1,6711
33,Female,Egyptian,Ras Al Khaimah,Tier 3,Divorced,Masters,Employed Full-Time,13523,0,1,Bi-Weekly,In-Store,Electronics,12,311,2,0,7.4,Instagram,0,1,28,107,4,1,107,6,9,1,1,1,0,1,2486
25,Female,Filipino,Ajman,Tier 3,Single,Bachelors,Employed Full-Time,5634,1,1,Weekly,In-Store,Luxury,17,1199,1,0,7.8,Snapchat,0,0,8,113,9,0,13,5,9,1,0,0,0,0,2824
55,Male,Emirati,Abu Dhabi,Tier 1,Single,Bachelors,Self-Employed,20908,0,1,Daily,Both,Groceries,19,1677,0,1,1.0,Instagram,0,0,23,153,4,6,60,6,8,0,1,0,0,1,4240
29,Male,Indian,Abu Dhabi,Tier 1,Single,Masters,Employed Full-Time,15424,1,0,Weekly,Both,Home and Living,14,394,8,0,7.4,Facebook,0,0,11,67,10,2,81,3,3,0,1,1,0,1,3237
41,Female,Emirati,Abu Dhabi,Tier 1,Married,Masters,Employed Part-Time,34766,0,0,Bi-Weekly,In-Store,Food and Dining,17,2048,0,0,1.1,Facebook,0,1,14,38,10,4,64,7,8,1,1,1,1,1,11706
45,Female,Other,Fujairah,Tier 3,Single,PhD,Employed Part-Time,26312,1,1,Weekly,In-Store,Home and Living,15,2976,3,0,3.0,Snapchat,1,1,16,176,6,7,68,7,7,1,0,0,1,1,13540
25,Female,Indian,Sharjah,Tier 2,Single,Masters,Unemployed,178,0,1,Bi-Weekly,Both,Home and Living,6,1181,5,1,6.2,LinkedIn,0,1,8,130,2,4,55,7,8,1,1,0,0,0,2107
45,Female,Indian,Dubai,Tier 1,Single,Diploma,Employed Full-Time,5067,1,1,Bi-Weekly,Both,Home and Living,19,2042,8,1,6.3,TikTok,0,0,23,148,7,10,107,1,1,1,1,1,1,1,3959
53,Male,Other,Sharjah,Tier 2,Married,Bachelors,Employed Full-Time,10438,1,1,Monthly,Both,Home and Living,6,1630,3,1,5.9,LinkedIn,0,1,7,86,3,4,31,6,9,1,0,0,1,0,6807
43,Male,Other,Dubai,Tier 1,Single,High School,Employed Full-Time,21803,0,1,Daily,In-Store,Fashion,6,563,6,0,0.8,Instagram,1,0,5,11,1,4,119,1,4,1,1,0,0,1,2721
25,Female,Lebanese,Abu Dhabi,Tier 1,Single,Bachelors,Employed Full-Time,11271,1,1,Monthly,In-Store,Beauty,4,994,6,1,1.5,Instagram,0,1,8,119,7,10,97,4,9,0,0,0,0,1,5559
45,Male,Emirati,Dubai,Tier 1,Single,High School,Student,3415,0,0,Daily,Both,Electronics,1,762,5,1,7.5,TikTok,0,0,14,82,5,6,14,6,8,1,1,0,1,0,3278
45,Male,Emirati,Sharjah,Tier 2,Married,Bachelors,Self-Employed,15828,1,1,Daily,Both,Home and Living,19,264,8,1,1.1,Snapchat,1,1,23,159,7,1,85,1,4,0,1,1,1,1,4248
54,Female,Indian,Ajman,Tier 3,Married,Masters,Self-Employed,13139,0,1,Weekly,Online,Home and Living,11,1700,9,1,1.1,Instagram,1,1,17,35,1,0,86,2,3,1,0,0,1,0,6485
58,Female,Indian,Dubai,Tier 1,Married,Bachelors,Employed Full-Time,24386,1,1,Monthly,Online,Fashion,7,1392,6,0,6.8,Snapchat,0,0,21,172,5,10,5,2,7,0,1,1,0,1,10908
53,Female,Emirati,Dubai,Tier 1,Divorced,Bachelors,Self-Employed,21013,1,1,Daily,Both,Beauty,2,653,2,0,5.3,TikTok,0,0,27,45,2,3,119,4,5,0,0,0,0,1,3053
44,Female,Pakistani,Dubai,Tier 1,Divorced,PhD,Employed Full-Time,38763,1,1,Daily,In-Store,Beauty,4,2935,5,0,3.1,LinkedIn,0,0,10,149,1,4,54,7,1,1,0,1,1,0,13944
34,Female,Other,Abu Dhabi,Tier 1,Single,High School,Employed Part-Time,5834,0,0,Weekly,In-Store,Fashion,6,821,6,1,1.7,Snapchat,0,0,23,148,6,6,53,2,7,1,1,1,0,1,2991
26,Male,Indian,Dubai,Tier 1,Married,Bachelors,Employed Part-Time,24515,0,0,Rarely,Online,Fashion,5,719,6,1,7.1,Snapchat,0,0,13,9,5,0,37,6,4,1,1,1,0,1,9423
50,Male,Egyptian,Dubai,Tier 1,Married,Masters,Employed Full-Time,25303,1,1,Rarely,In-Store,Luxury,9,1130,5,0,7.9,YouTube,0,1,12,95,4,8,96,4,6,1,1,0,0,1,6248
37,Male,Egyptian,Dubai,Tier 1,Married,Masters,Employed Full-Time,26667,1,0,Weekly,Both,Sports,11,608,2,1,0.9,Twitter X,1,1,12,137,1,10,57,5,3,1,1,0,1,0,5831
30,Male,Indian,Abu Dhabi,Tier 1,Married,Bachelors,Self-Employed,17878,1,1,Weekly,In-Store,Beauty,18,1475,5,0,4.7,TikTok,1,0,21,161,5,9,3,3,8,1,1,1,1,1,5657
45,Female,Egyptian,Dubai,Tier 1,Married,High School,Employed Full-Time,23439,0,1,Rarely,Online,Sports,17,2319,1,1,2.5,TikTok,0,0,12,1,7,3,105,1,1,1,0,1,0,1,9602
46,Male,Indian,Sharjah,Tier 2,Married,Bachelors,Employed Full-Time,15132,0,0,Weekly,Online,Beauty,13,524,9,1,6.7,Facebook,0,0,29,3,1,5,77,1,9,1,1,1,0,1,5721
30,Male,Indian,Dubai,Tier 1,Married,High School,Employed Full-Time,12203,1,1,Weekly,Both,Travel,17,1181,0,1,3.1,Instagram,0,0,26,167,4,10,11,1,8,1,1,1,0,1,5729
63,Male,British,Abu Dhabi,Tier 1,Single,High School,Employed Full-Time,14322,1,1,Weekly,Both,Groceries,10,912,7,0,5.9,Instagram,0,1,24,140,6,0,114,3,3,0,1,0,0,1,5684
52,Male,Indian,Dubai,Tier 1,Single,Masters,Self-Employed,18794,1,1,Rarely,Both,Food and Dining,18,861,2,1,4.5,TikTok,0,0,15,94,8,8,42,1,5,1,1,0,1,1,9352
23,Male,Other,Abu Dhabi,Tier 1,Single,Bachelors,Employed Part-Time,7157,0,1,Monthly,Both,Beauty,17,2277,7,0,4.6,Twitter X,1,0,11,144,7,3,55,5,4,1,0,0,0,0,5851
35,Male,Indian,Dubai,Tier 1,Single,Bachelors,Self-Employed,13626,1,1,Weekly,In-Store,Beauty,12,226,2,0,6.9,Instagram,0,0,20,178,7,4,38,3,2,1,1,0,0,1,5845
22,Male,Filipino,Sharjah,Tier 2,Married,Bachelors,Employed Full-Time,21340,0,1,Daily,Both,Sports,15,536,1,1,4.0,Instagram,0,0,23,88,8,7,24,3,6,1,1,0,1,1,5620
64,Male,Pakistani,Ras Al Khaimah,Tier 3,Single,Diploma,Self-Employed,24242,1,1,Rarely,Both,Groceries,19,2511,7,1,6.8,Instagram,0,1,25,27,7,5,9,4,3,1,0,0,0,1,7016
42,Male,Indian,Ras Al Khaimah,Tier 3,Single,Diploma,Student,2017,1,0,Bi-Weekly,Both,Sports,15,741,2,0,3.2,Facebook,0,1,17,29,4,9,13,5,0,1,1,0,1,1,3095
19,Female,Emirati,Abu Dhabi,Tier 1,Married,Bachelors,Employed Full-Time,16095,1,1,Bi-Weekly,Online,Groceries,13,2672,7,1,1.8,Snapchat,0,1,11,127,6,2,86,0,7,1,0,0,1,1,5612
27,Male,Egyptian,Abu Dhabi,Tier 1,Married,Bachelors,Employed Full-Time,17567,0,1,Weekly,In-Store,Groceries,7,317,1,0,3.9,Facebook,1,0,4,120,2,9,18,6,2,1,1,0,0,0,6740
47,Male,Lebanese,Sharjah,Tier 2,Married,Bachelors,Student,3607,0,1,Monthly,Both,Sports,11,834,3,0,4.2,TikTok,1,1,16,105,8,7,10,0,5,1,1,0,0,1,1774
62,Female,Jordanian,Sharjah,Tier 2,Single,Bachelors,Employed Full-Time,5955,1,0,Weekly,Online,Groceries,8,2485,8,1,4.1,LinkedIn,1,0,20,78,3,5,111,4,1,1,1,0,0,1,4109
22,Male,Pakistani,Dubai,Tier 1,Single,Bachelors,Employed Full-Time,14204,1,1,Monthly,In-Store,Fashion,16,2451,0,1,6.6,TikTok,0,0,22,69,4,1,12,4,8,1,1,1,0,0,5353
50,Female,Lebanese,Sharjah,Tier 2,Married,Bachelors,Employed Full-Time,8991,1,0,Weekly,In-Store,Travel,11,863,1,1,4.7,Snapchat,1,1,0,107,2,4,116,4,3,1,0,1,1,1,4245
18,Male,British,Abu Dhabi,Tier 1,Married,Bachelors,Employed Full-Time,8065,0,1,Weekly,In-Store,Food and Dining,5,2366,1,1,7.2,YouTube,1,0,12,102,9,2,94,1,6,1,1,0,1,0,3695
35,Male,American,Dubai,Tier 1,Married,Bachelors,Employed Full-Time,20067,0,0,Bi-Weekly,Both,Home and Living,7,1319,8,1,4.4,YouTube,0,0,9,6,2,3,47,6,8,1,1,0,0,1,6817
49,Female,Pakistani,Dubai,Tier 1,Divorced,Bachelors,Employed Full-Time,17763,1,1,Monthly,Online,Luxury,16,1251,9,0,2.2,Facebook,0,0,2,152,6,8,110,6,2,1,1,0,1,0,6170
64,Male,Egyptian,Dubai,Tier 1,Married,Bachelors,Self-Employed,23187,1,1,Weekly,Both,Food and Dining,16,1140,4,0,1.5,YouTube,1,0,5,40,3,2,83,7,2,1,1,0,0,1,2791
28,Female,Lebanese,Abu Dhabi,Tier 1,Divorced,Bachelors,Employed Full-Time,16095,0,1,Daily,Online,Home and Living,17,326,3,0,7.0,Snapchat,0,0,15,33,6,4,83,2,2,1,1,0,0,1,3950
38,Male,Pakistani,Dubai,Tier 1,Married,Bachelors,Student,1991,0,0,Bi-Weekly,Both,Travel,19,1281,9,0,0.9,TikTok,0,1,27,137,4,7,117,4,4,1,1,1,0,1,2634
43,Female,Lebanese,Dubai,Tier 1,Single,Masters,Employed Full-Time,17071,1,0,Monthly,Online,Groceries,15,356,9,1,1.4,TikTok,0,1,0,177,8,8,10,3,9,1,1,0,1,0,4839
42,Male,Filipino,Dubai,Tier 1,Married,Masters,Unemployed,1522,1,1,Monthly,Both,Sports,15,1623,3,1,1.0,Snapchat,0,1,18,67,3,6,1,0,5,0,1,0,0,1,4126
39,Male,Indian,Abu Dhabi,Tier 1,Married,Bachelors,Unemployed,1253,0,1,Bi-Weekly,In-Store,Electronics,15,680,6,1,3.7,Snapchat,1,1,7,151,8,10,57,1,2,1,0,0,0,1,2385
44,Female,Emirati,Sharjah,Tier 2,Single,Bachelors,Self-Employed,7026,1,0,Weekly,Online,Luxury,3,2635,2,1,4.5,TikTok,1,0,8,22,3,3,116,5,9,1,1,0,1,0,3033
30,Male,Indian,Dubai,Tier 1,Married,Bachelors,Student,1413,1,0,Bi-Weekly,In-Store,Luxury,12,2615,8,1,0.6,LinkedIn,1,1,22,72,5,8,71,2,8,1,1,0,0,1,5888
50,Male,Filipino,Dubai,Tier 1,Single,High School,Self-Employed,9624,1,0,Weekly,Both,Groceries,6,1187,4,1,4.4,TikTok,1,0,19,78,2,1,119,0,0,1,1,1,1,0,3693
51,Female,Jordanian,Dubai,Tier 1,Married,Bachelors,Student,3466,1,0,Rarely,Online,Home and Living,5,2231,8,0,3.5,Instagram,0,0,22,94,6,1,119,0,6,1,0,1,0,1,6034
58,Female,Indian,Ras Al Khaimah,Tier 3,Single,Bachelors,Employed Full-Time,19229,1,1,Bi-Weekly,Online,Travel,11,2922,0,0,6.3,Instagram,1,0,6,116,7,3,11,0,8,0,0,0,0,1,8575
52,Male,Lebanese,Abu Dhabi,Tier 1,Married,Masters,Employed Full-Time,13967,0,1,Bi-Weekly,In-Store,Travel,12,1763,9,1,6.7,YouTube,0,0,10,136,8,1,53,3,4,1,0,1,0,1,7022
18,Female,Jordanian,Abu Dhabi,Tier 1,Single,Masters,Self-Employed,10822,1,0,Weekly,Online,Electronics,7,1098,7,0,5.6,Twitter X,0,1,22,147,4,2,4,3,2,1,1,0,1,0,3642
38,Female,Indian,Dubai,Tier 1,Married,PhD,Employed Full-Time,18554,1,0,Weekly,Both,Luxury,9,1633,1,0,4.1,Snapchat,1,0,7,109,9,4,100,3,9,0,0,0,0,1,7888
23,Female,Jordanian,Sharjah,Tier 2,Married,Diploma,Student,1523,1,0,Bi-Weekly,Online,Fashion,18,1416,7,1,2.1,LinkedIn,1,0,10,166,2,2,61,2,3,0,0,0,0,0,2232
45,Male,Other,Abu Dhabi,Tier 1,Married,High School,Student,3704,1,1,Weekly,Both,Sports,14,862,3,1,6.9,Twitter X,1,1,13,134,8,0,85,6,7,1,1,0,0,0,3546
34,Female,American,Dubai,Tier 1,Divorced,Diploma,Employed Full-Time,18105,0,0,Rarely,Online,Groceries,4,1884,1,0,3.1,YouTube,1,1,13,34,6,10,86,0,2,1,0,1,1,0,10380
22,Male,Lebanese,Dubai,Tier 1,Married,Masters,Self-Employed,13888,0,0,Bi-Weekly,Online,Electronics,8,2169,1,0,3.2,TikTok,0,1,3,74,4,2,10,4,4,0,0,0,1,0,7633
48,Female,Other,Dubai,Tier 1,Divorced,Masters,Employed Full-Time,23499,1,0,Weekly,Online,Fashion,16,1001,5,0,7.4,Snapchat,0,0,19,95,2,5,87,2,2,1,1,1,1,0,8152
22,Male,Egyptian,Sharjah,Tier 2,Single,High School,Employed Full-Time,18393,0,0,Weekly,In-Store,Groceries,4,2082,2,1,7.8,Instagram,0,1,8,139,4,2,5,3,5,1,1,1,1,0,9383
55,Male,Indian,Ajman,Tier 3,Single,Masters,Employed Full-Time,31684,1,1,Monthly,In-Store,Sports,19,1274,9,1,7.2,YouTube,0,0,7,43,3,8,61,7,0,0,1,0,0,0,3996
20,Female,Jordanian,Abu Dhabi,Tier 1,Single,High School,Employed Full-Time,8521,1,0,Daily,Online,Electronics,6,1399,2,1,8.0,YouTube,1,0,14,35,4,2,112,3,6,0,1,1,1,1,5988
40,Male,Egyptian,Sharjah,Tier 2,Single,Masters,Employed Part-Time,20117,1,0,Bi-Weekly,Both,Luxury,19,82,8,0,7.0,Twitter X,0,1,26,139,4,10,76,3,5,1,1,1,0,0,4217
54,Female,Filipino,Dubai,Tier 1,Married,High School,Employed Part-Time,18099,1,1,Bi-Weekly,In-Store,Food and Dining,15,146,4,1,5.8,TikTok,0,0,19,168,7,2,30,7,5,1,0,0,0,0,3552
54,Female,Indian,Abu Dhabi,Tier 1,Single,Masters,Employed Full-Time,22772,1,0,Weekly,Online,Luxury,12,312,6,1,2.7,TikTok,1,1,5,160,1,2,57,6,2,0,1,0,1,0,2554
27,Female,American,Abu Dhabi,Tier 1,Married,Bachelors,Self-Employed,13074,1,1,Monthly,Online,Beauty,12,2971,4,1,7.6,TikTok,0,1,24,177,9,4,33,5,0,1,1,0,1,1,11996
27,Male,Emirati,Dubai,Tier 1,Married,Bachelors,Employed Part-Time,17986,1,0,Monthly,Online,Beauty,2,963,1,1,7.1,TikTok,1,1,15,90,5,6,37,1,0,1,1,1,1,1,4841
36,Female,Other,Ajman,Tier 3,Married,High School,Employed Full-Time,20815,1,0,Rarely,Online,Electronics,9,2390,7,1,2.3,Snapchat,0,0,15,65,3,4,82,5,6,0,1,1,0,1,6536
34,Male,Indian,Dubai,Tier 1,Married,Bachelors,Employed Full-Time,16226,1,0,Bi-Weekly,In-Store,Fashion,3,2827,8,0,4.2,Instagram,0,0,28,48,7,8,68,0,3,1,0,0,0,1,6188
38,Male,Indian,Dubai,Tier 1,Married,High School,Student,2967,1,0,Bi-Weekly,Both,Travel,1,221,1,1,1.0,YouTube,0,1,13,39,7,5,91,4,5,0,1,0,0,0,2237
31,Female,Pakistani,Abu Dhabi,Tier 1,Single,Bachelors,Student,1385,0,1,Weekly,Both,Electronics,14,807,1,1,7.6,TikTok,0,1,27,153,8,0,111,7,3,0,1,1,0,0,3836
26,Male,Emirati,Abu Dhabi,Tier 1,Single,Bachelors,Employed Full-Time,13859,0,1,Weekly,Both,Travel,13,975,3,1,4.8,YouTube,0,0,29,104,10,8,23,0,7,0,1,1,1,1,4236
63,Male,British,Sharjah,Tier 2,Married,Masters,Employed Full-Time,14757,1,0,Daily,Online,Electronics,5,1468,7,0,2.3,Facebook,0,0,14,173,4,2,70,2,8,0,1,0,0,0,3916
18,Female,Other,Dubai,Tier 1,Married,Masters,Self-Employed,21360,1,1,Monthly,Online,Electronics,7,1329,4,1,2.7,TikTok,0,1,21,157,9,7,7,1,1,1,0,0,0,1,8271
62,Male,Jordanian,Ajman,Tier 3,Married,High School,Employed Part-Time,14305,0,0,Weekly,Both,Fashion,14,950,4,1,7.9,Instagram,1,0,26,101,2,2,19,2,0,0,1,1,1,0,7221
30,Male,Indian,Abu Dhabi,Tier 1,Married,Bachelors,Employed Full-Time,17199,1,1,Bi-Weekly,Both,Luxury,16,2614,6,0,5.1,YouTube,0,0,20,32,6,7,110,6,0,0,1,0,0,0,9161
21,Female,Indian,Abu Dhabi,Tier 1,Married,Bachelors,Employed Part-Time,4390,0,0,Weekly,Online,Beauty,18,1083,3,1,3.7,Twitter X,0,1,11,123,3,3,15,6,6,0,1,1,0,1,4005
18,Male,Lebanese,Fujairah,Tier 3,Married,PhD,Employed Full-Time,37286,1,1,Bi-Weekly,Online,Fashion,14,320,8,1,4.2,Instagram,1,1,22,94,8,0,117,3,1,0,1,0,0,0,6364
57,Female,Other,Sharjah,Tier 2,Single,Masters,Self-Employed,19272,1,0,Bi-Weekly,In-Store,Sports,1,791,3,0,1.2,Instagram,1,1,17,124,8,10,112,7,2,0,1,0,0,0,3451
49,Female,Pakistani,Dubai,Tier 1,Married,Bachelors,Employed Full-Time,12968,1,0,Bi-Weekly,In-Store,Food and Dining,6,1385,7,1,1.1,Facebook,1,0,23,123,6,5,86,3,3,1,0,0,0,0,2522
51,Female,Pakistani,Sharjah,Tier 2,Married,High School,Employed Full-Time,16281,0,1,Rarely,Both,Home and Living,10,2664,2,1,4.9,TikTok,1,1,10,82,4,6,32,4,8,1,1,0,0,1,7208
45,Female,Indian,Dubai,Tier 1,Single,PhD,Employed Full-Time,27470,0,1,Monthly,Online,Electronics,6,1972,5,0,4.3,Instagram,1,0,6,108,8,7,79,7,9,1,1,1,0,0,15532
48,Male,Other,Dubai,Tier 1,Single,Masters,Unemployed,177,0,0,Weekly,Online,Electronics,2,2650,0,0,3.2,Facebook,1,0,5,67,6,5,59,0,1,1,1,0,1,0,6908
25,Male,Egyptian,Dubai,Tier 1,Married,Masters,Self-Employed,21151,1,0,Bi-Weekly,In-Store,Luxury,7,2747,6,0,4.7,Facebook,1,0,2,12,9,0,70,2,9,1,1,1,1,1,12554
56,Female,Indian,Fujairah,Tier 3,Single,Masters,Self-Employed,28802,0,1,Bi-Weekly,Online,Home and Living,17,440,6,1,1.0,TikTok,1,1,8,20,7,4,70,5,1,1,1,0,1,1,9679
43,Female,Indian,Dubai,Tier 1,Single,Bachelors,Self-Employed,23628,1,0,Monthly,In-Store,Food and Dining,14,1008,1,1,7.6,YouTube,1,0,14,50,9,8,6,3,0,0,1,0,0,1,7149
51,Male,Other,Abu Dhabi,Tier 1,Married,Bachelors,Employed Full-Time,10007,0,1,Monthly,Both,Beauty,7,624,4,0,2.7,Facebook,0,0,1,136,8,2,76,4,7,1,1,1,0,0,3989
20,Male,Emirati,Dubai,Tier 1,Single,Bachelors,Student,3794,1,1,Weekly,Online,Electronics,9,393,3,1,1.0,LinkedIn,0,0,3,159,4,4,66,4,7,1,1,0,0,1,1415
29,Male,Indian,Sharjah,Tier 2,Married,Bachelors,Employed Full-Time,5694,0,0,Monthly,Both,Groceries,19,1619,9,1,1.8,Instagram,0,0,1,152,6,5,89,7,4,0,0,0,0,0,5329
18,Male,Filipino,Abu Dhabi,Tier 1,Single,Bachelors,Self-Employed,22636,0,1,Weekly,Online,Home and Living,11,1451,8,0,1.2,TikTok,0,0,5,126,7,4,4,7,2,1,1,1,1,1,12738
61,Female,Indian,Abu Dhabi,Tier 1,Married,Bachelors,Employed Full-Time,8837,1,1,Monthly,In-Store,Groceries,3,505,1,1,1.8,Instagram,1,0,11,141,4,3,119,2,0,1,1,0,1,1,4927
22,Male,Emirati,Dubai,Tier 1,Married,Bachelors,Employed Full-Time,15801,1,0,Weekly,In-Store,Food and Dining,4,1496,2,0,3.6,TikTok,0,0,6,42,4,1,70,0,1,1,1,0,0,0,9180
47,Female,Lebanese,Sharjah,Tier 2,Married,Bachelors,Employed Full-Time,12469,1,0,Weekly,Online,Groceries,5,493,0,1,6.0,YouTube,0,1,8,78,10,4,57,1,8,1,0,0,0,0,4472
47,Female,Other,Fujairah,Tier 3,Single,Bachelors,Self-Employed,20531,1,1,Monthly,In-Store,Beauty,4,246,9,1,2.5,YouTube,1,0,5,79,3,9,106,6,7,0,1,1,0,1,3305
34,Male,Jordanian,Abu Dhabi,Tier 1,Married,High School,Student,3731,1,0,Bi-Weekly,In-Store,Fashion,13,2965,4,0,3.8,Twitter X,1,0,21,26,10,0,61,4,9,0,1,0,0,1,6086
64,Female,Other,Abu Dhabi,Tier 1,Married,Bachelors,Employed Part-Time,17065,0,1,Rarely,Online,Fashion,9,2460,2,1,7.5,Snapchat,0,1,4,166,6,0,115,6,3,0,1,1,0,1,9326
40,Male,Filipino,Ras Al Khaimah,Tier 3,Married,Masters,Employed Full-Time,20282,1,1,Weekly,Online,Home and Living,14,1647,3,0,2.7,Twitter X,1,0,25,110,2,7,56,2,2,0,0,1,0,1,6496
32,Female,Lebanese,Dubai,Tier 1,Married,Masters,Student,4993,1,0,Bi-Weekly,Online,Home and Living,16,1467,3,1,6.5,Snapchat,0,0,26,38,4,3,101,3,4,1,0,0,1,1,2077
54,Female,Indian,Sharjah,Tier 2,Married,Bachelors,Employed Full-Time,14631,1,1,Monthly,Both,Electronics,6,1810,5,1,1.7,Instagram,0,1,27,97,8,0,102,1,7,0,0,1,1,1,4772
38,Female,Egyptian,Ajman,Tier 3,Divorced,Bachelors,Self-Employed,13131,1,0,Daily,Online,Fashion,10,2965,9,1,1.8,Snapchat,1,0,25,138,3,1,14,1,9,0,1,0,0,1,6888
31,Female,Other,Dubai,Tier 1,Single,High School,Employed Part-Time,18307,1,0,Weekly,Both,Home and Living,13,2663,6,1,3.9,Snapchat,1,1,3,11,8,4,111,0,5,0,1,1,0,1,7561
19,Male,Indian,Abu Dhabi,Tier 1,Single,Masters,Employed Full-Time,26597,1,0,Daily,Both,Luxury,3,720,6,0,2.3,Instagram,0,0,9,131,7,6,83,2,9,1,1,0,0,1,10461
28,Male,Indian,Dubai,Tier 1,Married,Bachelors,Employed Full-Time,19986,1,1,Rarely,Online,Fashion,11,1367,7,0,7.3,Instagram,1,1,26,123,7,4,115,7,3,1,1,0,1,0,7053
56,Female,Pakistani,Abu Dhabi,Tier 1,Single,Bachelors,Employed Full-Time,17915,1,1,Monthly,Online,Home and Living,3,1955,2,0,0.9,Instagram,0,0,19,23,9,10,7,0,7,1,0,0,0,1,7834
55,Male,Indian,Abu Dhabi,Tier 1,Divorced,Masters,Employed Full-Time,32936,0,1,Weekly,Online,Fashion,7,2122,4,0,5.0,Snapchat,1,1,3,62,4,9,54,4,3,1,0,0,0,1,11107
51,Male,Emirati,Dubai,Tier 1,Married,Bachelors,Employed Full-Time,9094,1,0,Weekly,Online,Sports,10,2334,9,0,5.0,Instagram,0,1,4,41,8,5,82,4,4,1,1,0,1,1,6412
55,Male,Jordanian,Abu Dhabi,Tier 1,Married,High School,Employed Full-Time,13415,0,1,Weekly,Online,Sports,1,510,5,1,1.0,Facebook,1,1,16,121,2,6,58,5,1,1,0,0,1,1,2861
51,Female,Other,Dubai,Tier 1,Single,Bachelors,Employed Full-Time,20078,0,1,Bi-Weekly,Both,Electronics,4,1394,5,1,6.0,TikTok,0,0,17,169,3,2,61,6,9,1,1,0,0,1,9817
35,Male,Pakistani,Dubai,Tier 1,Single,Bachelors,Employed Part-Time,19476,1,0,Rarely,Online,Home and Living,8,149,7,0,4.0,TikTok,1,1,2,93,4,10,108,2,3,1,1,1,1,1,5124
47,Female,Emirati,Dubai,Tier 1,Married,Bachelors,Student,3532,1,0,Monthly,Both,Groceries,17,2837,4,1,5.9,Twitter X,1,0,22,4,9,9,72,3,9,1,1,0,0,1,7140
32,Female,Emirati,Ajman,Tier 3,Married,Masters,Employed Full-Time,17972,1,1,Weekly,Online,Fashion,5,457,4,1,6.7,Snapchat,0,0,12,131,1,4,28,5,9,1,1,0,1,1,3111
44,Male,Other,Dubai,Tier 1,Divorced,Bachelors,Employed Full-Time,7363,0,0,Bi-Weekly,Online,Beauty,17,1027,0,0,2.9,TikTok,1,0,28,51,7,7,85,5,2,0,0,0,1,0,1706
51,Male,Pakistani,Ajman,Tier 3,Single,Masters,Employed Full-Time,27206,1,1,Rarely,Online,Beauty,9,2848,0,1,4.1,LinkedIn,1,0,0,107,2,10,55,4,7,0,0,0,0,1,10277
55,Male,Indian,Abu Dhabi,Tier 1,Single,Bachelors,Employed Full-Time,22201,0,1,Bi-Weekly,Online,Luxury,8,1507,5,1,2.5,TikTok,1,1,18,177,5,5,99,7,7,1,1,0,0,1,7840
50,Female,Pakistani,Dubai,Tier 1,Single,Bachelors,Self-Employed,18140,1,1,Rarely,Online,Electronics,7,192,9,1,2.0,LinkedIn,0,1,22,72,1,1,111,4,6,0,0,0,1,0,4640
41,Male,Indian,Sharjah,Tier 2,Married,Bachelors,Employed Part-Time,21067,1,1,Daily,In-Store,Luxury,5,2626,9,0,0.5,Snapchat,0,1,21,70,6,8,74,3,5,1,0,1,0,1,8861
32,Male,Pakistani,Abu Dhabi,Tier 1,Single,Bachelors,Student,2546,1,0,Monthly,Both,Electronics,4,2620,4,1,7.7,Instagram,0,0,1,69,3,1,53,7,8,1,1,0,1,1,4185
47,Male,Jordanian,Abu Dhabi,Tier 1,Single,Bachelors,Employed Full-Time,23294,1,1,Bi-Weekly,Online,Fashion,3,769,9,1,3.8,Snapchat,1,0,3,8,6,5,92,5,3,1,1,1,0,1,6159
59,Female,Filipino,Dubai,Tier 1,Single,Bachelors,Employed Part-Time,18414,1,1,Monthly,Both,Beauty,8,1509,5,1,0.6,TikTok,1,1,15,123,8,10,83,1,3,1,0,0,1,1,9494
34,Male,British,Dubai,Tier 1,Single,PhD,Employed Full-Time,25804,1,0,Bi-Weekly,Online,Beauty,5,467,8,1,0.6,Instagram,1,0,15,136,8,1,44,6,5,1,0,1,0,1,7760
22,Female,Indian,Dubai,Tier 1,Divorced,Bachelors,Self-Employed,8223,0,0,Daily,Online,Food and Dining,5,1154,7,1,2.7,Instagram,0,1,16,147,4,9,99,2,0,1,0,1,0,0,2524
46,Female,American,Dubai,Tier 1,Married,High School,Student,1264,0,0,Weekly,Both,Home and Living,17,594,6,0,0.6,Instagram,0,1,27,112,7,6,28,6,1,1,1,0,1,1,2045
21,Male,Egyptian,Dubai,Tier 1,Single,High School,Employed Part-Time,21741,1,1,Rarely,Both,Groceries,15,2914,6,1,3.3,Facebook,0,0,20,72,6,0,46,1,1,0,1,0,0,0,7361
27,Female,Indian,Dubai,Tier 1,Single,High School,Self-Employed,10531,1,1,Weekly,Both,Travel,8,2256,5,0,1.0,LinkedIn,0,1,11,8,2,3,49,0,9,1,0,0,1,1,6259
34,Male,Filipino,Dubai,Tier 1,Single,Bachelors,Employed Full-Time,8666,1,1,Rarely,Online,Fashion,7,1859,5,0,0.8,LinkedIn,0,0,1,72,6,7,67,3,3,0,1,0,0,0,6230
27,Female,Indian,Dubai,Tier 1,Single,Bachelors,Student,4304,0,0,Monthly,Both,Fashion,17,2724,0,1,5.5,Instagram,1,0,29,7,2,8,103,7,4,1,0,0,0,1,4496
34,Female,Lebanese,Dubai,Tier 1,Single,High School,Employed Full-Time,6468,1,0,Bi-Weekly,Both,Beauty,12,822,6,1,7.3,Facebook,1,1,23,46,4,9,27,2,1,1,1,1,1,0,3951
37,Female,Pakistani,Dubai,Tier 1,Married,Bachelors,Employed Full-Time,11291,1,0,Rarely,In-Store,Travel,4,1743,4,1,3.6,Instagram,1,0,9,150,5,2,81,3,7,0,1,1,0,0,4021
41,Male,Other,Fujairah,Tier 3,Single,Masters,Employed Full-Time,24059,1,0,Monthly,Both,Sports,18,1118,6,0,6.8,Snapchat,1,0,5,81,9,8,79,3,4,0,1,0,1,0,9857
22,Male,Emirati,Dubai,Tier 1,Single,High School,Unemployed,268,1,0,Bi-Weekly,Both,Sports,4,1288,5,1,0.7,LinkedIn,0,1,11,172,3,7,116,1,7,1,1,1,1,0,3164
51,Male,Lebanese,Abu Dhabi,Tier 1,Single,Bachelors,Student,2371,0,0,Daily,Both,Sports,10,177,7,1,6.3,Instagram,0,1,11,5,5,3,106,1,8,1,1,0,1,1,2248
23,Male,British,Dubai,Tier 1,Married,Masters,Student,4533,0,1,Monthly,Both,Home and Living,3,1623,2,1,1.0,YouTube,0,1,16,153,2,0,39,7,8,1,0,0,1,0,3583
19,Male,Lebanese,Ras Al Khaimah,Tier 3,Married,Diploma,Student,4613,1,1,Monthly,In-Store,Sports,5,926,7,1,6.8,Twitter X,1,0,29,175,3,9,86,0,3,1,1,0,1,1,2929
30,Male,Indian,Dubai,Tier 1,Married,Masters,Employed Full-Time,33342,0,1,Monthly,Both,Fashion,12,2703,6,1,7.1,Twitter X,0,0,17,171,5,4,84,2,9,1,1,0,0,1,7057
60,Male,Pakistani,Ras Al Khaimah,Tier 3,Married,Bachelors,Student,704,0,1,Monthly,Online,Fashion,5,590,0,0,6.4,Facebook,1,0,3,143,7,10,27,7,1,1,0,0,1,1,1264
60,Male,Lebanese,Abu Dhabi,Tier 1,Married,Masters,Unemployed,1649,1,1,Weekly,Both,Groceries,5,2261,2,1,6.7,Twitter X,0,0,2,159,6,6,35,3,1,1,1,1,1,0,4946
28,Female,Indian,Dubai,Tier 1,Single,Bachelors,Employed Full-Time,10805,0,1,Monthly,In-Store,Travel,4,2746,9,1,4.7,YouTube,0,0,24,83,2,4,118,6,4,1,1,0,1,1,6235
64,Male,Indian,Ajman,Tier 3,Divorced,Bachelors,Employed Full-Time,15928,1,1,Daily,Both,Sports,6,1608,3,0,2.5,Twitter X,1,1,16,44,9,10,47,5,9,1,1,0,0,1,8345
40,Male,Filipino,Abu Dhabi,Tier 1,Single,Masters,Self-Employed,27186,0,1,Weekly,In-Store,Beauty,10,180,8,0,5.3,TikTok,1,0,22,175,8,4,52,6,3,0,1,1,0,0,10362
33,Male,Filipino,Dubai,Tier 1,Married,Bachelors,Unemployed,1560,1,1,Daily,Both,Electronics,6,2793,5,1,3.8,Snapchat,0,1,8,140,9,4,69,0,5,0,1,1,1,0,7457
48,Male,Indian,Sharjah,Tier 2,Married,Diploma,Student,2711,0,1,Weekly,In-Store,Fashion,1,553,6,1,0.5,TikTok,0,1,24,64,9,2,66,7,8,1,0,0,0,1,2365
28,Female,Indian,Ras Al Khaimah,Tier 3,Married,Masters,Student,2871,1,1,Bi-Weekly,In-Store,Luxury,16,1497,4,1,4.1,YouTube,1,0,21,23,5,5,41,3,6,1,1,0,0,1,3338
33,Male,Indian,Abu Dhabi,Tier 1,Divorced,Masters,Student,3181,0,1,Daily,Both,Fashion,11,2281,2,1,5.4,LinkedIn,0,0,29,50,7,10,50,7,3,1,0,1,0,1,2247
25,Female,Lebanese,Dubai,Tier 1,Married,Masters,Student,3306,1,1,Weekly,Online,Sports,6,875,4,1,0.6,Snapchat,0,0,11,125,7,3,45,6,6,1,1,0,0,0,2151
21,Female,Egyptian,Sharjah,Tier 2,Married,Bachelors,Self-Employed,21718,1,0,Weekly,Online,Fashion,18,2768,6,1,5.2,Twitter X,1,1,28,36,10,9,20,0,1,1,0,0,1,1,7803
57,Female,Jordanian,Sharjah,Tier 2,Married,Bachelors,Self-Employed,21055,0,1,Monthly,In-Store,Home and Living,6,1072,8,1,5.4,LinkedIn,1,0,6,139,9,1,71,3,4,0,1,1,0,1,3310
21,Female,Other,Ajman,Tier 3,Divorced,Masters,Employed Full-Time,17939,0,0,Bi-Weekly,Online,Home and Living,17,2651,8,0,1.7,Instagram,0,0,15,86,9,3,36,1,8,1,0,0,0,1,11484
42,Female,Pakistani,Sharjah,Tier 2,Married,Masters,Employed Part-Time,32416,1,0,Bi-Weekly,Online,Sports,12,1308,7,1,3.7,Snapchat,1,0,7,175,6,5,72,4,8,1,0,1,0,1,7616
20,Female,Emirati,Dubai,Tier 1,Married,PhD,Employed Full-Time,49563,1,1,Monthly,Online,Groceries,17,180,4,1,7.7,TikTok,1,0,2,56,3,5,91,0,3,1,0,1,1,1,7754
49,Female,Emirati,Ras Al Khaimah,Tier 3,Married,PhD,Student,3795,1,1,Bi-Weekly,Online,Home and Living,18,746,6,0,7.1,Twitter X,0,1,20,69,8,10,70,0,7,1,1,0,1,1,2738
20,Female,Indian,Dubai,Tier 1,Single,Diploma,Employed Full-Time,18480,1,1,Weekly,Both,Beauty,10,1087,3,0,3.6,TikTok,0,0,12,37,1,8,24,4,4,1,1,0,0,1,3407
44,Female,Other,Dubai,Tier 1,Single,Masters,Employed Full-Time,12870,0,1,Rarely,Both,Food and Dining,12,863,9,1,3.1,Facebook,1,0,19,138,10,7,36,1,2,0,1,1,0,1,6075
46,Male,Filipino,Abu Dhabi,Tier 1,Married,Bachelors,Employed Full-Time,4234,1,0,Daily,Both,Beauty,4,708,4,1,1.4,TikTok,1,0,8,42,4,4,5,0,5,1,1,0,0,1,3973
49,Female,Indian,Abu Dhabi,Tier 1,Divorced,Bachelors,Self-Employed,10834,1,0,Weekly,Online,Fashion,10,2477,3,0,0.8,Instagram,0,1,8,158,10,9,84,1,3,1,0,0,1,1,5047
36,Male,Pakistani,Dubai,Tier 1,Married,Masters,Employed Full-Time,15968,0,0,Bi-Weekly,Both,Home and Living,5,1133,2,1,2.7,Instagram,0,1,3,94,2,2,119,6,2,1,1,0,0,0,1842
38,Male,Filipino,Sharjah,Tier 2,Married,Bachelors,Employed Full-Time,7207,1,0,Monthly,In-Store,Beauty,4,1233,0,0,7.6,Instagram,0,0,27,22,5,3,20,6,3,1,1,0,0,1,4641
22,Male,Egyptian,Dubai,Tier 1,Married,Bachelors,Employed Full-Time,6400,1,1,Monthly,Both,Luxury,16,1520,4,0,7.7,Instagram,0,1,13,166,7,4,53,6,0,1,1,0,0,1,4806
35,Male,Indian,Dubai,Tier 1,Single,Bachelors,Employed Full-Time,13609,1,1,Daily,In-Store,Fashion,5,2635,1,1,6.6,Snapchat,0,1,17,56,1,0,105,6,9,1,0,0,0,1,5141
45,Male,Other,Sharjah,Tier 2,Single,Masters,Employed Full-Time,26766,0,0,Monthly,Online,Fashion,19,2674,5,0,3.1,Facebook,0,1,0,114,4,8,40,5,7,1,0,0,0,0,8175
59,Male,Filipino,Dubai,Tier 1,Single,Masters,Employed Full-Time,17790,0,0,Monthly,Both,Food and Dining,6,1459,4,0,1.6,Instagram,0,1,18,122,3,3,98,3,8,0,1,1,1,1,5010
39,Female,Indian,Dubai,Tier 1,Single,Masters,Employed Full-Time,30324,1,1,Weekly,In-Store,Food and Dining,7,1143,1,0,5.0,Snapchat,1,1,1,164,4,7,103,5,5,0,0,0,1,1,6391
38,Male,Other,Dubai,Tier 1,Married,Bachelors,Employed Full-Time,18038,1,0,Weekly,Both,Groceries,10,2782,7,1,5.3,Snapchat,1,1,4,78,6,4,50,6,4,1,0,0,0,0,9149
23,Female,Emirati,Ras Al Khaimah,Tier 3,Divorced,Masters,Employed Full-Time,33836,1,1,Monthly,Both,Electronics,7,2047,4,0,3.7,Instagram,1,0,21,139,10,10,74,7,8,1,0,0,0,1,13850
18,Male,Other,Dubai,Tier 1,Married,Bachelors,Employed Full-Time,20417,0,1,Weekly,Online,Fashion,14,2061,1,0,5.7,TikTok,1,1,13,135,6,4,67,7,3,0,1,1,1,1,7333
22,Male,Other,Dubai,Tier 1,Married,Bachelors,Student,1905,1,0,Daily,Both,Fashion,10,1298,0,0,6.1,Facebook,1,0,8,96,1,1,113,7,0,1,0,0,0,0,2690
58,Female,British,Abu Dhabi,Tier 1,Single,Bachelors,Employed Full-Time,17119,1,0,Weekly,In-Store,Groceries,11,2137,1,0,6.4,Instagram,1,0,19,82,3,7,98,3,6,0,1,1,0,0,5810
29,Female,Lebanese,Abu Dhabi,Tier 1,Single,Bachelors,Employed Full-Time,11644,0,0,Daily,Online,Fashion,14,1219,0,1,4.3,Instagram,1,0,19,34,1,10,35,4,0,1,0,1,0,0,2660
43,Male,Indian,Dubai,Tier 1,Married,Bachelors,Employed Full-Time,21494,1,1,Weekly,In-Store,Luxury,12,2463,9,1,6.4,YouTube,1,1,14,63,1,9,64,6,8,1,1,0,1,1,10119
63,Female,Other,Abu Dhabi,Tier 1,Single,Masters,Employed Full-Time,15461,1,1,Weekly,Online,Electronics,4,297,9,1,0.7,Facebook,1,0,19,2,1,6,37,2,3,1,0,0,1,0,3808
51,Female,Filipino,Dubai,Tier 1,Single,Bachelors,Employed Full-Time,18416,1,1,Weekly,Online,Home and Living,13,61,2,1,5.6,TikTok,1,0,0,135,3,1,45,6,2,1,1,1,0,0,4150
31,Male,American,Fujairah,Tier 3,Married,Diploma,Employed Full-Time,24894,1,0,Rarely,Online,Home and Living,3,2060,2,1,2.3,Snapchat,0,1,29,43,2,10,109,1,3,1,1,1,0,1,5814
43,Male,Other,Dubai,Tier 1,Single,High School,Employed Part-Time,5874,1,1,Weekly,Online,Home and Living,13,786,9,1,2.5,LinkedIn,1,0,18,95,4,5,38,6,0,1,0,1,0,0,3684
62,Female,Other,Dubai,Tier 1,Married,Bachelors,Employed Part-Time,23423,0,1,Bi-Weekly,Online,Beauty,19,559,0,1,1.2,LinkedIn,0,1,3,18,7,8,110,2,5,1,1,0,0,1,6286
44,Female,Jordanian,Dubai,Tier 1,Single,Bachelors,Employed Full-Time,14429,1,1,Rarely,Both,Home and Living,15,1318,6,0,1.9,TikTok,1,1,13,148,2,7,87,2,6,0,1,0,0,0,6582
26,Male,Indian,Dubai,Tier 1,Single,High School,Self-Employed,16213,1,1,Monthly,Online,Luxury,19,2048,9,0,7.9,TikTok,0,0,0,7,2,9,101,1,6,1,1,0,1,1,3768
43,Female,Other,Abu Dhabi,Tier 1,Single,Bachelors,Employed Full-Time,20219,1,1,Weekly,In-Store,Luxury,4,220,6,0,3.6,Snapchat,1,1,4,52,7,2,85,6,4,1,1,0,0,0,4280
64,Male,Egyptian,Dubai,Tier 1,Single,Bachelors,Student,4531,0,0,Weekly,In-Store,Electronics,6,1699,8,1,7.5,Instagram,0,0,9,37,9,6,27,2,9,0,1,0,0,1,4780
39,Male,Other,Dubai,Tier 1,Married,Bachelors,Employed Full-Time,7240,0,1,Bi-Weekly,Online,Electronics,15,770,4,1,1.7,YouTube,1,0,8,98,3,3,65,0,9,1,0,1,1,0,3076
64,Male,British,Sharjah,Tier 2,Married,Bachelors,Self-Employed,19802,1,0,Rarely,Both,Luxury,4,864,3,1,2.0,TikTok,0,1,16,46,10,10,73,6,4,1,0,1,1,1,5318
47,Female,Indian,Abu Dhabi,Tier 1,Married,Masters,Employed Full-Time,28946,0,1,Daily,In-Store,Home and Living,6,2526,4,0,4.7,TikTok,1,1,13,103,8,3,3,3,5,0,1,0,0,1,9081
60,Female,Indian,Dubai,Tier 1,Married,Bachelors,Student,2711,1,0,Weekly,Both,Food and Dining,2,1108,7,0,3.1,LinkedIn,0,0,27,42,6,6,59,5,9,1,1,0,1,1,3055
34,Female,Filipino,Dubai,Tier 1,Single,High School,Employed Full-Time,14903,1,0,Monthly,In-Store,Groceries,4,254,7,1,5.3,Instagram,1,0,6,60,6,10,102,7,7,0,1,1,0,0,5387
43,Male,Lebanese,Dubai,Tier 1,Married,Masters,Employed Full-Time,20247,0,1,Bi-Weekly,Both,Fashion,18,939,3,0,3.7,Instagram,1,0,17,128,3,6,100,4,8,1,0,0,1,1,3673
53,Male,Indian,Dubai,Tier 1,Single,High School,Employed Part-Time,14620,1,1,Monthly,Both,Beauty,15,1457,7,0,6.6,Facebook,0,0,9,104,10,10,98,6,5,1,0,1,0,0,6631
18,Male,Filipino,Dubai,Tier 1,Married,Masters,Employed Full-Time,19614,0,1,Monthly,Online,Groceries,12,1650,3,0,3.7,TikTok,0,0,27,80,9,0,30,1,2,0,1,0,0,1,8065
25,Female,Indian,Abu Dhabi,Tier 1,Married,PhD,Self-Employed,34968,1,1,Weekly,In-Store,Beauty,8,2794,3,1,4.8,Twitter X,0,0,26,78,9,10,95,4,5,1,0,1,0,1,15464
52,Male,Lebanese,Ajman,Tier 3,Married,Bachelors,Self-Employed,9736,1,0,Bi-Weekly,In-Store,Luxury,12,799,7,0,2.9,Instagram,1,1,24,124,4,0,94,5,3,1,1,0,0,1,2580
32,Male,Pakistani,Dubai,Tier 1,Married,PhD,Employed Full-Time,21829,1,1,Bi-Weekly,Both,Home and Living,9,1558,1,1,5.8,TikTok,0,0,3,32,10,5,16,3,3,1,1,1,0,0,6675
64,Female,Emirati,Dubai,Tier 1,Single,Masters,Employed Full-Time,12205,1,1,Monthly,Online,Fashion,7,1988,3,1,5.4,Instagram,0,0,13,166,6,1,29,4,6,1,1,0,0,0,5969
39,Male,Indian,Dubai,Tier 1,Single,PhD,Employed Full-Time,47625,1,0,Monthly,Both,Sports,8,1817,0,1,3.5,Facebook,0,0,2,167,5,2,70,1,5,1,1,0,0,0,8178
31,Female,Emirati,Dubai,Tier 1,Divorced,Masters,Self-Employed,29865,1,1,Monthly,Online,Home and Living,10,1182,0,1,2.6,Instagram,0,1,27,26,4,1,78,7,7,1,1,0,0,1,6520
43,Male,Pakistani,Dubai,Tier 1,Single,Bachelors,Employed Full-Time,14355,1,1,Daily,Both,Home and Living,11,1251,7,1,5.1,TikTok,1,0,28,30,2,1,74,4,7,1,1,0,0,1,5065
45,Female,Emirati,Ras Al Khaimah,Tier 3,Single,PhD,Employed Part-Time,24176,0,1,Monthly,In-Store,Sports,2,298,3,1,7.6,Twitter X,1,0,26,169,4,7,88,2,2,1,1,1,0,1,9030
40,Male,Indian,Abu Dhabi,Tier 1,Single,Bachelors,Unemployed,950,0,0,Bi-Weekly,Both,Beauty,4,1945,5,1,1.5,YouTube,0,1,22,103,7,7,100,2,3,1,1,0,0,0,3423
31,Female,Other,Fujairah,Tier 3,Single,Bachelors,Employed Full-Time,10453,1,1,Bi-Weekly,Both,Beauty,9,1078,4,1,6.5,Facebook,0,0,21,137,3,5,24,3,1,1,1,1,0,0,2427
41,Male,Other,Ajman,Tier 3,Single,Bachelors,Unemployed,253,1,1,Weekly,In-Store,Home and Living,8,1230,9,1,4.6,TikTok,0,0,10,32,3,2,7,6,0,1,0,0,0,0,2823
19,Male,Pakistani,Abu Dhabi,Tier 1,Married,Bachelors,Employed Part-Time,15093,1,0,Monthly,Both,Sports,5,279,5,1,4.4,Snapchat,0,0,9,53,3,4,49,2,6,1,1,0,0,1,5367
62,Male,Other,Abu Dhabi,Tier 1,Married,Bachelors,Employed Full-Time,17741,1,1,Monthly,Both,Fashion,14,2725,3,0,7.7,Facebook,0,1,7,135,9,6,63,4,7,1,1,1,1,0,8339
43,Male,Emirati,Dubai,Tier 1,Married,Masters,Employed Full-Time,33545,1,0,Bi-Weekly,In-Store,Beauty,2,1334,3,0,5.0,LinkedIn,1,1,8,151,1,4,101,0,7,1,1,1,0,0,12930
31,Male,Egyptian,Abu Dhabi,Tier 1,Single,PhD,Self-Employed,24200,0,0,Monthly,In-Store,Beauty,17,2925,6,1,6.7,LinkedIn,1,0,27,81,5,6,46,4,5,1,1,1,1,1,10112
24,Female,Egyptian,Ajman,Tier 3,Single,High School,Employed Full-Time,5384,1,0,Weekly,Online,Electronics,8,370,0,1,4.4,YouTube,1,0,22,149,9,9,112,0,6,0,1,1,0,1,2425
20,Male,Pakistani,Dubai,Tier 1,Married,Diploma,Employed Full-Time,23751,0,0,Weekly,In-Store,Luxury,2,77,8,0,2.4,Twitter X,0,0,5,76,7,6,104,4,7,1,0,0,0,1,783
64,Female,Pakistani,Ajman,Tier 3,Married,PhD,Employed Full-Time,36931,1,0,Bi-Weekly,Both,Groceries,15,2948,9,0,5.7,Instagram,1,1,13,151,1,3,48,0,3,0,1,0,0,1,12923
40,Female,Pakistani,Dubai,Tier 1,Married,High School,Self-Employed,4872,0,0,Rarely,Online,Electronics,2,559,2,1,7.4,Facebook,1,0,27,69,4,9,102,6,7,1,1,0,1,1,2495
63,Female,Pakistani,Ajman,Tier 3,Married,Bachelors,Employed Part-Time,12360,1,0,Daily,Both,Beauty,11,2325,3,0,6.8,Twitter X,1,0,23,18,6,9,25,0,5,1,1,0,1,0,5949
60,Male,American,Ras Al Khaimah,Tier 3,Single,Masters,Employed Part-Time,14963,0,1,Weekly,Online,Fashion,14,690,8,1,2.0,LinkedIn,1,1,8,37,5,5,43,1,6,1,1,0,0,1,3463
64,Male,Indian,Abu Dhabi,Tier 1,Married,Bachelors,Employed Full-Time,21414,1,1,Rarely,In-Store,Sports,10,590,4,0,2.9,YouTube,1,1,13,135,2,8,55,1,9,1,0,0,0,1,8234
62,Female,Indian,Abu Dhabi,Tier 1,Married,Masters,Student,2590,0,1,Rarely,Online,Home and Living,7,2769,3,0,4.4,Snapchat,1,0,7,61,1,3,34,7,6,1,1,1,1,0,6544
35,Female,Indian,Abu Dhabi,Tier 1,Single,Masters,Unemployed,1306,1,1,Monthly,In-Store,Fashion,14,959,5,1,4.8,Facebook,1,0,5,131,4,9,65,5,7,1,1,1,1,0,2578
55,Male,Indian,Sharjah,Tier 2,Married,Bachelors,Employed Full-Time,10905,1,1,Weekly,Online,Food and Dining,13,1361,0,0,2.0,Instagram,0,1,23,1,10,0,28,4,4,1,0,1,1,1,3879
52,Male,Filipino,Fujairah,Tier 3,Married,High School,Employed Full-Time,8442,1,1,Monthly,In-Store,Fashion,2,1567,9,1,2.2,Snapchat,0,0,24,60,5,7,41,2,1,1,1,0,0,1,4885
32,Male,Indian,Sharjah,Tier 2,Single,Bachelors,Student,1755,1,0,Bi-Weekly,In-Store,Beauty,10,1540,0,0,6.2,TikTok,0,1,5,134,4,3,29,1,7,0,0,0,0,1,3667
42,Female,Jordanian,Abu Dhabi,Tier 1,Single,High School,Self-Employed,7667,0,0,Bi-Weekly,Both,Luxury,1,1468,4,1,6.0,YouTube,1,0,29,124,3,7,32,0,0,1,0,0,0,0,4311
54,Male,Indian,Abu Dhabi,Tier 1,Single,Bachelors,Employed Part-Time,21660,1,0,Weekly,In-Store,Beauty,1,1508,4,0,6.8,LinkedIn,0,1,21,71,10,10,69,4,1,1,1,1,0,0,7716
45,Male,Indian,Ajman,Tier 3,Married,Masters,Student,4928,1,0,Monthly,Both,Food and Dining,3,858,8,1,7.5,Twitter X,0,1,1,91,8,8,34,2,4,0,0,1,0,1,2726
27,Female,British,Abu Dhabi,Tier 1,Single,Bachelors,Employed Part-Time,20926,1,0,Weekly,Both,Travel,11,1610,0,0,2.8,Instagram,0,0,24,31,6,7,59,4,3,0,1,1,1,1,7572
56,Male,Emirati,Sharjah,Tier 2,Single,Diploma,Employed Full-Time,8808,1,0,Weekly,Online,Food and Dining,19,2617,2,0,6.9,TikTok,1,0,23,8,3,0,110,0,1,1,1,1,0,1,7319
34,Male,Egyptian,Abu Dhabi,Tier 1,Single,Bachelors,Self-Employed,11731,0,1,Bi-Weekly,Online,Groceries,9,1387,2,1,5.5,Facebook,0,0,4,119,6,8,61,1,3,0,1,1,0,1,4101
56,Female,British,Dubai,Tier 1,Married,Masters,Employed Part-Time,27996,0,1,Weekly,Online,Beauty,13,1202,3,1,7.7,Instagram,1,1,25,143,10,4,52,1,6,1,0,1,0,1,8999
39,Female,Indian,Dubai,Tier 1,Married,Masters,Unemployed,1680,1,1,Weekly,In-Store,Travel,4,563,6,1,2.5,Instagram,1,0,2,7,8,7,63,3,4,1,1,1,0,0,3558
43,Male,Emirati,Abu Dhabi,Tier 1,Married,Diploma,Employed Full-Time,13138,1,1,Weekly,In-Store,Travel,6,396,6,0,2.5,LinkedIn,1,1,24,135,7,5,26,3,3,0,1,1,0,1,4160
61,Male,Indian,Dubai,Tier 1,Single,Masters,Employed Part-Time,21356,0,0,Monthly,Both,Food and Dining,2,166,9,0,5.8,Instagram,0,1,10,161,1,6,77,5,1,1,1,1,1,0,3211
42,Male,Emirati,Dubai,Tier 1,Married,Bachelors,Self-Employed,7473,0,1,Weekly,In-Store,Travel,9,2508,4,1,7.5,Instagram,0,1,25,169,6,2,12,5,1,1,0,0,1,1,8408
34,Male,Indian,Abu Dhabi,Tier 1,Married,Diploma,Employed Full-Time,5198,1,1,Monthly,Both,Sports,18,1470,8,0,6.7,Snapchat,1,1,29,135,1,8,22,7,0,1,1,0,0,0,3946
30,Female,Indian,Dubai,Tier 1,Married,Masters,Employed Full-Time,25933,0,1,Monthly,Online,Electronics,4,1904,6,1,6.0,YouTube,0,0,28,20,4,8,73,7,9,0,1,0,1,1,10088
37,Male,Indian,Dubai,Tier 1,Married,High School,Student,760,1,1,Monthly,Online,Fashion,1,1471,1,1,3.4,LinkedIn,1,1,6,71,10,9,56,5,5,1,1,0,1,1,4839
42,Male,Filipino,Sharjah,Tier 2,Married,Masters,Employed Full-Time,29715,0,0,Bi-Weekly,Both,Electronics,1,1681,2,1,5.9,YouTube,1,0,28,178,3,1,6,4,5,1,1,0,1,1,11812
21,Male,British,Fujairah,Tier 3,Married,Masters,Employed Part-Time,31644,1,0,Monthly,Online,Fashion,17,2049,6,0,6.5,Facebook,1,0,8,142,7,3,36,4,3,1,1,1,0,1,12323
27,Female,Filipino,Sharjah,Tier 2,Single,Bachelors,Student,1988,1,1,Daily,Both,Fashion,19,2195,4,0,6.1,TikTok,0,1,12,118,2,3,74,2,8,1,1,1,1,0,5250
20,Male,Indian,Fujairah,Tier 3,Married,Bachelors,Employed Full-Time,6447,1,0,Weekly,Online,Electronics,3,331,6,0,5.6,YouTube,1,0,29,143,4,0,101,5,3,0,1,0,1,0,2517
58,Female,Indian,Sharjah,Tier 2,Married,Masters,Unemployed,623,1,0,Monthly,Both,Fashion,17,2052,8,1,0.9,TikTok,1,1,15,138,5,3,59,1,2,1,1,1,0,1,3615
62,Male,Other,Dubai,Tier 1,Married,Masters,Self-Employed,25014,1,0,Rarely,Both,Food and Dining,3,856,8,0,5.4,TikTok,0,0,22,125,2,2,59,5,9,1,0,0,0,1,4798
35,Female,Filipino,Abu Dhabi,Tier 1,Divorced,Bachelors,Employed Full-Time,21674,0,1,Daily,In-Store,Fashion,4,2957,2,1,4.1,TikTok,0,0,11,65,9,10,96,1,8,1,0,0,1,1,12784
64,Female,Jordanian,Sharjah,Tier 2,Married,Bachelors,Employed Full-Time,16413,1,1,Bi-Weekly,Both,Fashion,13,1741,7,1,7.7,Twitter X,1,0,7,156,2,10,68,5,0,1,1,0,0,1,3600
53,Male,Indian,Dubai,Tier 1,Single,Bachelors,Unemployed,1902,1,1,Rarely,Online,Sports,15,2754,5,1,5.1,YouTube,0,0,13,98,6,1,52,3,1,0,1,0,1,0,5270
64,Male,Egyptian,Dubai,Tier 1,Single,Masters,Employed Full-Time,19939,1,0,Monthly,Online,Luxury,12,1494,3,1,5.1,TikTok,1,1,25,176,8,5,68,7,0,0,1,0,0,0,8981
39,Male,Filipino,Sharjah,Tier 2,Married,Masters,Employed Full-Time,24465,0,1,Daily,Online,Fashion,3,260,3,0,8.0,TikTok,0,1,13,3,7,2,77,0,6,1,1,0,0,1,9539
51,Male,Indian,Dubai,Tier 1,Married,Bachelors,Employed Full-Time,15063,0,1,Bi-Weekly,Online,Fashion,8,1740,3,1,1.2,LinkedIn,0,0,4,131,6,9,80,0,0,1,1,0,1,0,8155
64,Male,Pakistani,Abu Dhabi,Tier 1,Single,Bachelors,Employed Full-Time,20770,0,1,Daily,In-Store,Fashion,1,1827,6,0,2.6,Instagram,1,1,25,75,8,8,107,5,0,1,0,0,0,1,7327
25,Male,Pakistani,Dubai,Tier 1,Single,High School,Employed Full-Time,12603,1,0,Monthly,Both,Groceries,18,2605,5,1,5.4,Twitter X,1,0,9,68,5,8,51,3,5,1,1,1,0,0,4130
57,Male,Indian,Abu Dhabi,Tier 1,Married,Masters,Unemployed,1144,1,0,Weekly,Online,Electronics,13,1396,1,1,2.9,TikTok,1,0,29,167,10,10,114,4,5,0,0,1,0,1,2665
61,Female,Indian,Abu Dhabi,Tier 1,Married,High School,Student,758,1,1,Monthly,Both,Home and Living,7,2549,4,1,3.1,TikTok,0,1,21,160,9,7,90,5,4,0,1,0,0,0,4734
36,Male,Lebanese,Dubai,Tier 1,Divorced,High School,Employed Full-Time,22531,0,0,Rarely,Both,Luxury,13,736,4,1,7.2,TikTok,0,1,27,16,2,7,97,6,3,1,1,1,1,0,4213
59,Female,Other,Dubai,Tier 1,Married,High School,Employed Full-Time,7868,1,1,Rarely,Both,Home and Living,17,2720,5,0,4.8,TikTok,0,1,23,17,6,1,117,5,7,1,0,0,1,0,7144
58,Male,Indian,Abu Dhabi,Tier 1,Married,Masters,Self-Employed,34144,1,1,Rarely,Both,Groceries,13,1020,6,1,1.3,Facebook,0,0,29,139,10,10,68,6,2,0,1,1,0,0,13313
54,Female,Indian,Ajman,Tier 3,Married,Bachelors,Employed Full-Time,18360,0,1,Weekly,Both,Fashion,13,979,7,0,2.8,YouTube,0,1,13,100,7,5,26,6,0,1,1,1,0,0,3015
23,Female,Indian,Ajman,Tier 3,Divorced,Bachelors,Self-Employed,10637,0,1,Weekly,In-Store,Groceries,11,67,9,1,1.1,TikTok,1,0,22,32,9,3,73,1,0,1,1,0,0,1,2017
43,Male,British,Abu Dhabi,Tier 1,Married,PhD,Student,4931,1,0,Bi-Weekly,In-Store,Groceries,14,1364,7,1,4.7,LinkedIn,0,0,16,121,5,9,41,1,4,1,1,0,1,1,3823
51,Female,Indian,Sharjah,Tier 2,Married,Bachelors,Student,2610,1,0,Bi-Weekly,In-Store,Home and Living,10,2883,4,1,1.8,Facebook,1,1,25,118,6,1,75,5,2,1,0,0,0,1,6131
62,Male,Other,Dubai,Tier 1,Divorced,Bachelors,Employed Full-Time,23572,1,0,Daily,Online,Food and Dining,8,1823,1,0,6.9,TikTok,0,0,3,155,9,1,5,1,2,1,1,1,0,1,6876
23,Male,Indian,Dubai,Tier 1,Married,PhD,Employed Full-Time,26101,1,1,Weekly,Online,Electronics,6,2295,9,1,4.8,Snapchat,0,0,28,112,10,9,53,0,1,1,1,0,1,1,6241
54,Female,Pakistani,Dubai,Tier 1,Married,Bachelors,Employed Full-Time,11749,1,1,Rarely,In-Store,Food and Dining,19,1235,7,0,0.9,Facebook,1,0,23,98,6,6,38,4,8,1,0,0,1,0,3366
50,Male,Egyptian,Abu Dhabi,Tier 1,Single,Bachelors,Employed Full-Time,4846,0,1,Rarely,Online,Travel,19,2514,5,1,2.8,Instagram,0,0,14,5,1,10,116,6,5,1,1,0,0,0,5431
39,Male,Lebanese,Dubai,Tier 1,Single,High School,Employed Full-Time,17390,1,0,Weekly,Both,Electronics,12,433,2,1,5.1,TikTok,1,1,10,89,4,0,96,5,6,0,1,0,1,0,6752
38,Female,Pakistani,Dubai,Tier 1,Single,Masters,Student,4254,0,1,Weekly,In-Store,Fashion,7,2297,3,0,3.0,YouTube,1,1,8,92,4,7,93,0,1,0,0,0,0,1,5947
23,Female,Pakistani,Sharjah,Tier 2,Single,Bachelors,Student,4870,1,1,Bi-Weekly,In-Store,Fashion,18,1819,0,1,4.3,Snapchat,0,0,14,146,3,4,102,4,0,1,1,1,0,0,5695
23,Female,Other,Sharjah,Tier 2,Single,Masters,Unemployed,1732,1,0,Monthly,Online,Beauty,18,944,2,1,7.3,TikTok,0,1,21,3,8,9,104,7,7,1,1,1,1,1,2585
21,Male,Emirati,Dubai,Tier 1,Single,Bachelors,Student,713,0,0,Bi-Weekly,In-Store,Electronics,3,1571,3,0,3.1,Instagram,1,0,26,28,6,7,92,3,9,1,0,0,0,0,3114
47,Female,Other,Dubai,Tier 1,Married,Bachelors,Employed Full-Time,22262,0,1,Rarely,Online,Fashion,9,1029,1,1,3.0,Instagram,1,0,19,34,7,1,53,4,3,1,1,1,1,1,6494
28,Male,Indian,Abu Dhabi,Tier 1,Married,Masters,Employed Part-Time,13558,0,1,Monthly,Online,Travel,6,131,5,1,6.6,TikTok,1,0,1,86,9,0,88,6,8,1,0,1,0,0,3487
47,Female,Lebanese,Abu Dhabi,Tier 1,Single,Diploma,Employed Full-Time,24014,0,1,Rarely,Both,Electronics,1,1654,7,1,2.9,Instagram,0,1,27,150,8,1,56,0,8,1,1,0,0,1,5547
48,Female,Egyptian,Abu Dhabi,Tier 1,Married,High School,Employed Full-Time,6819,1,0,Monthly,Online,Groceries,10,2003,5,1,1.1,Instagram,0,0,24,117,3,5,19,1,3,0,0,0,0,1,2289
41,Female,Indian,Dubai,Tier 1,Married,Masters,Employed Part-Time,26319,1,1,Monthly,Both,Luxury,8,1500,9,1,1.9,TikTok,0,1,0,30,4,3,118,0,9,0,0,0,1,1,10411
26,Female,Other,Sharjah,Tier 2,Married,Bachelors,Self-Employed,16022,1,0,Monthly,Online,Travel,17,1534,2,1,7.6,Snapchat,0,0,20,48,1,7,65,3,2,1,1,1,0,1,5386
20,Male,Emirati,Ajman,Tier 3,Married,Bachelors,Self-Employed,13250,0,0,Weekly,Both,Groceries,3,933,8,0,7.5,Instagram,0,0,23,65,4,8,69,7,4,1,1,1,0,1,5902
48,Female,Indian,Dubai,Tier 1,Single,Bachelors,Employed Full-Time,22873,1,1,Weekly,In-Store,Fashion,3,2577,3,1,2.2,Instagram,1,0,19,147,9,8,87,1,5,0,1,0,0,0,6992
57,Female,Filipino,Fujairah,Tier 3,Single,Bachelors,Employed Full-Time,23648,1,1,Monthly,Both,Sports,3,777,5,0,4.7,Instagram,0,0,16,41,5,4,53,0,9,1,1,1,0,1,4005
54,Male,Indian,Dubai,Tier 1,Married,Bachelors,Employed Full-Time,15793,1,1,Weekly,Both,Luxury,7,173,3,1,1.5,Instagram,0,1,3,93,3,5,19,1,3,1,0,0,1,1,4597
53,Female,Egyptian,Dubai,Tier 1,Single,Bachelors,Employed Full-Time,22677,0,1,Bi-Weekly,In-Store,Food and Dining,11,2625,3,1,5.6,Instagram,1,1,4,97,2,10,66,6,0,0,0,0,1,1,11483
41,Male,Emirati,Abu Dhabi,Tier 1,Married,High School,Employed Full-Time,21058,0,1,Monthly,Online,Electronics,18,1711,1,1,1.9,Snapchat,1,1,4,81,6,10,48,3,6,1,0,0,0,1,7172
48,Female,Indian,Dubai,Tier 1,Married,High School,Self-Employed,14070,0,1,Monthly,In-Store,Sports,5,575,9,0,0.9,TikTok,0,1,27,102,4,6,66,4,4,1,0,0,0,1,1898
23,Female,Indian,Dubai,Tier 1,Single,PhD,Student,2480,1,0,Weekly,Online,Groceries,2,2136,1,0,6.7,TikTok,1,0,13,178,6,3,73,4,1,1,0,0,1,0,4955
19,Female,Indian,Dubai,Tier 1,Single,Diploma,Employed Full-Time,5011,1,1,Bi-Weekly,In-Store,Travel,14,2205,1,1,2.9,LinkedIn,0,0,0,41,3,9,18,6,8,1,0,0,1,1,4419
37,Male,Pakistani,Sharjah,Tier 2,Single,Masters,Self-Employed,34052,1,1,Bi-Weekly,In-Store,Groceries,1,2365,1,1,1.3,Snapchat,0,1,1,123,3,2,80,6,7,1,0,0,0,0,8014
45,Female,American,Ajman,Tier 3,Married,Bachelors,Employed Full-Time,23411,1,1,Weekly,Both,Groceries,4,2053,7,0,6.8,Instagram,0,0,21,33,1,1,39,7,9,1,1,0,0,1,5915
28,Female,Other,Abu Dhabi,Tier 1,Married,Bachelors,Unemployed,85,1,0,Rarely,Online,Electronics,14,1426,9,0,6.2,TikTok,0,0,9,82,9,9,73,2,6,1,0,0,0,1,2527
21,Female,Jordanian,Dubai,Tier 1,Single,Masters,Employed Full-Time,29776,1,0,Monthly,Online,Groceries,15,360,3,0,5.6,YouTube,0,1,29,145,7,3,108,7,8,1,0,1,0,1,7585
32,Male,Indian,Abu Dhabi,Tier 1,Single,Diploma,Student,3848,1,0,Rarely,Both,Groceries,17,89,3,1,7.3,YouTube,1,1,4,84,9,8,51,7,9,1,1,1,0,1,2307
23,Male,Pakistani,Abu Dhabi,Tier 1,Single,Bachelors,Student,2985,0,1,Daily,Both,Electronics,3,830,9,0,4.2,Instagram,1,0,8,174,1,4,23,1,1,1,0,0,1,0,2299
47,Female,Indian,Sharjah,Tier 2,Single,Masters,Student,1725,1,1,Weekly,Both,Groceries,4,630,9,0,1.5,Instagram,1,1,12,90,8,0,33,5,2,1,1,0,0,1,2100
55,Male,Indian,Sharjah,Tier 2,Married,Diploma,Employed Full-Time,11121,0,0,Monthly,In-Store,Groceries,18,2249,2,1,1.0,TikTok,0,0,22,71,2,4,60,3,8,1,1,0,1,0,3997
19,Female,Pakistani,Ajman,Tier 3,Single,Masters,Self-Employed,19406,1,1,Bi-Weekly,Online,Luxury,1,2043,4,0,2.9,TikTok,0,0,28,105,3,5,102,0,5,0,1,0,0,0,6180
32,Female,Emirati,Dubai,Tier 1,Married,Bachelors,Employed Full-Time,18986,1,0,Weekly,Both,Electronics,5,2284,3,1,1.2,TikTok,1,0,20,57,1,9,59,5,1,1,1,1,1,1,6646
28,Female,Indian,Sharjah,Tier 2,Married,High School,Employed Full-Time,24068,1,0,Rarely,Online,Luxury,18,479,6,1,4.5,Snapchat,0,1,12,20,7,5,98,0,5,0,1,1,1,0,3924
25,Female,Other,Dubai,Tier 1,Single,Bachelors,Employed Full-Time,24871,1,1,Monthly,Online,Sports,13,2089,9,0,0.6,Instagram,0,0,27,169,5,4,26,2,4,0,1,0,0,0,6297
43,Male,Pakistani,Fujairah,Tier 3,Married,Bachelors,Student,1998,1,1,Bi-Weekly,Online,Fashion,14,506,6,0,3.8,Instagram,0,0,27,75,3,7,17,0,9,1,0,0,0,0,100
62,Male,Pakistani,Dubai,Tier 1,Divorced,Bachelors,Student,2188,0,0,Bi-Weekly,Both,Electronics,3,2850,5,1,1.8,Snapchat,0,1,8,38,4,4,53,6,4,1,0,0,0,0,2866
61,Male,Emirati,Dubai,Tier 1,Married,Bachelors,Employed Full-Time,22973,0,1,Daily,Online,Travel,6,1300,6,1,3.3,YouTube,0,1,13,27,10,10,78,3,4,0,0,0,1,1,10425
22,Male,Indian,Dubai,Tier 1,Married,Masters,Employed Full-Time,25904,0,1,Rarely,Both,Fashion,11,1501,6,0,5.6,Instagram,0,0,16,137,6,9,77,7,1,1,1,0,0,1,12698
23,Male,Jordanian,Sharjah,Tier 2,Married,Bachelors,Unemployed,746,1,1,Monthly,Online,Fashion,9,253,7,1,3.1,Facebook,1,0,2,166,6,2,86,3,5,0,1,1,1,1,1945
43,Female,Indian,Abu Dhabi,Tier 1,Married,Bachelors,Employed Full-Time,23494,0,1,Daily,Online,Groceries,19,2876,0,1,3.1,TikTok,1,0,17,113,2,2,43,6,6,1,0,0,0,1,9523
21,Female,Pakistani,Abu Dhabi,Tier 1,Single,Bachelors,Employed Full-Time,21431,1,1,Weekly,In-Store,Groceries,7,167,2,1,7.9,TikTok,1,0,11,153,7,3,48,4,8,1,0,0,1,1,7454
36,Male,Emirati,Ras Al Khaimah,Tier 3,Married,Masters,Employed Full-Time,22806,0,1,Monthly,Online,Groceries,10,1902,2,0,5.9,LinkedIn,1,0,22,14,2,9,82,1,4,0,0,0,0,1,10642
37,Female,Pakistani,Ras Al Khaimah,Tier 3,Married,Masters,Self-Employed,29583,1,1,Weekly,Both,Food and Dining,7,1877,4,1,4.4,TikTok,1,1,8,37,9,7,20,1,4,1,1,1,0,1,12676
50,Female,Emirati,Dubai,Tier 1,Married,Bachelors,Employed Full-Time,9289,0,0,Rarely,Both,Travel,5,2319,9,0,4.8,Snapchat,0,0,15,178,2,8,94,0,8,1,1,1,0,1,3823
37,Female,Lebanese,Dubai,Tier 1,Divorced,Masters,Self-Employed,24864,0,1,Rarely,Online,Travel,4,946,6,1,5.2,TikTok,0,1,29,92,5,6,35,1,5,1,0,0,0,1,7057
29,Female,Jordanian,Ajman,Tier 3,Married,Bachelors,Employed Full-Time,21945,0,1,Monthly,Both,Groceries,17,2160,9,0,0.7,Instagram,0,1,12,170,8,1,33,6,6,1,0,1,1,1,8117
64,Male,Lebanese,Ajman,Tier 3,Single,High School,Employed Full-Time,19831,1,1,Monthly,Both,Food and Dining,5,2493,5,0,1.1,Snapchat,1,0,27,54,8,8,110,2,3,1,1,1,0,1,7834
18,Male,Indian,Abu Dhabi,Tier 1,Single,Masters,Employed Full-Time,20228,1,1,Bi-Weekly,In-Store,Sports,17,2102,3,0,5.4,TikTok,0,0,17,125,4,5,81,1,3,1,1,0,1,0,7769
43,Male,Jordanian,Abu Dhabi,Tier 1,Married,Bachelors,Employed Full-Time,20958,1,1,Weekly,Both,Luxury,17,557,5,1,3.2,Instagram,0,0,11,163,7,5,99,5,0,0,1,0,1,0,6428
31,Male,Filipino,Dubai,Tier 1,Married,Bachelors,Employed Full-Time,17916,1,1,Monthly,Both,Beauty,17,2242,6,1,0.9,Snapchat,0,1,21,123,8,5,76,6,4,1,1,1,1,0,8564
55,Female,Indian,Sharjah,Tier 2,Married,Bachelors,Employed Full-Time,13934,1,0,Weekly,Online,Fashion,1,1003,3,0,2.7,Instagram,0,1,1,31,8,0,2,0,1,0,1,1,0,0,6094
54,Female,Egyptian,Abu Dhabi,Tier 1,Divorced,Bachelors,Self-Employed,16762,0,1,Bi-Weekly,Online,Travel,2,2759,7,0,1.5,Instagram,0,0,18,98,5,8,34,1,4,1,0,1,0,1,11024
28,Male,Emirati,Abu Dhabi,Tier 1,Married,Bachelors,Employed Full-Time,24400,1,1,Weekly,In-Store,Beauty,19,1232,4,1,7.4,Twitter X,1,1,0,123,10,5,76,5,4,1,0,1,0,0,6733
53,Male,Indian,Dubai,Tier 1,Married,Masters,Self-Employed,30379,1,0,Weekly,Online,Food and Dining,9,1995,2,1,2.0,Instagram,0,1,5,174,2,6,90,3,3,0,0,0,0,0,14141
30,Female,American,Ras Al Khaimah,Tier 3,Single,High School,Unemployed,272,1,1,Weekly,Online,Fashion,15,2878,1,1,1.6,Facebook,0,0,17,145,2,0,32,3,9,1,0,1,0,0,3317
60,Male,Indian,Abu Dhabi,Tier 1,Married,Diploma,Student,3220,1,1,Monthly,In-Store,Food and Dining,19,1008,0,1,5.2,YouTube,0,1,2,113,5,4,21,4,8,1,0,0,0,0,2015
20,Male,Filipino,Dubai,Tier 1,Married,Bachelors,Unemployed,264,1,0,Bi-Weekly,Both,Fashion,5,1904,3,1,4.4,Instagram,0,0,21,85,4,2,5,6,4,1,1,1,0,1,3601
50,Female,Indian,Abu Dhabi,Tier 1,Married,Bachelors,Employed Part-Time,6120,1,1,Weekly,Online,Groceries,13,2108,1,0,4.8,TikTok,0,0,5,90,4,8,28,4,5,1,1,1,0,0,5939
23,Male,Jordanian,Abu Dhabi,Tier 1,Married,High School,Employed Full-Time,22825,1,0,Bi-Weekly,Online,Home and Living,4,118,2,1,3.8,Snapchat,0,0,3,92,3,1,87,4,0,1,1,0,0,0,2019
27,Male,Other,Abu Dhabi,Tier 1,Married,Bachelors,Student,3983,0,0,Daily,Both,Sports,13,1777,0,1,4.0,TikTok,0,0,16,128,9,3,48,4,4,1,0,1,1,0,5580
22,Female,Other,Sharjah,Tier 2,Single,Masters,Student,4196,1,1,Rarely,In-Store,Sports,6,1687,5,0,6.3,Snapchat,0,1,22,22,8,2,96,1,8,1,0,1,1,1,4017
40,Female,Indian,Abu Dhabi,Tier 1,Single,High School,Student,3325,0,0,Bi-Weekly,Both,Beauty,12,1013,3,1,2.1,TikTok,0,0,17,169,4,8,69,6,5,1,1,0,0,1,2004
27,Female,Indian,Ras Al Khaimah,Tier 3,Married,Bachelors,Self-Employed,24792,0,0,Weekly,Both,Electronics,9,1617,4,0,3.5,Instagram,0,1,21,3,7,2,99,6,8,1,1,0,1,1,10212
61,Male,Pakistani,Dubai,Tier 1,Single,Masters,Employed Part-Time,16719,1,0,Weekly,Both,Beauty,15,251,7,1,7.7,Instagram,1,1,6,92,8,0,70,5,3,0,1,1,0,0,6132
19,Male,Emirati,Dubai,Tier 1,Single,High School,Employed Full-Time,18659,0,0,Rarely,Both,Groceries,15,315,3,0,1.9,Facebook,0,0,29,63,6,7,83,0,1,1,1,0,0,1,3714
30,Male,Emirati,Dubai,Tier 1,Single,Masters,Self-Employed,18594,1,0,Bi-Weekly,Online,Home and Living,17,2205,5,1,2.7,Instagram,1,1,1,66,2,0,108,7,8,1,1,1,0,0,9102
57,Female,Filipino,Sharjah,Tier 2,Married,Masters,Employed Full-Time,10612,1,1,Weekly,Online,Fashion,5,2287,2,0,1.9,LinkedIn,0,1,14,46,8,10,40,1,3,1,0,0,0,1,6913
19,Female,Filipino,Abu Dhabi,Tier 1,Single,Bachelors,Employed Full-Time,24838,1,1,Bi-Weekly,Both,Groceries,5,288,7,1,0.7,Facebook,1,1,21,136,3,0,6,0,1,1,1,0,0,1,5847
37,Male,Other,Ajman,Tier 3,Married,Bachelors,Employed Part-Time,6244,1,1,Weekly,Both,Food and Dining,5,1000,2,1,2.5,Instagram,1,1,16,39,4,6,14,0,0,0,0,0,0,0,4378
18,Female,Indian,Sharjah,Tier 2,Married,High School,Employed Full-Time,6803,0,1,Daily,Online,Electronics,14,2440,6,1,0.8,Instagram,1,0,5,153,4,8,119,0,1,1,1,0,1,0,4555
54,Male,Indian,Abu Dhabi,Tier 1,Married,Masters,Employed Full-Time,13017,1,0,Monthly,Online,Home and Living,2,340,6,1,1.7,TikTok,0,0,7,94,7,3,67,0,4,1,1,0,0,0,4358
26,Male,Indian,Fujairah,Tier 3,Married,High School,Self-Employed,15216,1,1,Weekly,Both,Electronics,9,2418,2,1,3.2,Snapchat,0,1,7,47,8,9,11,7,2,1,1,1,0,1,10477
34,Male,Other,Dubai,Tier 1,Single,Bachelors,Student,3045,1,0,Monthly,Online,Fashion,14,1858,2,0,0.7,Twitter X,0,0,6,162,9,3,39,3,5,1,0,0,0,0,4719
26,Male,Lebanese,Sharjah,Tier 2,Married,Bachelors,Self-Employed,24977,1,1,Bi-Weekly,Online,Home and Living,15,2139,9,1,6.1,Instagram,0,1,3,68,1,4,41,5,3,0,1,1,0,1,2537
28,Male,Jordanian,Abu Dhabi,Tier 1,Divorced,Bachelors,Employed Full-Time,17195,0,1,Weekly,Both,Groceries,4,1004,9,0,6.5,Instagram,0,1,19,57,1,4,24,0,1,0,0,0,0,1,7067
32,Male,Other,Abu Dhabi,Tier 1,Married,Bachelors,Unemployed,1135,1,1,Monthly,Online,Beauty,6,1271,7,1,3.6,TikTok,1,1,4,153,7,1,43,1,6,1,1,0,0,0,3727
41,Male,Filipino,Sharjah,Tier 2,Divorced,Masters,Employed Full-Time,26237,1,1,Weekly,Online,Travel,14,2986,2,0,7.9,Instagram,0,0,7,87,4,8,109,0,5,1,0,1,1,1,14316
55,Female,Pakistani,Abu Dhabi,Tier 1,Married,Bachelors,Self-Employed,13809,1,0,Monthly,In-Store,Luxury,5,682,1,0,5.6,Snapchat,0,0,13,62,10,9,82,3,7,1,1,1,0,1,6686
52,Male,Indian,Dubai,Tier 1,Single,PhD,Employed Full-Time,24201,1,1,Monthly,Both,Travel,11,1980,4,0,6.1,TikTok,0,0,19,39,8,8,95,1,9,0,1,1,1,1,8776
47,Female,Filipino,Abu Dhabi,Tier 1,Single,Masters,Employed Full-Time,13201,1,1,Rarely,In-Store,Home and Living,14,2943,6,1,1.9,TikTok,1,0,24,114,5,8,74,6,4,1,1,0,1,0,6934
48,Female,Pakistani,Abu Dhabi,Tier 1,Married,Bachelors,Employed Part-Time,17778,1,1,Weekly,In-Store,Beauty,7,333,7,1,6.8,Snapchat,0,1,2,122,1,8,26,5,2,1,1,1,1,1,3519
22,Male,Pakistani,Ajman,Tier 3,Single,Bachelors,Self-Employed,21772,1,1,Daily,In-Store,Beauty,14,856,0,1,7.6,TikTok,1,1,24,135,2,0,29,2,3,1,1,0,0,0,9320
61,Male,Other,Abu Dhabi,Tier 1,Single,Bachelors,Employed Full-Time,8367,0,1,Bi-Weekly,In-Store,Sports,13,2279,1,0,2.3,TikTok,1,0,17,95,10,7,2,1,4,1,1,0,0,1,7047
31,Male,Other,Ras Al Khaimah,Tier 3,Married,Bachelors,Employed Full-Time,16679,1,1,Weekly,Online,Beauty,18,1084,6,0,5.6,Instagram,1,0,21,6,3,7,30,7,4,1,0,0,0,1,7531
28,Male,Lebanese,Abu Dhabi,Tier 1,Single,Bachelors,Employed Full-Time,14786,0,1,Bi-Weekly,Online,Electronics,2,1956,8,0,6.1,Snapchat,1,1,14,123,2,3,103,6,5,0,0,0,1,0,5200
26,Male,American,Abu Dhabi,Tier 1,Single,Diploma,Employed Full-Time,17012,0,1,Daily,In-Store,Fashion,9,2842,2,1,2.8,TikTok,0,0,20,83,9,9,111,3,8,1,1,1,1,1,10292
51,Female,British,Sharjah,Tier 2,Married,Bachelors,Employed Part-Time,13938,0,1,Bi-Weekly,Both,Groceries,11,2539,7,0,4.1,Instagram,0,0,4,19,7,0,74,5,3,0,0,0,0,1,6477
29,Female,Indian,Abu Dhabi,Tier 1,Married,Bachelors,Employed Full-Time,15693,1,0,Weekly,Both,Electronics,11,2726,9,0,1.2,Instagram,1,0,14,175,2,0,76,3,6,1,0,0,1,0,3479
52,Male,Emirati,Fujairah,Tier 3,Single,Masters,Employed Full-Time,29866,0,1,Monthly,Both,Fashion,6,2485,2,1,1.8,Instagram,0,0,26,19,7,0,84,4,6,1,0,1,1,1,11126
52,Female,British,Abu Dhabi,Tier 1,Married,Bachelors,Employed Full-Time,7978,0,1,Monthly,Both,Home and Living,1,625,3,1,1.0,Instagram,0,0,5,34,10,2,57,2,5,1,1,0,0,1,5157
18,Male,American,Abu Dhabi,Tier 1,Married,Masters,Employed Full-Time,15565,0,0,Daily,Online,Electronics,5,2551,1,0,4.7,TikTok,0,1,9,171,1,9,118,0,0,1,1,0,1,0,7821
57,Female,Emirati,Dubai,Tier 1,Married,Bachelors,Employed Part-Time,8490,1,0,Monthly,Both,Home and Living,14,1668,8,1,5.2,Instagram,0,1,22,141,5,2,105,6,8,1,1,0,1,1,4508
39,Female,Other,Dubai,Tier 1,Single,High School,Self-Employed,21236,1,0,Weekly,Both,Luxury,16,976,4,0,7.4,TikTok,0,1,19,164,5,3,59,3,5,0,1,0,0,0,5262
46,Female,Emirati,Dubai,Tier 1,Single,Bachelors,Employed Full-Time,10377,0,0,Weekly,In-Store,Fashion,9,1075,4,0,4.6,TikTok,0,1,14,25,9,10,19,7,2,1,1,0,0,1,5428
25,Male,Indian,Sharjah,Tier 2,Married,Masters,Employed Full-Time,16517,1,1,Weekly,Online,Fashion,19,860,3,0,2.5,Snapchat,1,0,19,97,4,1,54,4,1,1,1,1,0,1,7290
28,Male,British,Dubai,Tier 1,Single,Bachelors,Employed Part-Time,18567,1,1,Monthly,In-Store,Electronics,8,1315,4,0,0.9,Facebook,1,1,27,56,4,10,70,4,2,1,1,0,1,1,7345
58,Female,Indian,Dubai,Tier 1,Divorced,Diploma,Employed Full-Time,19788,1,1,Bi-Weekly,In-Store,Beauty,8,858,0,0,7.1,TikTok,1,0,8,21,6,10,23,5,0,1,1,0,1,1,6530
54,Male,Emirati,Dubai,Tier 1,Married,High School,Employed Full-Time,21440,0,0,Daily,Online,Home and Living,16,2465,9,1,4.1,Instagram,0,0,3,34,2,8,83,0,2,1,1,1,1,1,9313
31,Female,Indian,Dubai,Tier 1,Married,Bachelors,Employed Full-Time,6260,1,1,Rarely,In-Store,Beauty,18,991,9,1,6.0,Instagram,0,0,7,110,10,9,95,6,4,1,0,0,1,0,3691
47,Male,Lebanese,Dubai,Tier 1,Divorced,Bachelors,Employed Full-Time,21292,0,1,Weekly,Both,Groceries,8,89,5,0,0.6,Instagram,0,0,25,25,6,8,33,6,3,1,1,0,1,1,7566
52,Male,Pakistani,Ajman,Tier 3,Married,Bachelors,Employed Full-Time,20833,1,0,Rarely,Both,Beauty,9,1388,3,0,4.2,TikTok,1,0,12,82,7,9,66,6,9,1,1,0,1,1,6239
38,Male,Egyptian,Sharjah,Tier 2,Single,Bachelors,Student,4788,1,1,Weekly,Online,Luxury,5,606,3,0,2.9,Instagram,0,0,16,107,4,6,79,5,0,0,1,1,0,0,2365
54,Male,Filipino,Sharjah,Tier 2,Single,Bachelors,Self-Employed,7498,1,1,Monthly,Online,Electronics,2,1371,4,1,0.7,TikTok,0,0,3,11,10,1,11,1,4,1,1,0,0,0,4847
22,Female,Emirati,Sharjah,Tier 2,Married,Masters,Self-Employed,24739,1,1,Monthly,Both,Luxury,14,1704,0,1,6.3,LinkedIn,0,1,1,19,9,2,90,2,2,1,0,1,1,0,3577
36,Male,Other,Dubai,Tier 1,Single,Bachelors,Employed Full-Time,14518,1,1,Monthly,Both,Home and Living,18,2077,3,1,4.3,Instagram,1,1,26,177,5,7,18,0,9,1,1,0,1,1,9422
31,Male,Emirati,Ajman,Tier 3,Married,Bachelors,Self-Employed,16501,1,1,Rarely,In-Store,Fashion,13,966,9,1,3.0,YouTube,0,0,25,177,3,8,65,7,6,1,1,1,0,0,4277
43,Male,Other,Dubai,Tier 1,Married,Bachelors,Student,4189,1,1,Monthly,Both,Beauty,12,692,2,0,6.5,LinkedIn,0,1,4,162,9,3,32,5,9,1,0,1,0,1,1407
21,Male,Filipino,Dubai,Tier 1,Married,Masters,Self-Employed,20744,1,0,Bi-Weekly,Online,Electronics,15,2547,4,0,3.9,LinkedIn,0,1,1,130,1,8,4,0,7,0,1,0,0,0,7105
42,Male,Other,Abu Dhabi,Tier 1,Married,Bachelors,Employed Full-Time,4717,0,0,Monthly,In-Store,Groceries,15,444,9,1,0.5,LinkedIn,1,0,15,30,8,3,86,1,4,1,1,0,1,1,3677
62,Male,Indian,Dubai,Tier 1,Married,Bachelors,Employed Part-Time,7345,1,0,Monthly,Both,Fashion,1,841,4,0,7.6,Instagram,1,0,22,109,1,1,36,1,9,1,1,0,0,1,3309
59,Female,Pakistani,Sharjah,Tier 2,Single,Bachelors,Employed Full-Time,19370,1,0,Daily,Both,Electronics,7,2185,7,0,2.4,Instagram,0,0,25,38,10,6,93,3,7,0,1,1,1,1,6487
42,Male,Indian,Dubai,Tier 1,Married,Masters,Employed Part-Time,12500,1,1,Rarely,Both,Groceries,13,2630,0,0,6.7,Instagram,0,1,22,15,8,8,100,1,5,0,1,0,0,1,7640
35,Male,Emirati,Sharjah,Tier 2,Single,Masters,Employed Full-Time,29177,1,1,Bi-Weekly,In-Store,Sports,18,1994,2,1,6.6,Instagram,1,1,14,75,5,1,57,1,5,1,1,1,0,0,3694
57,Male,Egyptian,Abu Dhabi,Tier 1,Married,Bachelors,Student,2539,0,1,Weekly,Both,Food and Dining,1,793,4,1,1.7,TikTok,0,0,24,60,7,7,114,7,4,1,1,1,0,1,2551
25,Male,Indian,Dubai,Tier 1,Single,Bachelors,Self-Employed,13642,1,1,Bi-Weekly,Online,Home and Living,11,2478,2,0,4.1,LinkedIn,1,0,28,132,8,5,33,2,9,0,1,0,1,1,8825
56,Female,Filipino,Sharjah,Tier 2,Married,Masters,Employed Full-Time,31783,1,0,Bi-Weekly,Online,Groceries,13,1628,5,1,0.8,Instagram,0,0,3,83,1,8,103,5,5,1,1,0,0,1,7637
57,Female,Indian,Dubai,Tier 1,Single,Diploma,Employed Full-Time,11035,1,0,Bi-Weekly,Online,Food and Dining,9,2528,9,0,3.2,Instagram,0,0,14,14,1,4,14,5,0,1,0,0,0,1,7023
31,Male,Indian,Abu Dhabi,Tier 1,Single,Masters,Employed Full-Time,22416,0,1,Bi-Weekly,In-Store,Fashion,16,1289,2,0,6.0,Facebook,1,0,4,114,7,0,48,6,7,1,0,0,1,0,7341
49,Female,Lebanese,Dubai,Tier 1,Married,Diploma,Employed Full-Time,4531,1,1,Weekly,Online,Fashion,11,326,5,0,2.3,Instagram,1,0,2,81,1,4,111,6,4,1,1,0,1,0,3073
55,Male,Pakistani,Abu Dhabi,Tier 1,Married,Masters,Employed Full-Time,28290,1,1,Bi-Weekly,Both,Beauty,3,243,7,0,1.4,TikTok,0,1,13,8,4,9,37,2,7,1,0,1,0,1,6166
50,Male,Egyptian,Abu Dhabi,Tier 1,Single,Masters,Employed Full-Time,12485,0,1,Rarely,Both,Beauty,17,228,3,0,4.3,TikTok,0,0,6,77,6,6,109,2,2,1,1,0,0,0,5115
40,Female,Egyptian,Dubai,Tier 1,Single,Bachelors,Employed Full-Time,20130,1,0,Weekly,In-Store,Groceries,2,1216,7,1,4.5,LinkedIn,1,0,14,93,2,10,5,0,9,1,1,0,0,1,4491
32,Female,Jordanian,Ras Al Khaimah,Tier 3,Married,Bachelors,Unemployed,417,1,0,Bi-Weekly,Online,Sports,9,2094,6,1,5.6,Snapchat,0,1,4,111,10,6,50,6,5,1,1,0,0,0,5930
50,Female,Indian,Ajman,Tier 3,Married,High School,Employed Full-Time,13513,1,0,Weekly,Both,Fashion,9,1611,3,1,6.2,Facebook,0,0,8,139,5,3,61,2,0,1,1,1,1,1,7509
42,Male,British,Sharjah,Tier 2,Single,Masters,Employed Full-Time,16120,1,0,Daily,In-Store,Beauty,16,267,2,1,5.7,Instagram,0,0,27,80,10,9,86,2,0,1,1,0,0,1,3348
34,Male,Other,Sharjah,Tier 2,Married,PhD,Employed Full-Time,37006,0,1,Bi-Weekly,Both,Beauty,1,1037,4,1,6.8,YouTube,0,1,12,50,10,5,69,4,3,1,1,1,1,1,12981
50,Male,American,Dubai,Tier 1,Single,Bachelors,Employed Full-Time,13900,0,0,Daily,Both,Luxury,17,606,4,1,2.2,TikTok,0,0,29,87,10,5,101,7,9,0,1,0,1,1,5094
64,Male,Pakistani,Abu Dhabi,Tier 1,Married,Bachelors,Employed Full-Time,15718,1,0,Monthly,Both,Food and Dining,10,1297,6,1,4.8,Facebook,0,1,6,76,6,10,38,2,5,0,0,1,1,0,6844
19,Female,Egyptian,Dubai,Tier 1,Single,Bachelors,Employed Part-Time,20784,0,1,Monthly,In-Store,Home and Living,5,2865,0,1,3.2,YouTube,0,0,3,38,5,9,46,0,2,1,1,1,0,1,4641
31,Male,American,Dubai,Tier 1,Married,Bachelors,Employed Full-Time,15822,1,1,Weekly,Both,Fashion,8,1835,8,0,7.7,Snapchat,0,0,6,152,10,9,98,5,4,1,1,0,0,0,7229
57,Female,Egyptian,Fujairah,Tier 3,Single,Bachelors,Employed Part-Time,15229,0,0,Bi-Weekly,In-Store,Sports,13,126,1,0,3.8,Snapchat,1,0,0,95,8,0,15,7,9,1,0,0,1,0,3160
57,Female,Emirati,Abu Dhabi,Tier 1,Divorced,Bachelors,Self-Employed,7991,1,1,Rarely,In-Store,Fashion,5,648,8,0,7.7,Instagram,0,1,14,166,4,4,112,4,3,1,1,0,0,0,4820
56,Male,Indian,Abu Dhabi,Tier 1,Single,PhD,Employed Full-Time,28366,1,1,Daily,In-Store,Food and Dining,4,1281,8,1,6.3,TikTok,1,1,14,125,8,6,37,6,9,0,1,0,0,1,12966
23,Male,Lebanese,Dubai,Tier 1,Single,High School,Employed Full-Time,11933,1,1,Bi-Weekly,In-Store,Luxury,8,1232,2,0,5.9,LinkedIn,0,0,17,65,3,4,27,7,2,0,0,1,1,1,3506
23,Female,Indian,Abu Dhabi,Tier 1,Single,High School,Employed Full-Time,18583,1,0,Rarely,In-Store,Groceries,7,573,6,1,4.2,Instagram,0,1,14,90,7,7,112,0,8,1,0,1,1,0,3433
20,Male,American,Dubai,Tier 1,Married,Bachelors,Self-Employed,23377,0,1,Rarely,Both,Luxury,5,1431,2,1,3.8,YouTube,1,1,29,17,5,0,1,0,3,0,1,0,1,1,8976
24,Female,Indian,Dubai,Tier 1,Married,Bachelors,Employed Full-Time,12233,1,1,Bi-Weekly,Online,Groceries,10,2910,7,0,4.4,Facebook,1,1,2,100,5,8,29,4,9,1,0,0,0,0,6369
25,Female,Filipino,Dubai,Tier 1,Married,Masters,Employed Part-Time,16880,1,0,Weekly,In-Store,Electronics,17,433,7,1,2.7,TikTok,1,0,4,145,6,1,72,4,6,0,0,1,0,0,5428
59,Male,Emirati,Abu Dhabi,Tier 1,Married,Bachelors,Self-Employed,20410,1,0,Weekly,Both,Sports,6,1639,2,1,7.3,Snapchat,1,1,27,27,5,7,97,4,4,0,1,1,0,1,7913
32,Female,Indian,Abu Dhabi,Tier 1,Married,Bachelors,Employed Part-Time,23917,1,0,Weekly,Both,Groceries,10,2601,4,0,6.5,Instagram,0,0,4,89,1,4,7,4,6,1,1,0,1,1,12177
64,Female,Other,Dubai,Tier 1,Married,Bachelors,Employed Full-Time,6618,1,1,Monthly,Online,Food and Dining,16,1523,6,0,6.5,Instagram,0,0,15,25,9,9,29,0,4,0,1,0,0,1,3368
46,Male,Other,Sharjah,Tier 2,Single,High School,Employed Full-Time,13362,1,1,Daily,Both,Fashion,10,2339,0,0,3.7,TikTok,1,0,22,102,4,6,31,4,2,1,1,0,0,1,3533
50,Female,Egyptian,Dubai,Tier 1,Married,Bachelors,Self-Employed,10639,1,1,Monthly,Both,Travel,4,418,2,1,1.0,TikTok,1,0,24,96,5,10,38,1,5,1,0,0,0,1,4069
47,Male,Pakistani,Sharjah,Tier 2,Single,Bachelors,Student,4174,1,1,Bi-Weekly,In-Store,Sports,2,1544,0,1,5.6,YouTube,0,1,9,177,1,10,8,5,8,0,1,0,1,1,2500
56,Female,British,Fujairah,Tier 3,Married,Bachelors,Unemployed,321,0,0,Daily,Both,Travel,1,337,1,1,3.3,TikTok,1,0,24,58,3,6,95,6,5,1,0,1,0,1,100
44,Female,Egyptian,Sharjah,Tier 2,Married,Bachelors,Student,4233,0,0,Weekly,In-Store,Fashion,3,448,6,0,7.0,Snapchat,0,1,21,124,3,0,37,2,3,0,0,1,0,1,2585
53,Male,Filipino,Ajman,Tier 3,Married,High School,Self-Employed,16952,1,1,Bi-Weekly,Both,Beauty,13,2201,6,0,6.4,Instagram,1,0,22,1,8,7,59,6,0,1,1,1,0,1,8650
46,Male,Emirati,Ras Al Khaimah,Tier 3,Married,High School,Employed Part-Time,20240,1,1,Daily,Both,Luxury,12,1384,2,1,1.6,Facebook,0,0,27,141,8,2,79,6,2,1,1,0,0,0,8364
55,Female,Egyptian,Abu Dhabi,Tier 1,Married,Bachelors,Self-Employed,23282,1,1,Monthly,Online,Home and Living,1,176,5,1,5.0,Snapchat,1,1,12,21,9,3,54,6,2,1,1,0,0,1,4541
50,Male,Lebanese,Sharjah,Tier 2,Divorced,Masters,Employed Full-Time,29878,1,1,Rarely,In-Store,Groceries,10,2137,5,0,5.7,TikTok,1,1,14,1,10,2,116,2,1,1,1,1,1,1,6957
54,Female,Other,Ajman,Tier 3,Single,PhD,Employed Part-Time,47242,0,1,Rarely,In-Store,Beauty,6,1820,1,1,4.8,YouTube,1,1,7,159,7,10,58,5,9,1,0,0,0,1,19773
44,Male,Emirati,Dubai,Tier 1,Single,Bachelors,Employed Full-Time,5722,1,0,Monthly,Online,Food and Dining,9,2979,8,0,4.4,LinkedIn,0,0,19,61,6,1,96,1,1,1,1,1,1,0,4126
50,Female,American,Dubai,Tier 1,Married,High School,Employed Full-Time,8052,1,0,Monthly,Both,Sports,1,296,7,0,2.2,Facebook,1,0,6,3,8,6,26,5,7,0,1,0,1,1,3580
21,Female,Filipino,Ras Al Khaimah,Tier 3,Divorced,High School,Self-Employed,5651,1,0,Bi-Weekly,Online,Home and Living,12,1879,1,1,2.3,YouTube,0,0,13,157,3,9,48,0,7,1,0,0,1,1,2685
39,Female,Pakistani,Sharjah,Tier 2,Single,Bachelors,Employed Full-Time,5778,0,1,Bi-Weekly,In-Store,Luxury,5,2409,3,1,6.3,Snapchat,1,1,5,176,10,4,113,0,2,1,1,0,1,1,5754
19,Male,Indian,Dubai,Tier 1,Single,Bachelors,Employed Full-Time,4683,0,1,Monthly,Both,Groceries,1,2131,8,0,0.6,Twitter X,1,0,7,82,10,6,11,2,3,0,0,1,1,1,3687
27,Female,Pakistani,Abu Dhabi,Tier 1,Single,Masters,Employed Full-Time,19212,0,0,Weekly,Both,Food and Dining,2,2226,3,1,6.3,TikTok,0,0,14,25,10,0,23,3,4,0,1,0,0,1,9350
22,Female,Indian,Sharjah,Tier 2,Single,Masters,Student,573,1,1,Weekly,Both,Beauty,14,2107,6,0,4.5,Instagram,1,0,16,162,8,9,34,5,8,1,1,0,0,0,3223
27,Male,Indian,Abu Dhabi,Tier 1,Married,Bachelors,Self-Employed,17937,1,1,Monthly,Both,Groceries,2,1241,4,1,7.5,YouTube,1,1,4,18,3,1,33,7,4,1,1,1,1,0,8558
50,Male,American,Abu Dhabi,Tier 1,Married,Bachelors,Employed Full-Time,22966,0,1,Rarely,Both,Electronics,5,1857,9,1,8.0,Instagram,0,1,11,28,2,5,81,6,5,0,0,0,0,0,9312
55,Male,British,Sharjah,Tier 2,Married,PhD,Employed Full-Time,34750,1,0,Bi-Weekly,In-Store,Groceries,10,1289,5,0,5.5,Instagram,0,0,12,4,9,5,97,1,6,1,1,0,0,1,15485
30,Female,Filipino,Abu Dhabi,Tier 1,Married,Bachelors,Employed Full-Time,11443,1,0,Bi-Weekly,Both,Beauty,6,1825,0,1,3.6,Instagram,0,1,2,119,1,2,2,7,1,0,0,0,0,0,6784
48,Female,Other,Abu Dhabi,Tier 1,Married,Bachelors,Employed Full-Time,9492,1,0,Bi-Weekly,Online,Sports,5,1675,3,1,4.1,TikTok,0,0,24,116,10,9,113,1,3,1,1,0,0,1,6847
64,Male,Indian,Sharjah,Tier 2,Single,Diploma,Employed Full-Time,20827,1,1,Bi-Weekly,Both,Travel,2,389,4,1,2.0,TikTok,1,0,24,149,10,0,61,7,5,0,1,0,0,1,8113
53,Female,Indian,Sharjah,Tier 2,Married,Masters,Self-Employed,15678,1,0,Bi-Weekly,Online,Food and Dining,9,2778,5,0,1.2,Snapchat,1,1,18,70,2,2,4,2,3,0,1,1,1,0,5854
62,Male,Egyptian,Abu Dhabi,Tier 1,Married,Masters,Employed Full-Time,11382,0,0,Rarely,Both,Electronics,10,1641,5,0,4.8,YouTube,1,1,25,21,7,3,12,6,4,1,0,0,0,1,4313
41,Male,Indian,Dubai,Tier 1,Single,Bachelors,Employed Full-Time,9909,1,1,Bi-Weekly,Online,Home and Living,8,1737,4,1,6.5,Instagram,1,0,29,94,1,0,29,4,2,0,1,0,0,1,4530
32,Female,Indian,Dubai,Tier 1,Married,Bachelors,Employed Full-Time,16869,0,0,Weekly,Online,Home and Living,6,1358,2,0,2.5,Twitter X,1,1,27,148,5,6,106,7,1,1,1,1,1,0,7236
46,Female,Indian,Fujairah,Tier 3,Single,High School,Employed Full-Time,11014,0,1,Monthly,Online,Fashion,5,583,1,1,3.6,Instagram,1,1,14,126,9,2,106,5,0,1,1,0,0,1,5407
25,Male,Emirati,Dubai,Tier 1,Single,Bachelors,Employed Full-Time,15287,0,0,Weekly,Online,Beauty,18,858,6,1,4.7,Instagram,1,0,17,169,9,7,111,3,2,1,0,0,0,0,4266
22,Male,Jordanian,Dubai,Tier 1,Single,High School,Employed Part-Time,11819,1,0,Monthly,In-Store,Groceries,18,2530,0,0,7.3,Snapchat,1,0,20,121,4,6,107,0,9,1,1,0,1,0,8558
46,Female,Indian,Abu Dhabi,Tier 1,Married,Masters,Employed Full-Time,15997,1,1,Bi-Weekly,In-Store,Electronics,2,2855,4,0,1.5,LinkedIn,1,0,19,128,10,5,103,0,8,0,0,1,0,1,9328
64,Male,Pakistani,Sharjah,Tier 2,Single,Masters,Student,2574,0,1,Monthly,Both,Electronics,12,2748,3,1,2.3,Instagram,1,0,6,31,2,7,42,0,0,1,1,0,1,0,5141
21,Male,Emirati,Dubai,Tier 1,Divorced,Bachelors,Employed Part-Time,14056,1,1,Daily,In-Store,Sports,8,2694,6,1,7.4,TikTok,1,0,27,100,9,8,83,0,7,1,1,0,1,1,7959
29,Male,British,Dubai,Tier 1,Single,High School,Employed Full-Time,4715,1,0,Daily,Online,Home and Living,4,2347,1,1,0.8,Instagram,0,0,13,153,4,1,57,1,4,0,1,0,0,0,4706
62,Male,Indian,Dubai,Tier 1,Married,High School,Employed Full-Time,21275,1,0,Weekly,Both,Sports,4,1404,7,0,5.4,LinkedIn,1,0,23,69,3,9,50,1,3,1,1,0,0,1,3786
19,Female,American,Sharjah,Tier 2,Married,Masters,Self-Employed,34480,1,0,Monthly,Online,Sports,9,2512,8,1,5.3,Instagram,1,0,19,17,3,8,66,4,4,1,1,1,0,1,8594
44,Male,Pakistani,Dubai,Tier 1,Divorced,Bachelors,Employed Full-Time,20884,1,1,Weekly,Both,Electronics,9,1275,9,1,3.4,TikTok,1,0,18,148,7,9,7,1,6,1,0,1,0,1,9837
48,Female,Indian,Dubai,Tier 1,Married,Masters,Employed Part-Time,22129,0,0,Bi-Weekly,In-Store,Fashion,12,2103,0,1,4.0,LinkedIn,0,0,24,45,2,4,57,4,7,1,1,0,1,1,5157
53,Female,Filipino,Abu Dhabi,Tier 1,Single,Bachelors,Student,1410,0,1,Rarely,In-Store,Fashion,14,898,4,1,6.9,Snapchat,0,0,23,111,5,0,46,6,1,1,1,1,1,0,1802
53,Male,Indian,Ajman,Tier 3,Single,Bachelors,Employed Full-Time,12894,1,1,Weekly,Online,Groceries,3,1559,3,0,1.7,YouTube,1,0,10,50,2,0,22,4,5,1,1,0,0,1,4380
43,Female,Pakistani,Dubai,Tier 1,Married,Masters,Employed Part-Time,18759,0,0,Monthly,Online,Food and Dining,6,1272,4,1,2.2,YouTube,0,0,26,179,7,6,11,6,3,1,1,1,1,0,7690
60,Female,Indian,Dubai,Tier 1,Single,Bachelors,Self-Employed,22578,1,1,Monthly,Both,Sports,15,62,8,0,4.3,TikTok,0,1,6,120,7,5,33,0,7,1,1,1,0,0,6487
44,Male,Other,Abu Dhabi,Tier 1,Single,Bachelors,Employed Full-Time,14201,1,1,Rarely,In-Store,Fashion,19,2103,2,1,3.6,Snapchat,0,0,10,161,3,9,54,0,3,1,1,0,1,0,5693
22,Male,Emirati,Fujairah,Tier 3,Married,Masters,Self-Employed,31075,0,1,Rarely,Both,Electronics,4,1484,0,1,4.8,Instagram,0,0,7,98,3,8,20,1,2,0,0,0,0,1,4926
37,Female,British,Abu Dhabi,Tier 1,Married,Bachelors,Employed Full-Time,13077,1,1,Bi-Weekly,In-Store,Sports,1,1630,2,1,7.4,YouTube,0,1,23,116,8,0,5,6,4,0,0,1,0,0,3701
28,Female,Indian,Fujairah,Tier 3,Married,High School,Employed Full-Time,21975,0,1,Monthly,Both,Home and Living,9,587,3,1,7.4,Instagram,1,0,9,123,7,9,68,1,3,1,1,0,1,1,8873
27,Female,Indian,Ajman,Tier 3,Married,Bachelors,Self-Employed,24782,1,0,Bi-Weekly,Both,Sports,16,2101,1,1,2.2,Twitter X,1,1,23,29,4,9,14,4,4,1,1,1,0,1,5514
57,Male,Pakistani,Dubai,Tier 1,Married,High School,Self-Employed,14443,0,0,Weekly,Online,Fashion,9,1862,0,0,2.8,TikTok,0,1,10,150,2,9,3,2,8,0,1,1,0,0,7645
55,Female,Other,Abu Dhabi,Tier 1,Married,Masters,Student,4199,1,1,Weekly,Both,Beauty,12,2084,0,0,1.7,TikTok,0,1,0,3,3,9,114,0,2,1,1,0,0,1,4350
23,Male,Indian,Dubai,Tier 1,Married,Masters,Employed Full-Time,28354,1,1,Weekly,Online,Groceries,14,2381,7,1,7.5,Instagram,0,1,19,6,3,6,82,6,1,1,1,0,0,1,11355
25,Male,Emirati,Abu Dhabi,Tier 1,Single,Masters,Employed Full-Time,26009,1,1,Weekly,Both,Luxury,15,771,3,1,3.5,Snapchat,1,1,9,168,5,7,58,3,1,1,1,1,1,1,6632
40,Female,Indian,Dubai,Tier 1,Single,Masters,Employed Full-Time,29146,1,0,Monthly,Both,Electronics,16,1873,1,1,3.9,Instagram,1,0,6,76,7,9,27,2,8,1,0,0,1,0,9178
64,Male,Emirati,Dubai,Tier 1,Divorced,High School,Employed Full-Time,8117,1,1,Rarely,In-Store,Fashion,8,2790,9,1,6.5,Instagram,0,0,21,5,4,3,4,7,6,0,1,1,0,1,3587
43,Male,Indian,Ras Al Khaimah,Tier 3,Married,Bachelors,Employed Full-Time,10982,0,1,Monthly,Online,Home and Living,10,1838,2,0,4.3,Instagram,0,0,2,3,1,0,67,0,9,0,1,0,0,0,3554
63,Male,Filipino,Dubai,Tier 1,Married,Masters,Employed Full-Time,13101,1,1,Weekly,In-Store,Fashion,14,2002,7,0,1.4,Instagram,0,0,18,4,3,10,64,0,3,1,1,1,0,1,7695
60,Male,Emirati,Ajman,Tier 3,Married,Bachelors,Employed Full-Time,13921,0,1,Daily,Both,Sports,17,2754,5,0,3.8,Snapchat,0,0,27,5,3,10,91,1,5,1,0,0,1,1,6800
29,Male,Emirati,Dubai,Tier 1,Married,Masters,Employed Full-Time,26515,1,0,Monthly,Both,Electronics,3,1001,7,1,5.2,TikTok,1,1,3,57,1,2,92,3,9,1,1,1,1,1,5309
43,Female,British,Dubai,Tier 1,Single,Masters,Employed Full-Time,34806,1,1,Weekly,Both,Electronics,4,677,9,0,5.9,Instagram,0,0,29,99,8,1,86,5,5,0,1,0,0,1,7297
30,Male,Indian,Ajman,Tier 3,Single,Bachelors,Unemployed,1482,0,1,Monthly,Online,Travel,16,1827,4,1,5.3,Snapchat,0,1,25,170,4,2,42,3,2,1,1,0,0,0,2295
57,Female,Indian,Abu Dhabi,Tier 1,Married,Bachelors,Self-Employed,19348,0,1,Monthly,Both,Groceries,14,2471,2,0,1.4,Twitter X,0,0,5,83,5,5,29,0,8,1,0,1,0,0,11070
35,Female,Indian,Sharjah,Tier 2,Married,Bachelors,Employed Full-Time,6430,1,0,Bi-Weekly,Both,Fashion,14,1691,5,1,2.8,Snapchat,0,1,29,156,3,9,80,5,3,1,1,1,0,1,5529
42,Female,Egyptian,Dubai,Tier 1,Single,Masters,Student,1190,0,0,Weekly,Online,Fashion,16,1197,9,1,6.0,YouTube,0,0,0,55,4,2,35,7,0,1,0,0,0,1,2107
50,Male,Indian,Abu Dhabi,Tier 1,Single,Bachelors,Employed Part-Time,6936,1,1,Weekly,Online,Travel,8,1467,7,1,7.1,Instagram,1,1,25,166,1,9,19,5,1,0,1,1,1,1,5178
64,Female,Pakistani,Sharjah,Tier 2,Single,PhD,Student,4652,1,1,Weekly,Both,Home and Living,18,699,4,1,0.9,Twitter X,1,0,3,23,4,3,116,4,4,0,0,0,0,1,3237
57,Male,Indian,Abu Dhabi,Tier 1,Married,Bachelors,Employed Full-Time,13307,1,0,Bi-Weekly,Both,Food and Dining,7,2822,4,0,0.8,Snapchat,1,1,24,135,2,0,94,3,7,1,0,0,0,0,5638
60,Female,Filipino,Abu Dhabi,Tier 1,Married,Diploma,Employed Full-Time,10709,0,1,Rarely,Online,Luxury,3,861,2,0,5.3,Snapchat,0,0,6,38,10,5,79,2,6,1,0,0,0,1,2211
29,Female,Indian,Ras Al Khaimah,Tier 3,Married,High School,Student,1249,0,0,Daily,Both,Luxury,6,1129,2,0,4.6,Snapchat,1,0,10,109,6,1,69,7,8,1,0,0,1,0,4032
61,Female,Egyptian,Abu Dhabi,Tier 1,Single,High School,Employed Full-Time,24707,1,1,Weekly,In-Store,Beauty,16,2229,7,0,1.7,TikTok,1,1,5,85,2,3,31,4,0,0,1,1,1,0,12185
53,Male,Lebanese,Ajman,Tier 3,Married,Masters,Student,4064,0,1,Bi-Weekly,Both,Luxury,4,2878,0,1,4.6,TikTok,0,1,26,37,9,4,43,7,1,1,1,0,1,1,6325
21,Female,Egyptian,Sharjah,Tier 2,Married,Masters,Self-Employed,32653,0,0,Weekly,In-Store,Groceries,19,2219,3,1,7.8,Snapchat,1,1,4,134,2,4,95,1,9,1,0,0,0,0,6016
22,Male,Indian,Sharjah,Tier 2,Married,Bachelors,Unemployed,398,1,0,Monthly,In-Store,Luxury,2,2299,8,0,5.2,Instagram,1,0,11,138,4,3,73,0,3,1,1,0,1,1,4674
54,Female,Indian,Dubai,Tier 1,Married,Masters,Employed Full-Time,20933,0,0,Weekly,Online,Sports,4,2039,5,0,3.9,Snapchat,0,1,28,155,4,2,77,0,6,1,1,1,0,1,9264
25,Female,Indian,Dubai,Tier 1,Married,Masters,Employed Full-Time,16632,1,0,Rarely,Both,Sports,2,1675,5,1,6.7,Facebook,0,0,1,116,1,3,107,2,0,0,0,0,1,0,6129
59,Male,Indian,Ajman,Tier 3,Divorced,High School,Employed Full-Time,18245,1,1,Rarely,In-Store,Groceries,7,2799,9,1,2.1,TikTok,0,0,17,106,7,2,21,2,4,1,1,1,1,1,6913
45,Female,Indian,Dubai,Tier 1,Single,Bachelors,Unemployed,1732,0,0,Monthly,Both,Home and Living,15,2655,6,1,3.6,Instagram,0,1,21,57,1,2,110,5,1,1,1,1,0,1,3435
48,Male,Lebanese,Dubai,Tier 1,Married,Masters,Employed Full-Time,32973,1,0,Weekly,Online,Beauty,17,1897,6,0,4.5,Instagram,0,1,8,92,8,3,95,1,1,0,0,1,0,1,9288
26,Male,Indian,Dubai,Tier 1,Married,Bachelors,Employed Part-Time,5535,1,1,Weekly,Both,Beauty,14,1915,5,0,4.3,Instagram,1,0,13,16,3,8,65,7,1,0,0,0,1,1,3640
46,Male,Pakistani,Dubai,Tier 1,Married,Bachelors,Employed Full-Time,12281,1,1,Monthly,In-Store,Food and Dining,11,628,8,1,7.4,Instagram,0,0,11,114,8,8,105,1,8,1,0,0,1,1,4837
31,Male,Filipino,Ras Al Khaimah,Tier 3,Single,Masters,Employed Full-Time,24843,0,1,Monthly,Online,Beauty,17,1186,7,0,2.7,Instagram,1,1,8,59,8,7,77,5,9,1,1,0,0,1,9110
57,Female,Filipino,Ajman,Tier 3,Single,Bachelors,Employed Full-Time,17450,1,1,Monthly,Online,Electronics,5,2324,7,1,0.9,Instagram,1,0,0,156,10,3,34,5,4,0,1,0,1,0,9581
58,Male,Emirati,Abu Dhabi,Tier 1,Single,High School,Employed Full-Time,8190,1,0,Bi-Weekly,Online,Home and Living,14,2271,1,1,7.4,Instagram,1,0,6,3,10,1,61,3,7,1,0,1,0,1,4446
39,Male,Jordanian,Dubai,Tier 1,Divorced,Diploma,Student,844,1,1,Weekly,Both,Sports,17,1069,6,0,2.1,TikTok,1,1,6,117,5,8,36,4,9,1,1,0,1,1,2967
28,Female,Indian,Sharjah,Tier 2,Married,Bachelors,Employed Full-Time,14093,1,1,Rarely,In-Store,Travel,2,1207,0,1,3.3,YouTube,1,0,9,158,3,5,80,0,5,1,1,0,0,1,4494
40,Female,American,Abu Dhabi,Tier 1,Married,Masters,Student,1287,0,0,Weekly,Online,Home and Living,7,1699,9,1,4.5,YouTube,1,1,1,19,9,7,74,3,0,1,0,0,1,0,3110
18,Female,Lebanese,Fujairah,Tier 3,Married,Masters,Self-Employed,27855,1,1,Daily,Online,Electronics,4,2240,7,0,7.8,Instagram,0,1,29,97,1,3,102,1,9,1,1,1,1,1,9643
63,Female,British,Abu Dhabi,Tier 1,Single,High School,Employed Part-Time,7960,1,0,Daily,In-Store,Electronics,8,618,2,0,4.5,Instagram,0,1,27,136,1,7,41,2,8,1,1,0,0,1,2477
54,Female,Filipino,Dubai,Tier 1,Married,Bachelors,Employed Part-Time,10834,1,0,Monthly,Online,Fashion,1,1367,8,0,3.9,TikTok,1,0,25,19,2,5,34,3,6,1,1,0,1,1,6105
38,Male,Emirati,Abu Dhabi,Tier 1,Married,Bachelors,Employed Full-Time,14564,1,1,Daily,In-Store,Fashion,10,326,4,1,4.9,Instagram,0,0,3,36,10,5,25,2,1,0,0,0,0,1,3379
43,Male,Indian,Fujairah,Tier 3,Single,Bachelors,Employed Full-Time,18742,0,1,Bi-Weekly,Both,Luxury,1,1565,6,1,7.8,Snapchat,0,1,28,112,6,5,57,5,7,1,1,0,0,1,5505
63,Female,Egyptian,Sharjah,Tier 2,Married,Masters,Self-Employed,28952,1,1,Weekly,In-Store,Fashion,1,1636,6,1,6.6,TikTok,0,1,7,60,2,8,65,4,1,1,1,1,1,0,10688
53,Male,Indian,Abu Dhabi,Tier 1,Married,Bachelors,Employed Full-Time,20902,0,0,Weekly,In-Store,Fashion,4,2008,8,0,1.8,TikTok,0,0,21,34,4,0,76,6,1,1,0,1,0,0,6045
40,Female,Jordanian,Dubai,Tier 1,Married,Bachelors,Employed Full-Time,7710,1,1,Monthly,Online,Sports,17,1544,1,1,6.5,Twitter X,1,1,26,155,6,0,22,2,3,1,1,1,0,0,5253
18,Male,Indian,Sharjah,Tier 2,Single,Bachelors,Employed Full-Time,21213,1,1,Daily,Online,Groceries,5,2373,3,1,6.8,Twitter X,0,0,13,167,2,4,60,6,7,0,1,0,0,1,9704
57,Male,Indian,Sharjah,Tier 2,Divorced,Bachelors,Self-Employed,10627,0,1,Weekly,Both,Electronics,14,283,7,1,5.7,YouTube,0,1,12,42,4,0,54,6,6,0,1,1,0,1,2758
32,Female,Indian,Dubai,Tier 1,Divorced,Bachelors,Employed Full-Time,11988,1,0,Bi-Weekly,Both,Home and Living,6,1315,4,0,5.4,Instagram,0,0,15,42,7,9,22,0,1,1,1,0,1,0,8057
38,Female,Indian,Abu Dhabi,Tier 1,Single,Bachelors,Employed Full-Time,6986,1,1,Bi-Weekly,In-Store,Electronics,7,81,4,1,3.8,LinkedIn,1,1,6,88,1,8,61,4,9,1,1,0,1,0,1268
64,Female,Filipino,Dubai,Tier 1,Single,High School,Employed Full-Time,14509,0,0,Weekly,Online,Home and Living,8,1421,2,1,5.3,Snapchat,1,0,9,176,9,3,112,2,5,0,0,0,1,1,3197
26,Female,British,Dubai,Tier 1,Single,Masters,Unemployed,1865,0,0,Rarely,In-Store,Luxury,18,809,4,1,6.0,Snapchat,0,0,10,159,10,1,66,3,3,1,1,0,0,0,2724
26,Male,Egyptian,Dubai,Tier 1,Divorced,High School,Employed Full-Time,16665,1,0,Rarely,Both,Food and Dining,4,1848,6,1,1.4,LinkedIn,1,0,10,22,10,2,45,0,9,1,0,1,1,1,7364
27,Male,Lebanese,Dubai,Tier 1,Married,Bachelors,Employed Part-Time,20560,1,0,Bi-Weekly,Both,Electronics,3,1844,3,1,2.4,YouTube,0,0,29,87,7,8,72,0,0,0,0,0,1,1,7579
43,Female,Other,Abu Dhabi,Tier 1,Single,Masters,Employed Part-Time,12178,1,1,Weekly,Both,Fashion,4,842,7,1,2.0,Facebook,0,1,5,41,9,10,97,1,7,1,0,0,0,1,3991
58,Female,Lebanese,Dubai,Tier 1,Single,High School,Self-Employed,13906,0,1,Weekly,Online,Home and Living,16,1441,5,0,6.8,TikTok,1,0,24,24,7,7,69,1,7,1,1,0,0,1,4643
52,Male,Emirati,Dubai,Tier 1,Single,Bachelors,Employed Full-Time,10170,1,0,Monthly,Both,Fashion,13,811,5,1,5.6,TikTok,0,1,26,168,1,2,64,7,5,0,0,0,0,1,3304
42,Female,American,Ajman,Tier 3,Married,Bachelors,Self-Employed,6623,0,1,Bi-Weekly,Both,Beauty,11,314,5,1,3.9,Snapchat,0,1,11,160,7,7,10,3,9,0,0,0,0,0,1829
43,Male,Indian,Abu Dhabi,Tier 1,Married,High School,Employed Full-Time,23162,1,0,Weekly,In-Store,Electronics,11,2312,3,1,6.7,Twitter X,1,0,9,51,9,3,67,5,6,0,1,1,0,1,8818
28,Male,Indian,Abu Dhabi,Tier 1,Divorced,Bachelors,Employed Full-Time,19576,1,0,Monthly,In-Store,Sports,5,331,2,0,5.9,Facebook,0,1,25,33,8,5,11,1,2,1,1,1,1,1,8664
55,Male,Egyptian,Dubai,Tier 1,Married,PhD,Self-Employed,26377,1,0,Bi-Weekly,In-Store,Travel,1,579,9,1,7.4,TikTok,0,1,8,28,4,3,118,2,8,0,0,0,0,1,9123
19,Female,Indian,Abu Dhabi,Tier 1,Married,Bachelors,Self-Employed,8365,1,0,Bi-Weekly,Both,Food and Dining,14,1932,5,0,1.1,TikTok,0,1,21,90,5,10,94,5,3,0,0,0,1,1,3567
24,Female,Emirati,Dubai,Tier 1,Single,Diploma,Self-Employed,15379,1,0,Weekly,Both,Luxury,19,2078,5,0,4.3,Instagram,0,0,5,82,3,4,28,7,1,0,1,0,0,0,9101
35,Male,Indian,Sharjah,Tier 2,Single,Bachelors,Student,4202,1,1,Weekly,Online,Electronics,5,2099,1,1,5.8,YouTube,1,0,8,122,10,9,5,7,3,1,0,1,1,1,4487
44,Female,Emirati,Dubai,Tier 1,Married,Bachelors,Employed Full-Time,8755,0,1,Rarely,In-Store,Home and Living,6,2610,9,1,2.1,Instagram,1,1,25,79,10,8,12,1,1,1,1,0,0,1,5826
51,Male,Other,Abu Dhabi,Tier 1,Single,Bachelors,Student,4533,1,1,Monthly,Both,Beauty,19,865,8,0,3.0,Snapchat,0,0,24,102,2,1,44,7,3,1,1,0,1,0,2001
44,Male,Emirati,Dubai,Tier 1,Single,Bachelors,Employed Full-Time,24054,1,1,Weekly,Online,Food and Dining,12,513,3,0,3.6,LinkedIn,0,0,2,22,3,8,109,0,1,1,1,1,0,0,8068
34,Male,Indian,Sharjah,Tier 2,Divorced,Bachelors,Self-Employed,13098,0,1,Bi-Weekly,In-Store,Travel,14,1520,3,0,6.5,TikTok,1,1,6,18,7,2,93,3,7,1,1,0,0,0,5703
60,Male,Pakistani,Abu Dhabi,Tier 1,Married,Bachelors,Employed Full-Time,19991,0,0,Bi-Weekly,Online,Food and Dining,17,1436,9,0,4.2,Twitter X,0,0,2,2,8,4,90,2,5,1,1,0,1,1,7454
61,Male,Indian,Abu Dhabi,Tier 1,Single,Bachelors,Employed Full-Time,23905,1,0,Weekly,Online,Travel,7,213,7,1,4.2,Twitter X,0,0,19,94,2,6,93,0,7,1,1,0,1,1,5267
41,Female,Other,Dubai,Tier 1,Single,Bachelors,Employed Full-Time,22259,0,0,Bi-Weekly,Both,Beauty,1,1776,2,0,3.7,Instagram,1,1,29,89,9,1,29,0,0,1,1,0,1,1,9684
42,Female,Emirati,Abu Dhabi,Tier 1,Single,Bachelors,Employed Full-Time,7958,1,1,Bi-Weekly,In-Store,Sports,17,1660,9,1,2.2,TikTok,0,0,24,154,4,3,78,4,8,0,1,0,0,1,5337
24,Female,Filipino,Fujairah,Tier 3,Divorced,Bachelors,Employed Full-Time,6136,1,1,Weekly,Both,Food and Dining,6,2635,6,1,7.4,Facebook,1,1,25,39,2,0,36,1,1,1,0,1,0,1,5419
23,Male,British,Sharjah,Tier 2,Single,Bachelors,Employed Full-Time,14788,0,0,Weekly,Online,Home and Living,4,560,6,0,2.9,TikTok,0,1,7,17,7,10,35,6,7,1,1,0,1,0,3024
41,Male,Other,Dubai,Tier 1,Single,Masters,Employed Full-Time,24385,0,0,Weekly,Online,Luxury,14,1847,1,1,4.8,Snapchat,0,0,21,16,2,2,113,5,3,0,0,1,1,1,8890
50,Male,Egyptian,Dubai,Tier 1,Married,Masters,Employed Part-Time,33612,0,0,Bi-Weekly,Both,Food and Dining,8,1294,2,1,1.6,Snapchat,1,0,21,155,7,5,8,2,1,1,0,1,0,1,10273
46,Male,Lebanese,Ras Al Khaimah,Tier 3,Single,Bachelors,Employed Full-Time,12599,0,0,Bi-Weekly,In-Store,Home and Living,18,604,3,1,3.8,Instagram,0,0,7,177,8,1,16,3,0,0,0,0,0,0,3557
60,Female,Emirati,Abu Dhabi,Tier 1,Single,Bachelors,Employed Full-Time,12715,1,1,Weekly,Online,Fashion,13,2738,1,1,7.3,TikTok,0,0,12,131,9,7,43,3,3,1,1,1,1,1,8978
39,Male,Indian,Abu Dhabi,Tier 1,Single,Bachelors,Employed Full-Time,7050,1,0,Bi-Weekly,Both,Fashion,8,1356,8,0,8.0,Instagram,0,0,1,42,1,6,69,3,9,1,0,1,0,0,2326
43,Female,Indian,Ras Al Khaimah,Tier 3,Single,PhD,Employed Full-Time,30586,1,1,Weekly,In-Store,Electronics,16,1958,9,0,3.2,Instagram,1,0,13,63,2,2,16,4,0,1,1,0,0,0,14201
45,Female,Other,Ajman,Tier 3,Single,High School,Student,2272,1,1,Monthly,In-Store,Beauty,5,1447,5,0,1.7,Snapchat,0,1,4,29,2,0,56,7,7,0,1,0,1,0,4431
38,Male,Indian,Abu Dhabi,Tier 1,Single,Masters,Student,4402,1,0,Weekly,In-Store,Beauty,3,308,0,1,2.9,Snapchat,1,0,12,130,7,9,41,2,1,0,0,0,0,0,2071
24,Female,Indian,Abu Dhabi,Tier 1,Married,Bachelors,Employed Full-Time,5309,1,1,Bi-Weekly,Online,Home and Living,13,2542,0,1,3.0,Instagram,0,0,22,107,6,3,77,0,7,0,0,1,1,0,7753
34,Female,Indian,Dubai,Tier 1,Single,Bachelors,Employed Part-Time,11202,0,1,Bi-Weekly,In-Store,Beauty,15,1274,7,1,5.3,Facebook,0,0,27,104,9,3,8,5,9,1,1,0,0,1,6238
37,Female,Emirati,Sharjah,Tier 2,Married,Bachelors,Self-Employed,11700,0,1,Monthly,In-Store,Food and Dining,4,1715,5,1,4.2,TikTok,1,0,12,14,3,10,54,4,0,0,1,0,0,1,4211
58,Male,Indian,Dubai,Tier 1,Married,Bachelors,Employed Full-Time,8718,1,1,Monthly,Online,Fashion,3,1453,9,0,6.3,YouTube,1,1,18,12,8,4,90,5,6,0,1,1,0,1,7667
37,Male,Other,Dubai,Tier 1,Married,Masters,Self-Employed,16054,1,1,Weekly,Both,Travel,2,1915,6,0,5.8,TikTok,0,0,23,24,5,2,5,5,6,1,1,1,0,1,7660
39,Male,Pakistani,Dubai,Tier 1,Single,Bachelors,Employed Full-Time,14233,0,1,Rarely,Online,Electronics,4,815,5,1,2.4,Instagram,0,1,2,28,5,10,9,1,4,1,1,1,0,0,5268
45,Male,Egyptian,Dubai,Tier 1,Single,Bachelors,Employed Full-Time,18171,1,0,Monthly,Both,Home and Living,6,114,1,1,6.4,Facebook,0,0,13,146,10,1,102,0,2,0,0,0,0,1,5475
57,Male,American,Sharjah,Tier 2,Married,Bachelors,Employed Full-Time,14726,0,1,Bi-Weekly,Online,Home and Living,4,2755,2,1,6.9,Snapchat,0,0,3,101,5,1,66,3,5,1,0,0,1,0,9466
24,Female,Indian,Abu Dhabi,Tier 1,Married,Masters,Employed Full-Time,30362,1,0,Rarely,Both,Luxury,17,1719,7,1,5.0,TikTok,0,1,25,134,8,7,71,1,4,1,0,0,1,1,6723
18,Male,Indian,Abu Dhabi,Tier 1,Married,Bachelors,Employed Part-Time,4145,1,1,Weekly,Both,Beauty,7,2139,3,1,7.5,TikTok,1,0,9,30,7,6,30,2,8,1,1,0,0,0,3034
49,Female,Indian,Dubai,Tier 1,Single,High School,Employed Full-Time,16014,0,1,Daily,Online,Fashion,18,928,7,0,6.4,Instagram,1,0,5,34,7,0,81,2,3,1,1,1,1,1,7863
30,Female,Indian,Ajman,Tier 3,Married,Bachelors,Employed Full-Time,23958,0,1,Monthly,Both,Groceries,10,245,2,1,5.0,TikTok,1,0,5,156,4,8,108,6,8,1,1,0,1,1,8064
47,Male,Egyptian,Dubai,Tier 1,Single,Bachelors,Employed Full-Time,5858,1,0,Rarely,In-Store,Fashion,17,1433,1,1,7.3,Instagram,1,1,1,75,6,2,95,6,9,1,1,0,0,1,5133
40,Male,Pakistani,Sharjah,Tier 2,Single,Masters,Self-Employed,29692,1,1,Weekly,Both,Groceries,4,1845,6,0,5.0,Snapchat,1,0,1,16,1,2,65,5,5,1,1,1,1,0,6006
36,Female,Emirati,Ajman,Tier 3,Married,High School,Self-Employed,7598,0,0,Bi-Weekly,Both,Beauty,19,2485,0,0,4.4,LinkedIn,0,0,18,154,6,0,92,6,8,0,1,0,0,1,6533
49,Female,Filipino,Abu Dhabi,Tier 1,Single,Bachelors,Employed Part-Time,17583,1,1,Monthly,Online,Home and Living,7,114,2,1,3.2,Twitter X,0,0,2,159,5,10,30,4,2,0,1,0,1,0,2732
47,Female,Other,Abu Dhabi,Tier 1,Married,Bachelors,Employed Full-Time,18869,0,1,Rarely,Online,Travel,13,1370,1,0,7.1,Instagram,0,1,19,27,1,3,47,2,0,0,0,0,0,0,7797
46,Male,Lebanese,Ras Al Khaimah,Tier 3,Married,PhD,Employed Part-Time,39361,1,0,Weekly,Online,Travel,3,1500,4,0,1.4,LinkedIn,0,0,3,112,1,9,95,6,5,1,1,1,0,0,12960
62,Male,Jordanian,Dubai,Tier 1,Married,Bachelors,Employed Full-Time,19216,1,1,Weekly,In-Store,Beauty,8,272,1,1,4.1,TikTok,1,0,3,49,3,10,88,3,3,0,0,1,0,1,1454
46,Male,Lebanese,Abu Dhabi,Tier 1,Married,Bachelors,Employed Full-Time,15358,1,1,Weekly,Online,Electronics,11,1582,9,0,4.5,Instagram,1,0,25,137,4,1,31,4,9,1,1,0,1,0,7107
47,Male,Indian,Abu Dhabi,Tier 1,Married,PhD,Employed Full-Time,47995,1,1,Bi-Weekly,In-Store,Luxury,16,491,4,1,4.7,Facebook,0,1,25,26,1,2,60,4,3,1,1,1,0,1,6456
33,Female,Lebanese,Dubai,Tier 1,Married,Bachelors,Employed Full-Time,8352,1,1,Rarely,Online,Beauty,19,1487,2,0,5.4,TikTok,1,1,10,6,10,10,117,3,3,1,1,0,0,1,4559
57,Female,Indian,Sharjah,Tier 2,Single,Diploma,Employed Part-Time,16106,1,1,Bi-Weekly,Both,Beauty,9,952,8,0,4.3,Instagram,1,0,2,135,7,0,75,2,0,1,1,0,0,0,4658
36,Female,Egyptian,Ajman,Tier 3,Married,High School,Student,613,1,0,Rarely,Online,Home and Living,10,2550,9,1,2.4,Instagram,0,0,16,13,2,2,106,1,4,1,1,1,1,1,5778
35,Female,Egyptian,Sharjah,Tier 2,Single,Bachelors,Self-Employed,13096,1,1,Monthly,Online,Home and Living,6,2417,8,1,6.9,TikTok,1,0,8,177,4,3,80,4,8,0,1,1,1,0,7209
18,Female,Emirati,Dubai,Tier 1,Single,Masters,Employed Full-Time,21486,1,0,Bi-Weekly,Online,Travel,3,819,7,1,5.4,Instagram,0,1,13,10,9,5,9,1,2,0,0,0,1,1,6052
31,Male,Lebanese,Dubai,Tier 1,Single,PhD,Employed Full-Time,49746,1,1,Daily,Both,Food and Dining,8,932,4,1,6.9,Twitter X,0,1,1,43,8,2,94,1,1,1,1,1,0,1,15728
64,Male,Other,Abu Dhabi,Tier 1,Married,Bachelors,Employed Full-Time,14809,0,1,Weekly,Both,Food and Dining,6,500,9,1,2.6,TikTok,1,1,13,110,2,10,76,6,1,1,0,0,0,0,2869
19,Female,Indian,Dubai,Tier 1,Married,PhD,Self-Employed,27675,1,1,Daily,Online,Luxury,8,2993,6,0,5.3,TikTok,0,1,2,177,9,5,54,1,9,1,0,1,0,1,9476
45,Male,Lebanese,Abu Dhabi,Tier 1,Married,Bachelors,Self-Employed,13868,1,1,Weekly,Both,Travel,14,1152,1,1,5.9,Instagram,0,0,1,112,1,1,111,5,6,1,1,0,1,0,7990
47,Female,Emirati,Abu Dhabi,Tier 1,Married,Masters,Unemployed,764,1,1,Daily,Both,Electronics,8,792,2,1,3.4,Twitter X,0,1,21,101,6,10,61,1,5,0,1,0,0,1,4000
55,Female,Filipino,Abu Dhabi,Tier 1,Divorced,Bachelors,Employed Full-Time,8195,0,1,Weekly,Both,Travel,11,2454,1,0,6.6,TikTok,0,0,21,18,3,7,64,7,1,1,1,1,0,0,6371
21,Male,Pakistani,Abu Dhabi,Tier 1,Married,Bachelors,Self-Employed,12456,1,0,Bi-Weekly,In-Store,Electronics,10,1659,9,0,0.5,TikTok,0,0,28,11,1,4,80,3,0,0,1,0,0,1,6039
18,Female,Filipino,Abu Dhabi,Tier 1,Married,PhD,Employed Part-Time,19284,1,0,Bi-Weekly,Online,Sports,10,1594,0,1,5.0,Twitter X,1,1,0,10,8,0,97,6,6,1,1,0,0,1,6960
25,Female,Other,Dubai,Tier 1,Married,PhD,Student,3849,1,0,Weekly,Online,Fashion,11,2879,2,0,5.1,Instagram,1,0,3,156,6,5,6,0,5,1,1,0,0,1,6601
46,Female,Other,Dubai,Tier 1,Single,Bachelors,Self-Employed,15678,0,1,Monthly,Online,Groceries,1,2663,3,0,4.5,TikTok,0,0,9,53,4,2,45,2,4,1,1,0,1,1,9749
56,Female,Lebanese,Abu Dhabi,Tier 1,Married,High School,Employed Part-Time,9178,0,0,Bi-Weekly,In-Store,Fashion,15,1965,8,1,5.2,Snapchat,1,0,14,54,3,3,65,0,4,1,0,0,0,1,6274
20,Female,Indian,Abu Dhabi,Tier 1,Married,High School,Employed Part-Time,14898,1,1,Monthly,In-Store,Groceries,5,1298,1,1,1.8,TikTok,0,0,20,153,10,9,77,5,9,0,1,0,1,1,6008
49,Male,Other,Sharjah,Tier 2,Divorced,Bachelors,Self-Employed,9566,1,0,Monthly,Both,Groceries,14,577,8,0,5.6,Instagram,0,1,11,6,2,7,37,0,2,1,0,1,0,1,2488
27,Male,Emirati,Sharjah,Tier 2,Married,High School,Employed Full-Time,24353,1,1,Monthly,Online,Electronics,8,773,0,0,3.0,TikTok,0,0,5,106,5,7,99,4,4,1,1,0,0,0,7965
27,Female,Jordanian,Fujairah,Tier 3,Married,Bachelors,Employed Full-Time,9420,1,1,Rarely,Online,Luxury,17,290,8,1,3.9,TikTok,1,1,20,139,8,10,108,0,5,0,1,1,0,0,2377
36,Female,Indian,Dubai,Tier 1,Married,Bachelors,Employed Full-Time,4607,0,0,Weekly,Both,Travel,4,2711,5,1,3.0,YouTube,0,0,2,33,8,7,90,0,6,1,1,0,1,1,3611
63,Male,Emirati,Dubai,Tier 1,Single,Masters,Employed Full-Time,16609,1,1,Weekly,Both,Luxury,4,2192,7,0,4.1,TikTok,1,0,2,69,3,4,106,3,6,0,0,1,0,0,7614
51,Male,Egyptian,Dubai,Tier 1,Single,High School,Employed Part-Time,6394,1,0,Weekly,Both,Travel,18,414,2,0,5.2,Instagram,0,0,18,96,9,0,73,1,9,1,0,1,1,0,3809
50,Female,Indian,Sharjah,Tier 2,Married,Bachelors,Employed Full-Time,15051,1,1,Bi-Weekly,Online,Sports,19,1258,7,0,6.8,Twitter X,0,1,21,174,10,8,17,0,9,1,0,0,0,1,5178
40,Female,Indian,Abu Dhabi,Tier 1,Married,Bachelors,Employed Full-Time,12070,1,1,Weekly,Both,Food and Dining,3,1209,8,0,4.1,TikTok,0,1,19,88,5,10,102,0,7,1,1,1,0,1,4603
45,Female,Indian,Sharjah,Tier 2,Single,Bachelors,Employed Full-Time,14039,1,0,Bi-Weekly,Online,Home and Living,9,74,6,0,2.9,TikTok,1,0,3,55,7,8,110,5,4,1,1,1,1,1,4648
49,Female,Emirati,Abu Dhabi,Tier 1,Married,Bachelors,Employed Part-Time,6021,0,0,Weekly,Both,Home and Living,7,2010,3,0,4.2,Snapchat,0,1,18,51,9,7,99,4,3,1,1,0,0,1,6525
24,Male,Indian,Ras Al Khaimah,Tier 3,Married,Bachelors,Employed Full-Time,24982,1,0,Bi-Weekly,Online,Travel,2,2415,5,0,5.7,Snapchat,0,0,13,25,7,10,25,2,6,1,1,0,0,1,11883
46,Male,Emirati,Ras Al Khaimah,Tier 3,Divorced,Masters,Employed Full-Time,24893,1,1,Bi-Weekly,In-Store,Groceries,9,2430,5,0,3.1,Snapchat,1,0,3,105,10,2,50,4,1,1,1,0,0,1,12399
25,Female,Pakistani,Dubai,Tier 1,Married,Masters,Employed Full-Time,10188,1,1,Weekly,Both,Electronics,6,611,1,1,3.6,Instagram,0,1,7,23,3,5,71,2,7,1,1,1,0,1,2131
18,Male,Emirati,Abu Dhabi,Tier 1,Married,Masters,Employed Full-Time,23073,1,1,Bi-Weekly,Both,Sports,6,730,1,0,4.7,Twitter X,0,1,18,178,2,6,105,2,3,1,0,1,0,0,7110
20,Male,British,Abu Dhabi,Tier 1,Divorced,PhD,Student,1940,1,1,Rarely,Both,Fashion,16,2197,4,1,2.7,Instagram,0,1,25,46,7,3,111,2,9,0,0,0,0,1,5619
41,Male,Indian,Dubai,Tier 1,Married,Masters,Employed Full-Time,17145,1,0,Monthly,Both,Beauty,2,2467,0,1,2.1,TikTok,1,0,18,172,10,9,31,3,0,1,1,0,0,1,10490
40,Female,Other,Dubai,Tier 1,Married,Masters,Self-Employed,15927,1,1,Weekly,In-Store,Fashion,16,1666,4,1,1.6,Instagram,0,0,21,141,8,6,32,3,1,1,0,1,0,1,8104
25,Female,Other,Abu Dhabi,Tier 1,Single,Bachelors,Employed Part-Time,17613,0,1,Monthly,Both,Luxury,3,1085,9,1,3.1,Twitter X,0,1,0,176,4,8,115,1,0,0,1,0,1,0,7041
64,Male,Indian,Dubai,Tier 1,Single,Bachelors,Unemployed,278,1,0,Daily,Online,Food and Dining,16,769,2,1,0.9,Snapchat,0,0,25,145,1,5,48,2,4,1,1,1,1,0,3149
54,Male,Lebanese,Abu Dhabi,Tier 1,Married,Bachelors,Employed Full-Time,10087,1,1,Bi-Weekly,Online,Electronics,12,2174,2,0,4.9,Facebook,0,0,21,14,6,1,83,3,0,0,0,1,1,1,3714
20,Female,Lebanese,Sharjah,Tier 2,Married,Bachelors,Employed Full-Time,6933,1,0,Weekly,Both,Fashion,3,636,7,0,1.8,Facebook,1,1,14,158,9,5,115,6,8,1,1,1,1,1,3109
50,Female,Other,Dubai,Tier 1,Married,Bachelors,Employed Full-Time,22665,1,0,Rarely,Both,Fashion,11,1023,2,0,3.3,Instagram,1,0,10,105,4,2,17,3,3,1,0,1,0,0,6214
45,Male,Filipino,Abu Dhabi,Tier 1,Married,Bachelors,Employed Full-Time,12264,1,1,Daily,Online,Sports,11,2779,2,0,2.5,TikTok,1,0,8,122,3,6,61,5,9,1,1,0,1,1,6826
64,Male,Emirati,Dubai,Tier 1,Single,Masters,Self-Employed,29960,1,1,Weekly,Online,Groceries,16,1896,0,1,5.2,Snapchat,1,0,2,158,6,2,57,5,2,1,0,0,1,0,8243
25,Male,Egyptian,Sharjah,Tier 2,Married,Bachelors,Employed Full-Time,20867,1,1,Rarely,Online,Beauty,5,1421,7,1,6.9,TikTok,0,0,17,33,6,7,57,7,8,1,0,0,0,0,9498
51,Female,Egyptian,Dubai,Tier 1,Married,Bachelors,Employed Full-Time,13221,0,0,Bi-Weekly,Both,Fashion,8,1516,9,1,5.2,Instagram,1,1,18,120,4,10,70,7,3,0,1,0,0,0,7315
52,Male,Egyptian,Ajman,Tier 3,Married,Diploma,Student,2956,1,1,Monthly,Online,Groceries,11,740,9,1,4.6,LinkedIn,0,0,15,31,7,10,89,6,0,1,0,0,1,1,2133
49,Male,Indian,Abu Dhabi,Tier 1,Married,Bachelors,Employed Part-Time,17164,1,0,Daily,Online,Fashion,11,137,5,0,5.5,Facebook,0,1,15,23,2,4,33,5,1,1,0,0,0,0,5704
41,Female,Jordanian,Dubai,Tier 1,Married,Bachelors,Employed Full-Time,24163,0,1,Bi-Weekly,Online,Home and Living,18,2562,7,1,0.7,TikTok,1,0,27,115,1,2,19,0,3,0,1,0,0,1,13869
31,Female,Other,Abu Dhabi,Tier 1,Divorced,Bachelors,Employed Full-Time,10101,1,0,Rarely,Online,Fashion,19,543,2,1,1.4,Twitter X,1,1,2,54,6,0,15,6,0,1,1,1,1,1,4654
49,Male,Indian,Dubai,Tier 1,Married,PhD,Employed Full-Time,37943,1,0,Bi-Weekly,Both,Home and Living,10,1295,5,1,1.2,Snapchat,0,0,17,175,3,4,35,7,5,0,0,0,1,1,10185
63,Female,Emirati,Abu Dhabi,Tier 1,Single,Bachelors,Student,1674,1,0,Monthly,Both,Groceries,4,2070,1,1,1.2,Instagram,1,0,12,177,3,9,49,2,6,1,1,0,0,0,3947
60,Male,Indian,Abu Dhabi,Tier 1,Married,Bachelors,Student,610,0,1,Rarely,Online,Groceries,10,1191,2,1,2.5,TikTok,1,0,26,84,1,9,96,4,0,1,0,0,1,1,1394
33,Female,Jordanian,Abu Dhabi,Tier 1,Married,Bachelors,Student,4059,1,1,Monthly,Online,Fashion,14,185,3,0,4.5,TikTok,0,1,19,56,2,10,102,5,5,1,1,0,0,1,2571
21,Male,British,Dubai,Tier 1,Married,Bachelors,Student,1526,1,1,Weekly,Both,Sports,6,1027,8,1,1.4,Instagram,0,1,7,92,3,2,36,0,2,0,1,1,0,0,2806
54,Female,Egyptian,Dubai,Tier 1,Married,Bachelors,Employed Full-Time,8723,0,1,Weekly,Both,Beauty,5,2284,3,1,7.5,Instagram,0,0,6,8,1,3,96,3,6,1,0,0,0,1,5066
38,Male,Pakistani,Sharjah,Tier 2,Divorced,Masters,Employed Full-Time,26923,1,1,Daily,Online,Travel,15,591,6,1,6.9,YouTube,0,0,25,150,8,9,96,3,1,1,1,0,1,1,5586
31,Female,Filipino,Abu Dhabi,Tier 1,Married,Masters,Employed Full-Time,26225,0,0,Bi-Weekly,Online,Fashion,5,2676,7,0,7.8,TikTok,0,1,24,62,6,3,104,3,1,1,1,0,0,1,10622
48,Female,Indian,Dubai,Tier 1,Divorced,Masters,Self-Employed,17202,0,0,Rarely,Both,Electronics,6,979,4,1,0.8,LinkedIn,1,1,23,54,9,2,54,7,3,1,1,1,1,1,6827
35,Female,Pakistani,Sharjah,Tier 2,Single,Masters,Student,2879,1,1,Bi-Weekly,Both,Fashion,19,1452,1,1,6.9,Instagram,0,0,28,163,1,5,36,3,7,1,0,0,0,1,1734
24,Female,Lebanese,Dubai,Tier 1,Married,Bachelors,Employed Full-Time,22693,0,0,Rarely,Both,Groceries,17,860,7,0,6.5,Instagram,0,1,22,119,4,5,53,4,2,1,1,1,1,0,6535
27,Female,Other,Sharjah,Tier 2,Divorced,Masters,Employed Full-Time,22139,0,1,Monthly,Online,Fashion,14,461,4,0,7.3,LinkedIn,0,0,21,108,4,0,60,1,7,0,1,0,0,1,8619
24,Male,Other,Dubai,Tier 1,Divorced,Bachelors,Student,3790,0,1,Rarely,In-Store,Electronics,11,266,4,0,4.5,TikTok,0,1,18,88,5,3,98,1,6,0,0,0,0,1,2389
50,Male,Other,Dubai,Tier 1,Single,Masters,Employed Full-Time,22924,1,0,Rarely,Both,Groceries,14,2767,6,1,6.4,LinkedIn,0,0,25,15,2,0,74,2,4,0,1,0,0,1,12124
40,Female,Pakistani,Ras Al Khaimah,Tier 3,Single,Bachelors,Student,953,0,0,Monthly,Both,Sports,5,879,5,0,0.9,Instagram,0,0,19,114,1,6,44,6,3,1,1,0,1,1,3796
38,Male,Pakistani,Dubai,Tier 1,Married,High School,Employed Full-Time,17974,1,1,Monthly,Both,Sports,13,1183,2,1,1.1,YouTube,1,1,23,5,9,6,33,6,9,0,1,0,0,1,9619
36,Female,British,Sharjah,Tier 2,Single,Bachelors,Employed Full-Time,20735,0,0,Monthly,Online,Groceries,12,334,6,1,1.4,TikTok,1,0,11,17,5,5,44,7,9,1,1,0,1,1,5231
36,Female,Other,Dubai,Tier 1,Single,Bachelors,Employed Full-Time,17724,1,0,Monthly,In-Store,Beauty,19,2980,0,1,7.4,Instagram,1,0,17,92,8,10,55,5,1,1,1,0,0,0,10782
53,Male,Indian,Abu Dhabi,Tier 1,Single,Bachelors,Employed Part-Time,15414,1,1,Monthly,Online,Sports,10,819,3,1,1.0,Facebook,1,0,14,117,3,1,74,3,8,1,1,0,1,1,4764
46,Female,Indian,Ajman,Tier 3,Married,Masters,Employed Part-Time,14286,1,1,Monthly,Both,Groceries,13,1946,3,0,1.3,Twitter X,0,1,11,131,4,3,44,2,3,0,1,1,1,0,6916
35,Male,Indian,Dubai,Tier 1,Married,High School,Employed Full-Time,19395,1,0,Weekly,Both,Luxury,15,618,5,0,7.5,Instagram,1,1,5,147,4,2,51,7,4,0,1,0,0,0,2398
19,Female,Egyptian,Sharjah,Tier 2,Single,Bachelors,Student,2901,1,0,Bi-Weekly,Both,Food and Dining,13,1371,5,1,1.3,YouTube,0,0,28,102,6,10,99,4,1,0,1,1,1,1,3020
18,Male,Indian,Abu Dhabi,Tier 1,Single,Masters,Self-Employed,15605,1,1,Weekly,Online,Travel,4,2658,9,1,7.0,Facebook,0,1,16,165,4,7,86,2,1,1,0,0,0,1,5583
64,Male,Indian,Abu Dhabi,Tier 1,Married,Bachelors,Self-Employed,7166,1,1,Weekly,Online,Beauty,9,2794,7,1,6.4,TikTok,1,0,22,149,5,1,51,1,1,0,1,0,1,1,8410
22,Female,Emirati,Abu Dhabi,Tier 1,Married,Masters,Employed Full-Time,16822,1,0,Bi-Weekly,Online,Home and Living,19,2808,0,0,0.8,Instagram,1,0,3,101,5,9,87,1,9,1,1,1,1,1,6097
37,Female,Indian,Ajman,Tier 3,Single,Bachelors,Student,2286,1,0,Rarely,Online,Sports,7,579,6,0,0.7,TikTok,1,0,11,51,8,1,7,6,1,1,1,0,1,0,3359
28,Female,Jordanian,Dubai,Tier 1,Married,Diploma,Employed Full-Time,4299,1,1,Monthly,Online,Groceries,15,2586,3,0,4.5,Instagram,0,0,16,54,9,0,85,5,8,1,1,1,0,0,8584
59,Female,Indian,Dubai,Tier 1,Married,Bachelors,Employed Full-Time,24250,0,1,Daily,Both,Luxury,17,1817,5,0,8.0,TikTok,0,0,20,139,8,8,1,1,4,1,1,0,0,1,9319
19,Male,British,Ajman,Tier 3,Divorced,High School,Employed Full-Time,17551,1,0,Monthly,In-Store,Groceries,14,2124,9,1,7.1,Twitter X,1,0,4,158,5,2,13,2,5,0,1,0,0,0,6125
20,Female,Egyptian,Sharjah,Tier 2,Divorced,Bachelors,Employed Full-Time,4563,1,0,Rarely,In-Store,Travel,14,2093,8,0,2.8,Facebook,1,0,28,90,6,7,73,6,3,0,1,1,1,0,1959
40,Male,Jordanian,Dubai,Tier 1,Married,High School,Student,3740,1,0,Monthly,Both,Fashion,9,1191,2,1,3.4,TikTok,1,1,5,113,4,6,48,3,1,1,1,1,0,0,2567
29,Female,Indian,Abu Dhabi,Tier 1,Married,PhD,Employed Full-Time,34526,0,0,Monthly,Both,Electronics,16,1127,7,0,3.4,Instagram,1,0,14,171,2,0,114,7,2,1,1,0,0,0,11534
37,Female,Other,Abu Dhabi,Tier 1,Married,High School,Employed Full-Time,21574,1,0,Weekly,In-Store,Home and Living,2,553,2,1,6.0,YouTube,0,0,27,36,5,10,111,0,2,1,1,1,1,1,4892
22,Female,Filipino,Dubai,Tier 1,Married,Bachelors,Student,1859,1,0,Weekly,Online,Beauty,14,2074,5,0,3.1,Instagram,0,0,7,90,1,5,84,1,9,0,0,0,1,0,2827
54,Female,Other,Dubai,Tier 1,Married,Bachelors,Employed Part-Time,14096,1,0,Bi-Weekly,Online,Electronics,4,201,1,1,1.6,Instagram,0,0,19,120,1,7,47,2,7,1,0,1,0,0,5002
55,Male,Other,Sharjah,Tier 2,Single,Masters,Self-Employed,31466,0,0,Daily,In-Store,Beauty,3,786,8,1,6.1,Facebook,0,0,15,91,1,5,47,0,7,0,0,0,0,1,11594
47,Female,Indian,Dubai,Tier 1,Married,Bachelors,Employed Full-Time,13218,1,0,Weekly,Both,Fashion,3,528,1,0,3.9,Twitter X,1,1,12,154,4,8,10,1,5,1,1,0,0,1,3919
26,Male,Emirati,Sharjah,Tier 2,Married,Diploma,Self-Employed,22802,0,0,Rarely,Both,Home and Living,11,1735,4,0,1.1,YouTube,1,0,27,98,5,9,26,1,9,1,1,0,1,1,10867
51,Female,Indian,Sharjah,Tier 2,Single,High School,Employed Full-Time,18613,1,0,Monthly,In-Store,Groceries,5,1289,5,0,6.4,YouTube,0,0,22,60,4,2,50,4,7,1,1,1,1,0,7109
61,Male,Filipino,Dubai,Tier 1,Married,High School,Unemployed,1324,0,1,Weekly,Both,Fashion,16,2928,3,0,4.9,YouTube,1,0,26,90,6,5,47,1,2,1,0,1,1,1,6811
52,Female,Indian,Dubai,Tier 1,Single,Bachelors,Employed Part-Time,23335,1,1,Weekly,Both,Groceries,19,1421,6,1,4.2,TikTok,1,0,14,22,2,9,44,6,6,1,1,0,0,1,10384
39,Female,Indian,Dubai,Tier 1,Single,Masters,Self-Employed,18434,1,1,Weekly,Both,Fashion,9,1413,6,0,5.6,Instagram,0,1,19,24,5,3,1,0,4,0,1,0,0,0,5640
61,Male,Pakistani,Abu Dhabi,Tier 1,Single,Masters,Employed Full-Time,33190,1,1,Daily,Both,Home and Living,11,899,6,0,4.3,Snapchat,1,0,29,140,6,9,109,0,8,1,1,0,0,1,5589
41,Male,Emirati,Sharjah,Tier 2,Single,High School,Employed Full-Time,10619,0,1,Monthly,Online,Fashion,12,2651,6,1,5.4,Instagram,0,1,12,75,5,2,63,3,8,0,1,0,0,1,5093
34,Female,Indian,Dubai,Tier 1,Single,High School,Employed Full-Time,13119,1,0,Weekly,Online,Luxury,8,1746,9,0,7.0,Instagram,0,1,14,60,6,7,17,6,4,1,0,1,0,1,6968
27,Male,Pakistani,Abu Dhabi,Tier 1,Married,Masters,Employed Full-Time,30488,1,1,Monthly,In-Store,Electronics,14,1448,9,0,5.1,Instagram,1,1,1,149,8,6,17,7,5,1,1,0,1,1,11281
47,Male,Emirati,Dubai,Tier 1,Married,High School,Employed Full-Time,17327,0,1,Monthly,In-Store,Groceries,17,1610,8,0,5.4,Instagram,1,1,23,80,2,6,39,0,0,0,1,1,0,0,5413
63,Male,Pakistani,Dubai,Tier 1,Married,High School,Self-Employed,5042,1,0,Bi-Weekly,In-Store,Home and Living,15,1376,1,1,5.1,TikTok,1,1,20,164,7,4,43,2,3,1,1,0,0,1,6183
40,Male,Pakistani,Dubai,Tier 1,Single,High School,Employed Full-Time,9444,1,1,Monthly,Online,Electronics,15,1315,4,0,4.5,TikTok,0,1,25,7,6,0,76,2,0,1,0,1,1,1,6269
49,Female,Pakistani,Dubai,Tier 1,Married,High School,Self-Employed,8188,1,0,Weekly,Both,Fashion,12,1451,9,1,1.8,TikTok,1,1,19,53,10,5,41,7,3,1,1,1,1,1,5833
34,Female,Jordanian,Dubai,Tier 1,Married,Bachelors,Employed Full-Time,17060,1,1,Bi-Weekly,Online,Groceries,9,1758,8,0,3.0,LinkedIn,0,1,27,156,8,5,15,5,0,1,1,0,1,1,5278
34,Male,Filipino,Dubai,Tier 1,Married,High School,Employed Full-Time,14233,1,1,Monthly,Both,Electronics,12,1462,1,0,5.7,Facebook,0,0,29,24,9,2,1,5,9,1,0,0,1,1,5140
31,Male,Pakistani,Ajman,Tier 3,Married,Bachelors,Self-Employed,7088,0,0,Monthly,In-Store,Beauty,19,2384,2,0,3.7,YouTube,1,1,17,53,8,4,58,5,3,0,1,0,0,0,5853
26,Male,Pakistani,Sharjah,Tier 2,Married,Masters,Self-Employed,17392,1,1,Weekly,Online,Home and Living,12,1803,6,0,3.5,TikTok,0,0,6,13,5,8,54,7,5,0,1,0,1,0,6359
57,Male,Lebanese,Dubai,Tier 1,Married,Bachelors,Employed Full-Time,17127,0,0,Weekly,Online,Fashion,11,2552,8,1,6.2,Instagram,0,1,20,78,4,6,96,1,8,1,1,0,0,1,8883
19,Male,Other,Dubai,Tier 1,Married,Masters,Employed Full-Time,10689,1,1,Weekly,Online,Beauty,6,2010,2,0,0.5,Instagram,1,0,8,95,3,7,75,7,1,1,1,0,0,1,4880
62,Male,Jordanian,Dubai,Tier 1,Single,High School,Employed Part-Time,19453,1,1,Bi-Weekly,Online,Food and Dining,8,676,9,1,5.6,Facebook,0,1,6,72,10,8,5,3,1,1,1,0,0,1,8234
42,Male,British,Dubai,Tier 1,Married,Masters,Employed Full-Time,29522,1,1,Monthly,Both,Travel,11,1314,7,1,4.2,LinkedIn,0,1,8,1,9,5,62,1,5,1,1,0,0,1,10039
56,Female,Indian,Abu Dhabi,Tier 1,Married,Bachelors,Employed Full-Time,5747,0,1,Bi-Weekly,Online,Electronics,3,2309,7,1,3.3,Instagram,1,0,28,104,7,4,115,3,9,1,1,1,0,1,5526
26,Male,Indian,Abu Dhabi,Tier 1,Married,Masters,Employed Part-Time,21932,1,1,Monthly,Both,Electronics,16,412,3,1,3.1,LinkedIn,1,0,11,115,1,9,82,7,5,1,0,0,1,0,7619
39,Female,Emirati,Dubai,Tier 1,Married,High School,Employed Full-Time,21551,0,1,Weekly,Online,Beauty,6,2695,5,0,1.8,Snapchat,1,1,9,81,3,4,114,6,2,1,0,0,1,1,7448
60,Female,Other,Dubai,Tier 1,Married,PhD,Employed Full-Time,49911,0,0,Monthly,Online,Fashion,9,2230,7,0,3.0,Instagram,1,1,9,41,3,4,82,4,1,0,1,0,0,1,11902
63,Female,Egyptian,Dubai,Tier 1,Married,Bachelors,Student,3048,1,0,Bi-Weekly,Both,Electronics,9,1582,8,0,3.4,Facebook,1,0,12,13,6,3,87,3,2,1,0,0,1,0,3654
21,Female,American,Dubai,Tier 1,Single,Bachelors,Self-Employed,24856,1,1,Daily,In-Store,Fashion,6,2374,1,1,3.8,Snapchat,0,1,4,175,2,1,116,4,3,1,0,0,0,0,6774
43,Female,Indian,Sharjah,Tier 2,Single,Diploma,Employed Full-Time,15931,1,1,Bi-Weekly,In-Store,Electronics,5,1338,0,0,5.5,Instagram,1,1,26,27,4,6,71,5,3,1,1,0,0,1,5434
46,Female,Jordanian,Dubai,Tier 1,Single,Bachelors,Employed Full-Time,4483,0,0,Bi-Weekly,Online,Beauty,1,2702,4,0,3.9,TikTok,1,0,21,123,2,6,46,6,6,1,1,0,0,1,6399
62,Female,Indian,Abu Dhabi,Tier 1,Married,Bachelors,Employed Full-Time,4451,1,1,Weekly,Online,Beauty,3,706,9,1,6.5,Twitter X,1,0,7,40,5,7,90,6,3,0,0,1,0,1,2207
51,Female,Emirati,Abu Dhabi,Tier 1,Married,PhD,Student,3424,0,1,Monthly,Online,Electronics,3,1433,2,0,5.3,Snapchat,0,1,9,160,4,7,65,7,9,1,1,0,0,0,2038
40,Female,Indian,Ajman,Tier 3,Married,Bachelors,Employed Part-Time,17386,1,1,Rarely,In-Store,Beauty,12,716,5,1,1.9,TikTok,1,0,5,76,4,10,28,6,5,0,1,0,0,0,6063
54,Female,Filipino,Ajman,Tier 3,Married,High School,Employed Full-Time,11207,0,0,Weekly,Online,Beauty,4,2233,0,0,2.6,YouTube,1,0,10,171,4,7,84,4,5,1,1,0,1,0,6356
28,Male,Pakistani,Sharjah,Tier 2,Married,Diploma,Employed Full-Time,8397,1,1,Bi-Weekly,In-Store,Home and Living,16,2862,3,1,1.1,Instagram,0,1,3,52,4,8,41,7,9,1,1,0,0,1,6150
23,Male,Jordanian,Dubai,Tier 1,Divorced,Bachelors,Employed Full-Time,9671,1,0,Weekly,Both,Food and Dining,11,2525,5,1,7.6,Instagram,0,0,1,80,5,5,112,6,2,1,0,0,1,0,4896
35,Male,Emirati,Abu Dhabi,Tier 1,Married,Masters,Employed Full-Time,12291,0,1,Rarely,Online,Food and Dining,8,2927,1,0,7.1,TikTok,0,0,5,34,2,3,23,1,8,1,1,1,0,1,5858
38,Female,Filipino,Sharjah,Tier 2,Married,Bachelors,Self-Employed,22157,0,1,Weekly,Both,Beauty,9,2692,7,0,1.1,LinkedIn,1,0,12,134,6,1,32,7,9,0,1,1,0,1,9315
59,Female,Filipino,Dubai,Tier 1,Married,Masters,Employed Full-Time,14866,1,1,Weekly,Online,Travel,14,969,3,0,4.8,Snapchat,1,0,28,48,1,4,58,2,4,0,1,0,1,1,5180
53,Female,Indian,Abu Dhabi,Tier 1,Single,Bachelors,Employed Full-Time,11412,1,1,Bi-Weekly,Both,Electronics,15,2601,1,0,7.7,Facebook,1,1,11,146,10,5,102,3,9,0,1,0,0,1,9894
58,Female,Jordanian,Ajman,Tier 3,Married,Diploma,Employed Full-Time,22449,1,1,Daily,Both,Beauty,19,2201,0,1,6.1,YouTube,0,0,13,81,2,6,39,1,8,1,1,0,1,1,7606
55,Male,American,Abu Dhabi,Tier 1,Married,Bachelors,Employed Full-Time,12589,1,0,Weekly,Online,Sports,9,2000,7,0,4.2,Twitter X,1,0,29,167,3,5,82,7,9,0,1,0,0,1,7536
51,Male,American,Dubai,Tier 1,Single,High School,Employed Full-Time,18929,1,1,Daily,Both,Beauty,17,2591,9,1,2.3,Instagram,1,1,24,7,2,3,33,4,5,1,1,0,0,1,7463
34,Female,Other,Dubai,Tier 1,Married,Bachelors,Employed Part-Time,10332,1,0,Weekly,In-Store,Fashion,9,437,0,0,2.6,Twitter X,0,0,7,6,3,3,58,4,5,0,1,0,0,0,3704
54,Female,American,Dubai,Tier 1,Married,High School,Self-Employed,19979,0,1,Weekly,Online,Electronics,3,1818,6,1,6.0,Facebook,1,0,2,53,8,6,89,6,8,1,1,0,0,1,9179
42,Female,Indian,Dubai,Tier 1,Divorced,Masters,Unemployed,148,1,1,Monthly,In-Store,Groceries,16,2832,6,1,6.4,Instagram,0,0,4,1,3,0,32,0,9,0,0,0,0,1,3915
55,Male,British,Abu Dhabi,Tier 1,Single,Masters,Student,4019,1,1,Rarely,Both,Home and Living,13,954,5,0,4.5,TikTok,1,0,21,29,10,2,112,0,4,1,1,0,1,1,4165
29,Male,Indian,Sharjah,Tier 2,Married,Bachelors,Employed Part-Time,5946,1,1,Bi-Weekly,Both,Food and Dining,17,2430,7,1,1.4,Facebook,0,0,6,92,1,9,114,7,2,1,1,0,1,0,5090
40,Female,Indian,Dubai,Tier 1,Married,Masters,Self-Employed,10291,1,0,Bi-Weekly,Online,Fashion,4,426,9,1,7.5,Instagram,0,1,17,103,8,1,50,3,2,1,1,0,1,1,5024
59,Female,Emirati,Ajman,Tier 3,Single,High School,Unemployed,1646,1,0,Monthly,In-Store,Travel,9,289,0,1,6.8,Instagram,0,0,5,123,8,1,51,2,1,0,0,0,1,1,1787
39,Female,American,Abu Dhabi,Tier 1,Married,Bachelors,Employed Full-Time,19084,1,0,Weekly,Online,Electronics,9,2827,0,1,1.6,Facebook,0,1,17,102,7,6,92,0,1,0,1,0,0,0,8297
38,Female,British,Dubai,Tier 1,Single,Bachelors,Employed Full-Time,6421,1,1,Weekly,In-Store,Food and Dining,18,231,0,1,0.9,LinkedIn,1,1,7,98,4,4,77,5,5,1,1,1,0,1,1941
44,Male,Indian,Sharjah,Tier 2,Single,Bachelors,Employed Full-Time,24303,0,1,Monthly,In-Store,Luxury,14,1330,5,1,4.5,Instagram,0,0,6,177,5,2,19,6,7,1,1,1,0,0,11483
48,Female,American,Sharjah,Tier 2,Single,High School,Employed Part-Time,11345,0,0,Weekly,Online,Electronics,3,793,6,0,2.6,TikTok,1,0,1,59,10,8,3,5,7,1,1,1,1,1,7611
23,Female,Other,Abu Dhabi,Tier 1,Single,Masters,Self-Employed,13909,1,0,Bi-Weekly,In-Store,Fashion,4,890,9,0,2.6,Snapchat,0,0,3,141,6,8,116,4,7,0,0,0,0,1,3491
44,Female,Emirati,Ajman,Tier 3,Married,High School,Employed Full-Time,12030,1,1,Bi-Weekly,Both,Electronics,1,1328,8,0,1.2,Facebook,1,0,22,45,6,2,91,6,9,1,1,0,1,1,8733
57,Female,Indian,Sharjah,Tier 2,Single,Masters,Employed Full-Time,22268,0,1,Bi-Weekly,In-Store,Food and Dining,18,1118,9,0,7.7,YouTube,1,1,8,174,7,1,17,1,6,0,0,1,0,0,5695
51,Male,American,Ajman,Tier 3,Married,High School,Employed Full-Time,5844,1,0,Monthly,Both,Groceries,4,1058,4,0,6.7,Facebook,0,1,15,122,4,2,43,2,1,1,1,1,0,1,3051
29,Male,Indian,Abu Dhabi,Tier 1,Married,Masters,Employed Full-Time,18638,0,0,Monthly,Online,Home and Living,10,2925,0,1,1.4,Snapchat,1,0,18,23,8,8,29,7,9,1,0,0,0,1,7591
62,Female,Egyptian,Sharjah,Tier 2,Married,Bachelors,Employed Full-Time,13081,0,1,Rarely,Both,Fashion,4,647,8,1,7.1,YouTube,0,0,9,32,2,7,113,3,1,0,0,1,1,1,3525
24,Male,Emirati,Fujairah,Tier 3,Divorced,Bachelors,Employed Full-Time,22887,0,1,Monthly,Online,Food and Dining,17,1066,4,0,5.6,Instagram,0,1,25,72,9,2,108,1,9,1,0,0,0,1,10287
27,Female,Pakistani,Sharjah,Tier 2,Married,Bachelors,Employed Full-Time,22277,1,0,Weekly,In-Store,Fashion,8,250,5,0,2.9,Instagram,1,1,7,111,6,3,44,7,6,1,1,0,0,1,5013
62,Male,American,Dubai,Tier 1,Married,Masters,Self-Employed,27806,0,1,Monthly,Both,Fashion,19,392,8,1,7.0,Snapchat,1,1,28,75,1,4,52,3,3,1,0,0,1,1,5143
34,Female,British,Abu Dhabi,Tier 1,Single,Bachelors,Self-Employed,8344,0,1,Monthly,Both,Fashion,9,680,1,1,5.0,TikTok,1,0,15,141,1,3,112,1,5,1,1,0,0,0,2737
43,Female,Lebanese,Abu Dhabi,Tier 1,Married,Masters,Self-Employed,23271,0,1,Bi-Weekly,Online,Beauty,16,347,2,0,6.9,Instagram,0,0,24,53,8,10,97,6,8,1,1,1,0,1,8662
38,Female,Other,Dubai,Tier 1,Married,Bachelors,Self-Employed,15833,1,1,Bi-Weekly,In-Store,Electronics,15,747,6,0,4.0,TikTok,0,1,28,20,10,1,28,1,4,1,0,0,1,0,4758
45,Male,Lebanese,Fujairah,Tier 3,Single,Masters,Self-Employed,28993,0,0,Daily,In-Store,Home and Living,16,1270,2,0,4.3,Facebook,0,1,7,129,10,10,84,7,9,1,1,0,1,1,4957
63,Female,British,Dubai,Tier 1,Single,High School,Self-Employed,5259,1,1,Rarely,Online,Electronics,12,1922,1,1,2.7,LinkedIn,0,1,19,57,7,8,109,2,3,1,1,0,1,1,3905
19,Male,Emirati,Dubai,Tier 1,Married,Bachelors,Self-Employed,22604,1,0,Monthly,Both,Beauty,18,1555,6,0,3.4,Instagram,1,1,3,66,3,1,34,3,2,0,0,0,1,1,4756
60,Male,Filipino,Ras Al Khaimah,Tier 3,Married,Bachelors,Self-Employed,17859,1,1,Bi-Weekly,Online,Beauty,7,2810,7,0,4.8,Snapchat,1,1,26,139,8,4,80,0,6,1,0,0,1,1,9872
18,Female,Emirati,Abu Dhabi,Tier 1,Married,High School,Employed Full-Time,15030,0,0,Weekly,Online,Fashion,16,979,8,0,7.6,TikTok,1,1,22,46,8,10,103,1,6,0,1,0,1,1,2958
53,Female,Lebanese,Dubai,Tier 1,Married,Bachelors,Employed Full-Time,6447,0,1,Monthly,Online,Groceries,19,2875,1,0,5.0,Facebook,0,0,19,30,7,8,54,5,6,1,1,1,1,1,6111
43,Female,Indian,Abu Dhabi,Tier 1,Single,PhD,Self-Employed,32830,0,1,Bi-Weekly,Online,Sports,6,428,1,0,1.6,Snapchat,1,1,26,7,5,7,2,1,4,0,1,0,0,1,3729
46,Male,Filipino,Abu Dhabi,Tier 1,Married,Diploma,Employed Full-Time,22282,1,0,Weekly,Both,Electronics,6,2845,6,0,0.6,YouTube,0,0,12,152,8,0,114,5,9,0,1,1,1,1,10659
38,Male,Indian,Dubai,Tier 1,Single,Masters,Employed Full-Time,27125,1,1,Monthly,In-Store,Fashion,6,755,3,1,6.9,Instagram,0,1,25,95,5,2,92,0,7,1,1,0,1,1,5049
28,Male,Lebanese,Fujairah,Tier 3,Single,Bachelors,Employed Full-Time,24887,0,1,Monthly,In-Store,Sports,15,2464,4,1,3.2,TikTok,1,0,9,176,1,9,17,2,1,0,0,0,1,1,7742
57,Male,Other,Abu Dhabi,Tier 1,Married,Bachelors,Employed Full-Time,7949,1,1,Daily,Online,Fashion,2,1610,0,0,2.9,Instagram,1,0,22,43,8,8,112,2,3,1,0,1,0,1,4385
28,Male,Pakistani,Abu Dhabi,Tier 1,Single,Masters,Unemployed,511,0,1,Monthly,Online,Beauty,9,820,5,0,6.5,Snapchat,1,1,24,79,7,2,84,2,0,1,1,0,0,1,1888
53,Female,Jordanian,Abu Dhabi,Tier 1,Single,High School,Employed Full-Time,12010,1,1,Monthly,In-Store,Fashion,8,1144,9,0,7.6,LinkedIn,0,1,27,36,7,10,18,4,5,1,0,0,0,1,3219
56,Male,Indian,Abu Dhabi,Tier 1,Single,PhD,Employed Full-Time,20391,0,0,Bi-Weekly,Online,Fashion,7,1101,7,0,6.1,YouTube,1,1,8,129,2,3,117,4,5,1,0,0,0,0,7167
57,Female,Filipino,Dubai,Tier 1,Married,Bachelors,Employed Full-Time,11959,0,1,Weekly,Both,Luxury,16,398,0,0,1.8,TikTok,1,1,24,7,3,2,28,2,2,0,1,0,1,1,5479
52,Female,Jordanian,Dubai,Tier 1,Married,Diploma,Self-Employed,10241,1,1,Weekly,Both,Fashion,15,1191,1,0,3.4,Twitter X,0,1,25,44,3,6,28,2,0,1,1,0,0,1,6474
51,Female,Indian,Abu Dhabi,Tier 1,Married,Bachelors,Employed Part-Time,18787,1,1,Weekly,Both,Groceries,9,1281,6,1,6.2,TikTok,1,0,11,61,10,8,52,0,4,1,1,1,1,1,9186
64,Female,Other,Sharjah,Tier 2,Married,Masters,Employed Part-Time,12976,1,1,Daily,In-Store,Sports,15,1496,1,1,7.3,Instagram,1,0,25,26,6,3,16,7,0,1,1,0,0,1,5943
41,Female,Indian,Dubai,Tier 1,Single,High School,Self-Employed,23406,0,0,Weekly,In-Store,Fashion,2,142,8,0,8.0,LinkedIn,0,1,14,107,6,8,33,4,2,0,1,0,1,1,4287
39,Female,Emirati,Abu Dhabi,Tier 1,Married,Masters,Employed Full-Time,32887,0,0,Bi-Weekly,Both,Beauty,14,2238,5,1,4.3,Instagram,0,0,21,107,3,1,85,5,7,1,1,0,0,1,6224
22,Male,Other,Sharjah,Tier 2,Married,Bachelors,Employed Full-Time,17303,0,1,Weekly,In-Store,Travel,11,2452,4,0,6.7,Instagram,0,1,0,121,5,1,5,6,9,0,1,1,1,0,11498
50,Male,Emirati,Dubai,Tier 1,Single,Masters,Employed Full-Time,24702,1,0,Weekly,In-Store,Beauty,3,1596,6,1,0.8,TikTok,1,1,11,158,9,8,111,7,8,1,0,0,0,1,7555
53,Female,Other,Dubai,Tier 1,Single,Masters,Self-Employed,16486,0,1,Weekly,In-Store,Electronics,2,1876,9,0,2.6,TikTok,1,0,23,1,7,6,45,6,2,1,0,0,1,1,8626
64,Female,Other,Dubai,Tier 1,Single,Bachelors,Employed Part-Time,24680,1,0,Weekly,Both,Home and Living,18,1142,7,1,3.3,Instagram,0,1,29,63,9,4,37,3,8,0,1,0,0,1,6818
37,Male,Indian,Abu Dhabi,Tier 1,Married,Bachelors,Employed Full-Time,7977,1,1,Monthly,In-Store,Electronics,14,631,8,1,7.8,Twitter X,1,0,13,15,2,4,82,2,6,1,1,1,1,0,4700
36,Female,Filipino,Dubai,Tier 1,Single,Bachelors,Employed Full-Time,10068,0,1,Bi-Weekly,Both,Fashion,5,1770,5,0,0.5,TikTok,0,0,21,55,10,8,52,2,7,1,1,1,0,1,6252
52,Female,Indian,Abu Dhabi,Tier 1,Married,Bachelors,Employed Full-Time,15736,1,1,Daily,Both,Travel,12,932,4,0,2.8,TikTok,1,0,22,57,10,10,64,2,5,1,1,0,1,1,4258
60,Male,Pakistani,Abu Dhabi,Tier 1,Single,Bachelors,Employed Part-Time,24658,1,1,Weekly,Both,Electronics,14,173,6,1,7.5,Instagram,1,1,1,117,1,3,62,1,4,1,0,1,0,1,7335
34,Female,Emirati,Abu Dhabi,Tier 1,Single,Bachelors,Employed Full-Time,16740,1,1,Monthly,In-Store,Electronics,6,1807,1,1,2.8,Snapchat,1,0,2,20,2,10,5,4,9,1,1,0,0,1,4817
62,Male,Indian,Dubai,Tier 1,Married,Bachelors,Employed Full-Time,11791,1,1,Weekly,Both,Groceries,8,1751,7,0,2.2,Twitter X,0,0,5,150,6,0,112,3,7,1,0,1,0,0,6108
60,Male,Indian,Dubai,Tier 1,Married,Masters,Employed Full-Time,25858,1,0,Rarely,Online,Food and Dining,7,652,3,1,6.0,LinkedIn,0,0,18,89,10,5,107,1,1,1,1,0,0,1,9900
51,Female,Pakistani,Sharjah,Tier 2,Single,Masters,Self-Employed,23171,1,1,Monthly,Both,Fashion,7,1414,0,0,6.1,YouTube,1,0,20,178,7,2,11,1,6,1,1,0,0,1,10453
26,Male,Other,Ras Al Khaimah,Tier 3,Single,Bachelors,Self-Employed,8673,0,0,Weekly,Online,Fashion,12,354,2,1,4.0,TikTok,0,1,12,117,8,1,86,6,0,1,1,1,1,0,2669
43,Female,Lebanese,Ajman,Tier 3,Single,PhD,Employed Full-Time,44011,1,1,Bi-Weekly,In-Store,Beauty,7,2900,8,1,7.6,YouTube,1,0,19,164,6,3,87,7,6,1,0,0,1,1,8005
19,Male,American,Abu Dhabi,Tier 1,Single,Masters,Self-Employed,22891,1,0,Monthly,Both,Beauty,12,1301,3,1,2.0,TikTok,0,1,20,165,6,8,90,3,5,0,1,0,0,1,8827
26,Male,Filipino,Dubai,Tier 1,Single,Bachelors,Employed Full-Time,6003,1,1,Weekly,In-Store,Groceries,16,986,9,1,7.4,Instagram,1,1,7,174,3,7,91,3,3,0,0,0,0,0,3361
26,Female,Jordanian,Dubai,Tier 1,Divorced,Bachelors,Unemployed,1967,0,1,Weekly,Online,Food and Dining,7,2462,9,1,6.2,Twitter X,1,1,3,119,9,6,3,3,2,1,0,0,1,1,4868
57,Male,Indian,Dubai,Tier 1,Married,Bachelors,Employed Full-Time,22426,1,0,Bi-Weekly,Online,Fashion,8,2363,2,0,3.3,Instagram,1,1,24,155,2,1,51,3,8,1,1,0,0,1,12011
34,Male,British,Dubai,Tier 1,Married,Masters,Employed Part-Time,10246,0,0,Rarely,Both,Fashion,1,2181,3,1,6.6,Instagram,1,0,18,147,5,0,106,5,5,1,0,0,1,0,3988
18,Male,Other,Sharjah,Tier 2,Single,Masters,Employed Full-Time,21009,1,0,Weekly,Online,Fashion,13,2950,2,1,1.5,YouTube,1,1,27,83,3,6,60,3,5,1,1,1,1,0,9269
42,Female,Indian,Dubai,Tier 1,Single,Bachelors,Employed Full-Time,10489,1,1,Bi-Weekly,Online,Sports,19,798,2,1,1.5,Twitter X,1,0,6,16,1,9,66,5,0,0,0,0,0,0,4255
60,Male,British,Dubai,Tier 1,Single,Masters,Self-Employed,32948,1,0,Weekly,Both,Groceries,1,2248,1,0,7.5,Instagram,1,0,6,54,2,4,57,7,4,0,1,1,0,1,11005
57,Male,Jordanian,Fujairah,Tier 3,Married,Bachelors,Employed Full-Time,11856,1,0,Bi-Weekly,In-Store,Luxury,18,735,5,0,1.2,Twitter X,0,0,0,95,6,10,17,2,6,1,1,1,0,0,2746
59,Male,Other,Dubai,Tier 1,Married,High School,Employed Full-Time,13365,0,0,Monthly,Both,Food and Dining,7,189,9,0,0.5,LinkedIn,0,1,18,162,10,7,3,5,3,0,0,0,1,1,6665
42,Male,British,Dubai,Tier 1,Single,Masters,Employed Full-Time,25528,1,0,Bi-Weekly,Both,Electronics,17,104,5,1,3.4,LinkedIn,0,0,25,79,1,4,3,5,1,0,1,0,0,1,5276
56,Female,Indian,Dubai,Tier 1,Married,Masters,Employed Full-Time,25276,1,1,Monthly,Both,Food and Dining,15,123,9,0,1.3,Snapchat,1,0,16,179,2,9,40,3,8,1,1,0,0,1,5818
52,Female,Indian,Abu Dhabi,Tier 1,Married,Bachelors,Employed Full-Time,9379,1,0,Weekly,Both,Fashion,19,1046,3,0,7.0,Facebook,1,0,7,36,10,4,80,3,5,0,1,0,0,1,3223
20,Male,Emirati,Abu Dhabi,Tier 1,Single,Bachelors,Employed Full-Time,15585,1,1,Monthly,Both,Groceries,4,2926,7,1,7.4,Twitter X,0,1,25,127,5,7,76,4,8,1,1,1,1,0,6385
54,Female,Lebanese,Dubai,Tier 1,Single,PhD,Self-Employed,27719,0,0,Weekly,Online,Luxury,17,1994,5,1,4.1,Facebook,0,0,20,90,1,8,63,2,7,1,1,0,0,1,7671
61,Male,Emirati,Abu Dhabi,Tier 1,Married,Bachelors,Self-Employed,17421,1,1,Monthly,In-Store,Home and Living,7,691,7,0,3.7,Facebook,0,0,14,94,10,1,118,6,0,1,1,0,1,0,8955
61,Female,Jordanian,Sharjah,Tier 2,Married,Masters,Employed Full-Time,13334,1,1,Monthly,In-Store,Luxury,16,793,5,1,4.5,Snapchat,0,0,19,159,4,7,51,1,1,1,1,1,0,1,4256
47,Female,Indian,Sharjah,Tier 2,Single,High School,Employed Part-Time,10794,1,1,Monthly,In-Store,Beauty,17,2123,8,1,2.2,TikTok,0,0,18,89,5,6,1,2,1,0,1,0,0,1,6324
55,Male,Indian,Ras Al Khaimah,Tier 3,Single,Bachelors,Student,3362,1,0,Weekly,Online,Travel,15,2532,2,1,2.7,YouTube,0,1,6,132,5,7,51,0,1,0,0,0,0,0,4080
51,Female,Pakistani,Sharjah,Tier 2,Married,Bachelors,Employed Full-Time,7306,0,1,Monthly,In-Store,Luxury,9,1654,2,1,1.3,TikTok,0,1,23,12,5,2,4,7,3,1,1,0,0,0,4371
29,Female,American,Abu Dhabi,Tier 1,Single,Bachelors,Employed Full-Time,22756,0,1,Bi-Weekly,Both,Fashion,13,111,1,1,3.8,Instagram,0,0,23,61,10,3,81,7,6,1,1,0,1,1,5931
36,Male,Indian,Dubai,Tier 1,Married,Masters,Self-Employed,24638,1,1,Rarely,In-Store,Food and Dining,7,1273,9,0,5.1,Twitter X,0,1,12,147,9,6,83,3,6,1,1,0,0,1,7253
54,Male,Pakistani,Dubai,Tier 1,Married,Bachelors,Employed Part-Time,19905,1,0,Weekly,Both,Food and Dining,19,2587,5,0,7.5,Instagram,1,1,0,119,9,4,4,1,0,0,1,1,0,0,10637
61,Male,Pakistani,Dubai,Tier 1,Single,Bachelors,Employed Full-Time,22043,1,0,Monthly,In-Store,Groceries,11,542,6,0,6.0,Snapchat,1,1,6,9,5,6,47,0,7,1,1,1,0,1,7814
34,Female,Indian,Abu Dhabi,Tier 1,Single,Bachelors,Employed Full-Time,13070,0,0,Weekly,Online,Home and Living,8,2042,6,1,5.9,Instagram,1,0,4,25,6,5,39,5,3,0,1,1,1,1,5289
27,Female,Indian,Sharjah,Tier 2,Married,Bachelors,Employed Full-Time,11199,1,1,Weekly,In-Store,Luxury,17,2776,4,0,2.8,Snapchat,1,0,17,54,8,3,84,1,7,0,0,0,0,1,7294
64,Female,Jordanian,Abu Dhabi,Tier 1,Single,PhD,Unemployed,338,1,0,Weekly,Online,Luxury,4,2565,5,0,7.2,YouTube,1,1,7,112,7,1,49,2,9,1,1,1,0,0,6399
29,Female,Pakistani,Dubai,Tier 1,Single,Masters,Employed Full-Time,19509,1,1,Weekly,In-Store,Electronics,4,1189,6,1,7.6,Facebook,1,1,14,175,6,5,57,6,8,1,1,1,1,1,9969
33,Female,Emirati,Abu Dhabi,Tier 1,Married,Bachelors,Unemployed,1525,1,0,Weekly,Both,Home and Living,18,1444,1,0,7.5,Instagram,1,1,17,41,4,5,118,5,6,1,1,0,0,1,4225
41,Female,Lebanese,Ras Al Khaimah,Tier 3,Single,Masters,Employed Full-Time,24891,0,1,Weekly,Both,Food and Dining,17,2748,9,0,0.8,YouTube,0,0,5,179,3,5,105,0,2,1,1,1,0,0,8667
36,Female,Other,Abu Dhabi,Tier 1,Married,Masters,Employed Full-Time,34324,1,0,Daily,Online,Fashion,3,1305,6,1,5.0,TikTok,1,0,27,50,4,0,39,5,2,1,1,0,0,1,12492
25,Male,Egyptian,Sharjah,Tier 2,Single,Masters,Employed Full-Time,24003,1,1,Monthly,Online,Luxury,9,2545,0,1,5.3,TikTok,0,1,4,117,3,5,68,5,4,0,0,0,1,1,4879
48,Female,Pakistani,Sharjah,Tier 2,Married,High School,Employed Part-Time,4587,1,0,Bi-Weekly,Both,Beauty,6,2305,5,1,2.7,TikTok,1,0,21,135,8,1,17,5,6,1,1,0,0,0,5783
38,Female,Other,Ras Al Khaimah,Tier 3,Single,Bachelors,Employed Full-Time,23003,1,1,Monthly,Online,Fashion,2,1051,7,0,7.9,YouTube,0,1,10,27,6,9,15,3,6,1,1,0,1,1,7745
34,Male,Other,Sharjah,Tier 2,Divorced,High School,Employed Full-Time,10223,1,1,Bi-Weekly,Online,Electronics,12,1175,0,1,2.7,Instagram,0,0,25,176,6,4,119,3,8,1,0,1,0,0,3497
40,Female,American,Sharjah,Tier 2,Married,Masters,Student,4666,1,0,Monthly,In-Store,Sports,15,59,0,1,2.1,Facebook,1,0,7,111,1,6,105,0,0,0,0,0,0,0,762
54,Male,Pakistani,Dubai,Tier 1,Single,Masters,Unemployed,1322,0,1,Bi-Weekly,Both,Fashion,9,1196,5,1,4.1,TikTok,0,0,8,55,5,9,28,2,2,1,0,1,1,1,3651
33,Male,Filipino,Dubai,Tier 1,Married,Bachelors,Employed Full-Time,8353,1,0,Weekly,Both,Groceries,2,836,4,0,2.9,Instagram,1,1,12,107,8,0,16,6,0,0,1,1,1,0,4390
23,Female,British,Abu Dhabi,Tier 1,Married,Bachelors,Employed Full-Time,18839,0,0,Bi-Weekly,Both,Beauty,12,2101,2,1,7.4,YouTube,0,0,2,134,2,4,6,0,5,1,1,0,1,1,6870
25,Male,Indian,Dubai,Tier 1,Married,Bachelors,Self-Employed,6605,1,0,Monthly,Online,Beauty,16,2564,9,0,3.8,Snapchat,0,1,2,163,3,8,92,2,9,1,0,1,0,0,2799
42,Male,Pakistani,Fujairah,Tier 3,Married,High School,Employed Part-Time,6538,1,1,Bi-Weekly,Online,Fashion,7,308,9,0,3.6,Facebook,1,0,6,160,9,2,32,1,6,0,0,0,1,1,1438
35,Male,Jordanian,Dubai,Tier 1,Married,Diploma,Employed Full-Time,17896,0,0,Monthly,In-Store,Sports,1,2818,6,0,5.2,Instagram,1,1,2,6,4,1,81,7,1,1,1,0,0,0,6773
42,Female,Egyptian,Ajman,Tier 3,Single,Bachelors,Student,2829,0,0,Monthly,Both,Sports,7,1983,6,0,1.1,Twitter X,1,0,10,18,10,9,25,7,8,1,0,1,0,1,5613
29,Male,Pakistani,Dubai,Tier 1,Married,High School,Employed Full-Time,20198,1,1,Bi-Weekly,Online,Fashion,3,2384,6,1,6.2,Twitter X,0,0,13,159,5,1,39,6,4,0,1,0,0,1,4926
32,Female,Egyptian,Dubai,Tier 1,Single,Diploma,Employed Part-Time,5756,0,1,Monthly,In-Store,Beauty,5,2128,5,0,6.3,TikTok,0,0,25,52,7,2,17,2,2,0,1,1,1,0,4212
43,Male,Indian,Ras Al Khaimah,Tier 3,Married,Bachelors,Employed Full-Time,5360,1,1,Monthly,In-Store,Home and Living,3,1761,3,0,4.1,Snapchat,1,0,27,144,5,0,46,0,6,1,0,1,1,1,3430
58,Female,Pakistani,Dubai,Tier 1,Married,Masters,Employed Part-Time,34172,1,1,Weekly,Both,Fashion,15,570,8,0,7.7,YouTube,0,0,20,81,2,1,79,0,6,1,0,0,1,1,11617
62,Female,Lebanese,Dubai,Tier 1,Single,High School,Employed Full-Time,5195,1,1,Bi-Weekly,Online,Travel,6,765,8,0,4.8,LinkedIn,1,1,9,133,7,5,116,1,0,1,0,0,0,1,3596
43,Male,Indian,Dubai,Tier 1,Single,Bachelors,Self-Employed,22515,1,0,Monthly,Both,Beauty,15,1693,6,0,5.7,TikTok,1,0,19,145,6,7,53,5,5,0,1,0,0,1,7421
64,Male,Indian,Abu Dhabi,Tier 1,Married,Bachelors,Unemployed,88,1,0,Bi-Weekly,In-Store,Electronics,3,173,6,1,7.4,Facebook,0,0,26,159,9,3,114,6,2,0,1,1,0,0,2230
49,Male,Other,Dubai,Tier 1,Married,Masters,Employed Full-Time,29887,1,0,Rarely,Online,Groceries,1,1823,7,1,5.5,Twitter X,1,0,8,16,2,1,51,0,6,1,1,0,1,1,7317
27,Female,Indian,Abu Dhabi,Tier 1,Single,High School,Employed Full-Time,19777,1,1,Weekly,Online,Beauty,2,971,4,1,3.7,Instagram,1,0,26,21,2,4,18,7,4,1,0,1,1,1,8924
33,Male,Indian,Abu Dhabi,Tier 1,Single,Bachelors,Employed Full-Time,23794,1,1,Monthly,Online,Electronics,4,2227,8,1,0.7,Snapchat,0,0,11,169,8,2,110,4,3,1,1,1,0,1,11798
24,Male,Other,Sharjah,Tier 2,Married,Masters,Student,3281,0,0,Monthly,Both,Electronics,14,2843,5,0,6.0,YouTube,1,0,7,39,10,4,20,5,9,1,0,0,1,1,7931
34,Male,American,Sharjah,Tier 2,Single,Bachelors,Unemployed,899,1,0,Monthly,Both,Electronics,14,2613,6,1,7.7,YouTube,1,0,11,37,1,2,87,6,6,0,0,0,1,0,2188
40,Male,British,Abu Dhabi,Tier 1,Single,Bachelors,Self-Employed,19025,1,0,Weekly,Online,Beauty,10,1553,6,1,4.0,LinkedIn,1,1,8,169,8,10,5,6,6,0,1,1,1,0,9946
43,Male,Jordanian,Dubai,Tier 1,Single,High School,Employed Full-Time,23481,0,1,Weekly,In-Store,Groceries,11,1805,8,0,3.0,Instagram,0,0,21,53,5,3,62,0,7,0,0,0,0,1,7697
38,Female,Indian,Sharjah,Tier 2,Single,High School,Unemployed,277,1,0,Bi-Weekly,Both,Travel,4,2871,6,0,4.4,YouTube,0,1,17,74,1,4,103,4,4,1,0,0,0,0,1298
39,Female,British,Dubai,Tier 1,Married,Masters,Employed Full-Time,33300,1,1,Weekly,Online,Beauty,15,1615,2,0,6.0,Snapchat,1,0,23,32,10,6,12,0,3,0,0,0,1,1,13362
24,Male,Pakistani,Abu Dhabi,Tier 1,Divorced,Masters,Employed Full-Time,28113,1,1,Monthly,In-Store,Sports,4,1997,5,0,0.5,Instagram,0,1,29,25,1,1,81,0,0,0,1,0,0,1,6102
31,Female,Jordanian,Dubai,Tier 1,Married,Diploma,Employed Full-Time,12157,1,0,Weekly,Online,Sports,16,1902,5,0,7.2,Facebook,0,1,16,64,6,5,30,1,3,1,0,0,0,1,7466
32,Male,Pakistani,Ajman,Tier 3,Single,Masters,Employed Full-Time,22951,0,1,Bi-Weekly,Online,Beauty,2,2174,6,0,7.1,LinkedIn,0,1,10,161,10,5,83,5,9,0,1,0,0,1,11257
24,Female,Egyptian,Abu Dhabi,Tier 1,Married,Bachelors,Self-Employed,7387,1,0,Weekly,In-Store,Sports,13,2463,5,1,4.6,Instagram,0,1,20,103,2,5,96,4,0,1,1,1,0,0,5282
26,Female,Pakistani,Dubai,Tier 1,Married,Masters,Self-Employed,12583,1,1,Bi-Weekly,Online,Beauty,8,341,3,0,1.4,YouTube,1,1,1,102,2,6,16,6,6,1,0,1,0,0,2380
25,Female,Pakistani,Sharjah,Tier 2,Single,High School,Employed Full-Time,9101,1,1,Monthly,In-Store,Groceries,13,2043,5,1,5.5,YouTube,1,0,28,38,1,10,2,7,5,0,1,0,0,1,5265
40,Female,Lebanese,Abu Dhabi,Tier 1,Married,Bachelors,Employed Full-Time,6431,1,0,Weekly,Both,Groceries,8,1787,2,0,1.5,Instagram,0,1,22,92,1,2,76,7,6,1,1,0,0,1,3085
46,Male,Egyptian,Dubai,Tier 1,Married,Bachelors,Employed Full-Time,5016,1,1,Monthly,Online,Luxury,4,206,0,0,4.3,LinkedIn,1,0,20,79,4,4,113,1,7,0,1,0,0,1,1446
35,Female,Egyptian,Abu Dhabi,Tier 1,Divorced,High School,Employed Part-Time,21025,0,0,Weekly,Online,Beauty,5,1173,0,0,1.2,YouTube,1,1,25,136,5,8,117,4,5,1,1,0,0,1,8651
48,Female,Pakistani,Sharjah,Tier 2,Married,Masters,Employed Full-Time,17299,0,0,Bi-Weekly,Both,Groceries,6,957,4,0,4.9,Instagram,1,1,18,1,4,8,3,4,1,0,0,0,0,1,3859
47,Male,Filipino,Fujairah,Tier 3,Married,Bachelors,Employed Full-Time,12507,0,0,Bi-Weekly,Online,Fashion,19,1707,7,0,2.9,TikTok,0,0,13,59,6,6,8,7,1,1,0,0,0,1,3862
56,Female,American,Abu Dhabi,Tier 1,Single,Bachelors,Self-Employed,4440,1,1,Weekly,Online,Beauty,10,967,2,0,6.7,TikTok,1,0,22,35,8,8,37,6,8,0,1,0,1,1,3677
52,Male,Jordanian,Dubai,Tier 1,Married,Bachelors,Student,663,1,1,Weekly,In-Store,Fashion,3,1900,1,1,6.5,TikTok,1,0,27,16,2,2,53,7,5,1,1,1,0,1,4525
35,Female,British,Dubai,Tier 1,Single,Bachelors,Student,4134,0,1,Monthly,Both,Food and Dining,13,2207,7,1,8.0,Facebook,1,0,2,142,1,6,55,6,5,1,0,0,0,1,5362
59,Male,Other,Ajman,Tier 3,Married,High School,Unemployed,1506,1,0,Weekly,Online,Beauty,9,1752,8,1,2.4,TikTok,0,1,5,5,2,0,88,3,0,1,1,0,0,0,3167
56,Male,Jordanian,Sharjah,Tier 2,Married,Masters,Self-Employed,34315,0,1,Weekly,Both,Electronics,17,1715,8,1,1.0,YouTube,0,1,3,80,10,6,49,4,7,1,1,1,0,0,11056
34,Female,Filipino,Dubai,Tier 1,Married,Bachelors,Employed Full-Time,18986,0,1,Monthly,Both,Electronics,10,1343,1,1,3.8,YouTube,1,0,11,21,6,2,117,1,7,0,1,1,1,1,3950
31,Female,British,Dubai,Tier 1,Married,Masters,Student,2564,0,1,Weekly,Both,Fashion,12,187,7,0,1.1,TikTok,0,0,25,58,4,2,89,1,3,1,1,0,0,1,1950
48,Male,Other,Sharjah,Tier 2,Married,Bachelors,Employed Full-Time,18040,1,1,Monthly,Both,Electronics,13,1761,1,1,1.8,Snapchat,0,0,1,57,7,6,59,2,6,1,1,1,1,1,9461
41,Male,Egyptian,Dubai,Tier 1,Single,Bachelors,Self-Employed,9950,1,0,Bi-Weekly,Online,Travel,10,2161,6,0,5.0,Snapchat,0,1,24,139,2,7,60,5,8,1,1,1,1,1,3055
52,Female,Jordanian,Dubai,Tier 1,Married,Masters,Employed Full-Time,11986,1,1,Weekly,Online,Travel,19,2604,7,1,4.9,Snapchat,1,1,5,71,1,3,89,5,0,1,1,0,0,0,4523
61,Male,British,Dubai,Tier 1,Married,Masters,Self-Employed,13544,0,1,Daily,Online,Food and Dining,19,2937,0,0,0.8,TikTok,0,1,4,121,5,0,78,5,4,1,1,0,1,1,9164
62,Male,Filipino,Dubai,Tier 1,Married,Bachelors,Employed Full-Time,7421,1,1,Bi-Weekly,Online,Sports,17,1064,7,1,3.8,Instagram,0,0,28,136,9,4,119,7,7,0,0,0,0,1,5311
51,Female,Indian,Abu Dhabi,Tier 1,Married,Masters,Employed Full-Time,27085,0,0,Daily,Both,Home and Living,5,1773,2,0,4.5,Instagram,1,1,4,142,6,9,46,0,6,1,0,0,0,1,12113
20,Female,Pakistani,Sharjah,Tier 2,Single,Diploma,Employed Part-Time,22462,1,0,Daily,In-Store,Food and Dining,8,2886,0,0,2.5,Instagram,1,0,7,177,6,3,100,3,9,0,0,0,1,0,6612
54,Male,Other,Dubai,Tier 1,Single,Diploma,Employed Full-Time,10103,1,1,Monthly,In-Store,Food and Dining,5,2447,6,1,7.0,LinkedIn,1,0,4,108,1,8,63,0,3,0,1,0,1,0,6620
60,Female,Egyptian,Dubai,Tier 1,Married,Masters,Unemployed,1618,0,1,Bi-Weekly,Both,Travel,15,2244,9,1,1.7,TikTok,0,0,23,161,1,2,79,1,2,1,0,0,0,0,3560
57,Female,Filipino,Dubai,Tier 1,Married,Masters,Employed Full-Time,24415,1,1,Weekly,Both,Travel,4,1408,2,1,2.4,Instagram,0,1,7,152,4,3,32,3,0,0,0,0,1,0,10258
43,Female,Other,Abu Dhabi,Tier 1,Single,Bachelors,Employed Part-Time,24935,1,1,Bi-Weekly,Both,Sports,13,1605,7,0,1.7,Snapchat,1,1,0,38,2,9,66,4,2,0,0,1,0,0,10233
40,Female,Filipino,Dubai,Tier 1,Married,Masters,Student,4941,1,0,Bi-Weekly,Both,Electronics,17,2959,8,0,1.4,Instagram,1,0,19,79,3,2,85,7,1,1,1,1,1,0,4415
61,Male,Filipino,Abu Dhabi,Tier 1,Married,Bachelors,Employed Part-Time,13009,1,1,Bi-Weekly,Online,Groceries,5,456,1,0,7.1,Instagram,0,0,8,50,6,2,4,6,4,0,1,0,0,0,5709
56,Male,American,Sharjah,Tier 2,Single,Diploma,Employed Full-Time,18221,1,0,Bi-Weekly,Online,Home and Living,1,393,0,1,2.6,Snapchat,0,0,13,89,10,6,29,7,0,1,0,1,1,0,3643
32,Male,British,Dubai,Tier 1,Married,High School,Employed Full-Time,18108,1,0,Rarely,Online,Beauty,15,701,7,1,5.9,Snapchat,0,1,1,64,1,4,49,5,3,1,1,0,0,0,6151
21,Female,Indian,Dubai,Tier 1,Divorced,Bachelors,Employed Full-Time,5946,1,1,Weekly,Online,Luxury,10,1594,9,1,3.7,Instagram,0,0,10,125,10,4,93,7,7,1,1,1,0,0,3936
46,Male,Pakistani,Dubai,Tier 1,Divorced,Bachelors,Student,4745,0,1,Weekly,Online,Luxury,11,1923,5,1,5.3,TikTok,1,0,3,130,2,3,23,1,8,1,1,1,0,0,3113
39,Female,Pakistani,Abu Dhabi,Tier 1,Married,Bachelors,Self-Employed,16543,0,1,Daily,Both,Home and Living,18,2802,9,1,7.5,TikTok,1,0,3,167,4,9,3,6,0,1,1,0,0,0,6755
42,Male,Indian,Ajman,Tier 3,Married,Bachelors,Unemployed,1976,1,1,Weekly,Both,Electronics,13,2868,0,1,6.8,Snapchat,0,1,16,142,6,7,54,1,2,0,1,0,1,1,6839
30,Male,Filipino,Dubai,Tier 1,Single,Bachelors,Employed Full-Time,11715,1,0,Weekly,Both,Groceries,16,1209,2,0,1.0,Facebook,1,1,25,140,3,0,21,1,5,1,0,0,1,1,3468
35,Female,Pakistani,Ras Al Khaimah,Tier 3,Single,Masters,Employed Full-Time,25351,1,0,Weekly,Both,Fashion,19,88,8,1,6.8,TikTok,1,1,25,81,9,10,80,1,4,1,0,0,1,1,6889
50,Male,Indian,Dubai,Tier 1,Single,Masters,Employed Full-Time,31545,0,1,Bi-Weekly,In-Store,Groceries,12,1393,8,1,3.9,TikTok,1,0,15,78,10,8,44,3,0,0,1,0,0,1,11357
33,Male,Pakistani,Ajman,Tier 3,Married,Bachelors,Self-Employed,7745,0,0,Daily,Online,Home and Living,14,336,5,0,3.1,Twitter X,0,1,29,179,4,10,20,6,1,1,0,1,0,1,2577
62,Female,Emirati,Abu Dhabi,Tier 1,Married,Masters,Employed Full-Time,33268,0,0,Monthly,Both,Electronics,2,1017,2,0,5.5,YouTube,1,1,6,10,7,8,99,7,1,1,1,0,0,1,5618
59,Male,Filipino,Abu Dhabi,Tier 1,Single,Bachelors,Employed Full-Time,16069,1,0,Weekly,Online,Electronics,10,1536,7,0,7.6,LinkedIn,1,1,11,44,5,10,57,0,6,0,1,0,0,1,7037
61,Female,Jordanian,Abu Dhabi,Tier 1,Married,Bachelors,Employed Part-Time,17489,0,0,Rarely,Both,Groceries,4,940,5,1,1.2,TikTok,0,0,16,40,6,4,69,7,5,0,1,1,0,0,6451
19,Female,American,Abu Dhabi,Tier 1,Single,Masters,Employed Full-Time,28847,1,0,Bi-Weekly,Online,Luxury,1,711,0,0,6.3,Snapchat,0,0,4,109,9,0,112,0,5,1,1,1,0,1,10278
52,Male,Indian,Sharjah,Tier 2,Married,Masters,Self-Employed,13371,0,1,Monthly,Both,Electronics,17,1078,5,0,2.0,Snapchat,0,0,7,70,9,1,90,5,0,1,1,0,0,1,5643
59,Female,Emirati,Sharjah,Tier 2,Single,Bachelors,Employed Full-Time,22420,1,0,Monthly,Both,Travel,11,285,4,1,3.4,LinkedIn,0,0,19,31,6,1,71,4,0,0,0,0,0,0,5789
51,Male,Indian,Abu Dhabi,Tier 1,Married,Bachelors,Employed Full-Time,6677,1,1,Monthly,In-Store,Groceries,7,2333,7,1,7.1,LinkedIn,1,0,4,37,2,5,52,1,3,1,0,0,1,1,6189
47,Male,Filipino,Dubai,Tier 1,Married,Bachelors,Employed Full-Time,5744,0,0,Bi-Weekly,Online,Electronics,17,1018,1,0,4.6,TikTok,1,1,10,171,9,9,80,6,9,1,1,0,1,0,5911
30,Male,Indian,Dubai,Tier 1,Single,Bachelors,Student,684,0,1,Weekly,In-Store,Beauty,17,2598,6,0,1.0,Instagram,0,0,25,109,2,8,17,6,5,1,1,0,0,0,3990
30,Male,Filipino,Sharjah,Tier 2,Divorced,High School,Employed Full-Time,14550,1,1,Bi-Weekly,In-Store,Food and Dining,9,1178,5,1,4.3,TikTok,0,0,27,97,2,2,66,5,5,0,1,0,0,0,3962
35,Female,Indian,Abu Dhabi,Tier 1,Married,Diploma,Employed Full-Time,13423,1,1,Bi-Weekly,Online,Beauty,10,1280,0,1,6.4,TikTok,0,0,18,71,2,7,12,1,4,1,0,0,1,1,3548
49,Male,Jordanian,Abu Dhabi,Tier 1,Single,Masters,Employed Full-Time,12788,1,1,Weekly,Both,Sports,6,288,7,0,4.5,YouTube,1,1,20,38,7,1,58,5,3,1,1,0,0,1,5588
49,Female,Pakistani,Sharjah,Tier 2,Single,Masters,Employed Full-Time,14125,1,1,Weekly,Both,Luxury,17,1904,5,1,1.8,Instagram,1,1,27,8,4,4,77,0,1,1,1,1,0,1,5627
52,Male,Indian,Ajman,Tier 3,Single,Bachelors,Student,3719,1,0,Weekly,In-Store,Luxury,16,878,2,0,3.8,Instagram,0,1,18,34,8,3,5,6,6,1,1,1,1,1,3368
56,Female,Lebanese,Abu Dhabi,Tier 1,Single,Masters,Employed Full-Time,27924,0,1,Weekly,Online,Electronics,7,101,4,1,7.4,LinkedIn,0,1,3,145,8,4,80,5,5,1,1,1,0,1,11011
63,Male,Indian,Sharjah,Tier 2,Single,Bachelors,Student,4444,1,0,Weekly,Both,Sports,19,2205,6,0,5.4,Instagram,0,0,10,17,1,3,92,4,6,1,0,0,0,0,5839
46,Male,Indian,Sharjah,Tier 2,Married,Bachelors,Employed Full-Time,13735,0,1,Bi-Weekly,Online,Food and Dining,4,1430,8,1,6.0,Instagram,0,1,18,94,1,0,72,5,2,0,1,1,1,0,3439
46,Female,Filipino,Dubai,Tier 1,Married,Bachelors,Student,990,0,1,Weekly,Online,Sports,17,1106,3,1,6.4,TikTok,0,1,4,82,4,0,56,2,0,0,0,0,0,1,1639
61,Male,Filipino,Dubai,Tier 1,Married,Masters,Self-Employed,20205,0,1,Bi-Weekly,Online,Luxury,9,71,1,0,1.2,Snapchat,0,0,1,53,2,5,92,3,0,0,0,0,0,0,6029
33,Male,British,Sharjah,Tier 2,Single,PhD,Employed Part-Time,42345,0,1,Monthly,Online,Beauty,11,356,2,1,4.9,TikTok,0,0,24,143,3,7,46,6,3,1,0,0,0,1,9637
61,Male,Indian,Dubai,Tier 1,Single,Bachelors,Self-Employed,18849,0,1,Bi-Weekly,In-Store,Fashion,1,60,6,1,3.3,TikTok,1,0,18,64,10,6,72,7,3,1,0,1,0,1,4320
64,Male,Pakistani,Ajman,Tier 3,Married,Bachelors,Employed Full-Time,8444,1,1,Rarely,Online,Sports,7,1712,7,0,1.5,Instagram,0,0,25,109,2,3,93,6,6,1,0,1,1,1,4766
27,Female,Indian,Dubai,Tier 1,Single,Bachelors,Employed Part-Time,6964,1,1,Weekly,Both,Beauty,5,2659,4,1,2.0,Snapchat,0,0,29,57,10,4,18,5,6,1,1,0,0,1,5864
47,Male,Emirati,Dubai,Tier 1,Single,Masters,Employed Full-Time,17488,1,0,Monthly,Both,Travel,5,247,2,1,6.4,TikTok,0,0,16,148,9,7,116,6,3,0,0,0,1,0,6855
42,Male,Other,Ras Al Khaimah,Tier 3,Married,Bachelors,Employed Full-Time,16811,1,1,Weekly,In-Store,Food and Dining,1,2015,0,1,1.7,LinkedIn,0,0,20,61,6,5,44,5,6,1,0,0,1,1,6364
56,Male,American,Abu Dhabi,Tier 1,Single,Bachelors,Self-Employed,14067,1,0,Rarely,Online,Luxury,6,1117,9,0,2.8,TikTok,1,1,19,25,7,7,43,0,7,0,1,1,0,1,6686
37,Female,Indian,Dubai,Tier 1,Married,Bachelors,Employed Full-Time,11224,0,0,Weekly,Both,Food and Dining,13,1258,0,0,2.6,TikTok,1,1,17,78,6,5,80,7,8,0,1,0,0,1,5464
22,Female,Filipino,Sharjah,Tier 2,Single,Bachelors,Student,4366,1,0,Monthly,Both,Groceries,15,2486,1,0,0.9,Snapchat,1,1,14,27,1,7,90,3,5,0,1,0,0,0,6439
18,Male,Indian,Abu Dhabi,Tier 1,Divorced,High School,Employed Full-Time,19126,1,0,Daily,Online,Travel,4,600,4,0,4.0,Instagram,1,0,15,175,5,3,86,0,3,1,1,1,0,1,6956
47,Female,Other,Abu Dhabi,Tier 1,Married,High School,Employed Full-Time,7101,0,1,Bi-Weekly,In-Store,Groceries,17,1515,2,1,6.2,Instagram,1,0,27,99,3,9,79,7,9,1,1,0,0,0,2877
20,Female,Indian,Dubai,Tier 1,Married,Masters,Student,739,1,0,Weekly,Online,Electronics,13,2593,6,1,0.7,Twitter X,0,0,11,28,10,1,77,4,1,1,1,0,1,1,6009
62,Female,Emirati,Sharjah,Tier 2,Single,Bachelors,Self-Employed,7678,1,1,Monthly,Online,Home and Living,11,554,1,0,1.3,Instagram,1,1,7,134,8,2,22,1,8,1,0,0,0,0,4420
31,Female,Pakistani,Ajman,Tier 3,Married,Diploma,Employed Part-Time,5843,0,1,Bi-Weekly,Both,Beauty,4,186,1,0,5.9,Facebook,1,1,24,41,7,4,60,2,6,0,1,1,1,1,3095
47,Male,Filipino,Dubai,Tier 1,Married,Masters,Self-Employed,27166,1,0,Rarely,Online,Food and Dining,7,1038,2,0,5.0,Instagram,0,0,5,59,9,3,85,3,5,1,0,0,0,1,7297
21,Male,Filipino,Ajman,Tier 3,Married,High School,Student,4015,1,0,Bi-Weekly,Both,Beauty,19,1352,0,0,5.9,Twitter X,1,0,23,78,1,4,63,2,3,1,0,0,1,1,3379
35,Male,Emirati,Ajman,Tier 3,Married,Bachelors,Employed Full-Time,11083,0,0,Bi-Weekly,Online,Food and Dining,7,2261,1,1,2.2,YouTube,0,0,17,49,2,0,114,1,3,1,1,1,0,1,5661
54,Male,Indian,Abu Dhabi,Tier 1,Married,Bachelors,Employed Part-Time,5466,1,1,Weekly,Both,Electronics,14,901,4,0,6.5,TikTok,1,1,10,108,2,0,24,7,1,0,1,1,1,0,3128
42,Female,Pakistani,Abu Dhabi,Tier 1,Single,High School,Employed Full-Time,21119,1,1,Monthly,Online,Luxury,16,1096,2,0,4.1,Snapchat,0,0,5,100,1,1,65,0,0,1,1,1,0,0,2387
18,Male,Indian,Dubai,Tier 1,Married,PhD,Employed Full-Time,31805,1,0,Weekly,Online,Sports,9,2025,9,1,5.1,TikTok,1,0,16,5,8,10,29,4,4,0,0,1,0,1,14983
63,Male,Other,Dubai,Tier 1,Married,Masters,Employed Full-Time,18029,1,0,Monthly,In-Store,Sports,2,760,5,1,1.2,LinkedIn,0,0,9,11,4,1,1,7,5,1,0,1,1,1,7224
32,Female,Emirati,Sharjah,Tier 2,Single,Bachelors,Employed Full-Time,21760,1,1,Weekly,In-Store,Groceries,16,556,1,0,2.0,Instagram,0,1,18,86,7,7,1,1,9,0,0,0,0,1,8970
26,Female,Pakistani,Ajman,Tier 3,Single,Bachelors,Employed Part-Time,21088,0,1,Bi-Weekly,In-Store,Luxury,5,735,7,0,6.3,Facebook,0,0,14,40,10,9,73,2,8,1,0,0,1,1,9074
32,Male,British,Abu Dhabi,Tier 1,Married,High School,Student,986,1,0,Bi-Weekly,In-Store,Beauty,12,1583,3,0,2.2,Facebook,1,1,15,114,1,3,21,6,0,1,1,0,0,1,3603
41,Male,Indian,Abu Dhabi,Tier 1,Married,Bachelors,Self-Employed,12189,0,0,Weekly,Online,Sports,15,757,2,0,1.2,TikTok,1,0,22,70,8,5,78,2,4,1,1,0,0,1,4691
21,Male,Egyptian,Dubai,Tier 1,Single,Bachelors,Employed Part-Time,24802,0,1,Monthly,In-Store,Beauty,3,1673,4,0,5.0,Instagram,0,0,27,167,8,1,28,7,4,0,1,1,0,0,12009
29,Female,Jordanian,Dubai,Tier 1,Single,Bachelors,Employed Full-Time,14334,1,0,Weekly,In-Store,Fashion,9,191,7,1,4.6,Instagram,1,1,28,70,10,0,18,2,8,1,1,0,0,1,3191
54,Male,Indian,Abu Dhabi,Tier 1,Single,Diploma,Employed Full-Time,4552,1,1,Daily,Both,Electronics,7,2378,8,0,5.1,Twitter X,1,0,28,110,3,6,97,0,3,0,1,0,1,1,5957
54,Male,Other,Dubai,Tier 1,Married,High School,Employed Full-Time,7491,0,0,Rarely,Online,Groceries,4,1757,0,1,5.1,Instagram,0,0,16,20,9,3,52,6,2,1,0,0,1,1,5574
60,Male,Filipino,Abu Dhabi,Tier 1,Single,Bachelors,Employed Part-Time,4789,1,0,Weekly,Both,Food and Dining,9,351,3,0,4.3,Snapchat,1,0,21,132,5,3,107,5,2,0,1,0,0,0,2026
23,Male,Indian,Dubai,Tier 1,Married,Masters,Employed Full-Time,20319,1,1,Monthly,Both,Beauty,15,2494,5,1,4.2,TikTok,1,1,6,13,5,1,66,2,5,1,1,1,0,1,8965
56,Female,Pakistani,Sharjah,Tier 2,Single,Bachelors,Employed Full-Time,4552,1,0,Bi-Weekly,Both,Luxury,7,367,5,0,7.4,Instagram,1,1,18,49,5,8,115,0,0,1,0,0,0,0,1545
63,Male,Indian,Dubai,Tier 1,Married,High School,Student,4208,1,1,Monthly,Online,Home and Living,11,1860,8,1,4.5,Snapchat,1,0,26,76,1,1,98,6,0,1,0,1,0,0,1884
41,Male,American,Abu Dhabi,Tier 1,Divorced,Bachelors,Self-Employed,8211,1,0,Weekly,In-Store,Food and Dining,19,2977,0,0,5.1,LinkedIn,1,0,7,9,10,4,88,2,0,1,1,0,0,0,7000
28,Female,Lebanese,Abu Dhabi,Tier 1,Single,Bachelors,Self-Employed,12823,1,0,Bi-Weekly,In-Store,Groceries,11,907,4,0,2.5,Snapchat,1,0,7,59,2,5,62,3,6,1,0,0,0,0,3856
30,Female,Jordanian,Dubai,Tier 1,Single,Diploma,Self-Employed,20653,1,0,Weekly,Online,Electronics,1,2770,9,0,7.0,Twitter X,0,0,4,116,1,2,19,5,4,1,1,0,0,0,10495
51,Male,Other,Dubai,Tier 1,Married,PhD,Employed Full-Time,46006,1,1,Bi-Weekly,In-Store,Luxury,13,726,0,1,0.7,Snapchat,0,0,10,3,2,10,2,6,8,1,0,0,1,1,4183
42,Female,Lebanese,Dubai,Tier 1,Single,PhD,Employed Full-Time,42380,1,0,Rarely,In-Store,Sports,13,428,5,1,4.7,Facebook,1,0,1,11,9,2,70,6,2,1,0,1,1,1,9173
24,Female,Egyptian,Ajman,Tier 3,Single,Masters,Self-Employed,12566,0,0,Weekly,Online,Beauty,2,266,8,0,3.4,TikTok,0,0,17,5,9,5,55,3,5,1,1,0,0,1,2613
21,Female,Indian,Dubai,Tier 1,Married,Bachelors,Self-Employed,18344,0,0,Monthly,Online,Groceries,17,2946,3,0,5.0,YouTube,0,0,20,163,5,4,79,5,6,0,0,0,0,0,10305
25,Male,Filipino,Sharjah,Tier 2,Divorced,PhD,Employed Part-Time,28903,1,1,Weekly,Online,Fashion,19,2012,9,1,3.2,Snapchat,0,1,3,113,4,4,57,1,2,0,0,1,1,1,11573
37,Female,Emirati,Fujairah,Tier 3,Married,Diploma,Employed Full-Time,4629,1,1,Weekly,Online,Beauty,15,917,9,0,5.9,Snapchat,0,0,11,152,2,4,11,7,8,1,1,0,1,0,3063
46,Male,American,Sharjah,Tier 2,Single,Bachelors,Employed Part-Time,11007,1,1,Weekly,Online,Home and Living,19,483,8,0,0.7,Snapchat,1,0,3,82,6,8,16,1,1,1,0,0,1,0,2133
62,Male,Pakistani,Dubai,Tier 1,Married,Bachelors,Employed Full-Time,20186,1,1,Weekly,Online,Home and Living,10,805,2,1,3.5,TikTok,0,1,4,125,9,7,116,5,6,1,0,1,1,1,5627
63,Male,Emirati,Ajman,Tier 3,Single,Bachelors,Employed Full-Time,9943,0,0,Weekly,Online,Groceries,10,1357,6,1,6.7,Instagram,0,1,16,134,8,3,85,4,9,0,0,1,0,0,3982
27,Male,Emirati,Dubai,Tier 1,Married,Bachelors,Employed Full-Time,20858,0,1,Weekly,Both,Beauty,9,1556,4,1,2.4,Instagram,1,1,22,86,10,5,62,2,3,0,0,0,1,1,5402
60,Female,Indian,Abu Dhabi,Tier 1,Married,High School,Employed Full-Time,8080,0,0,Monthly,Both,Electronics,19,2804,9,1,0.9,Facebook,0,1,18,42,4,4,27,2,8,1,1,1,1,1,4870
51,Male,Filipino,Ajman,Tier 3,Married,PhD,Employed Full-Time,38580,0,1,Daily,In-Store,Sports,11,1340,0,1,4.2,TikTok,0,0,9,43,6,10,22,0,6,0,1,1,0,1,8343
43,Male,Pakistani,Abu Dhabi,Tier 1,Single,PhD,Employed Full-Time,26522,1,1,Weekly,Both,Sports,6,1989,6,0,7.8,TikTok,1,1,13,142,9,5,3,5,7,1,1,0,0,1,13488
58,Female,Egyptian,Dubai,Tier 1,Married,Bachelors,Self-Employed,15274,0,1,Weekly,Online,Electronics,2,648,7,1,1.0,YouTube,1,1,14,25,10,10,3,6,9,1,1,0,0,1,7688
20,Male,Pakistani,Dubai,Tier 1,Single,Bachelors,Employed Part-Time,8708,0,0,Monthly,In-Store,Fashion,10,285,5,1,1.0,Snapchat,0,0,25,18,10,7,115,1,2,1,0,0,0,1,4795
23,Male,Egyptian,Dubai,Tier 1,Single,Masters,Employed Full-Time,29004,1,1,Weekly,Online,Electronics,15,1833,0,1,5.0,Instagram,0,0,13,152,4,5,21,5,5,1,1,0,0,0,10074
22,Male,Indian,Abu Dhabi,Tier 1,Married,Masters,Employed Full-Time,10964,1,1,Rarely,Both,Food and Dining,5,149,8,0,2.4,Twitter X,0,0,15,106,9,5,43,3,3,0,1,0,0,0,3045
22,Male,Indian,Dubai,Tier 1,Single,Bachelors,Unemployed,570,1,0,Weekly,Online,Home and Living,18,2836,6,1,3.6,Instagram,0,1,7,1,8,1,70,0,3,0,1,0,0,1,4377
64,Male,Filipino,Fujairah,Tier 3,Married,Masters,Employed Full-Time,12673,1,1,Weekly,Online,Beauty,7,2216,5,0,6.7,Snapchat,1,0,8,15,3,6,89,3,1,0,1,0,0,1,5274
40,Female,Pakistani,Ras Al Khaimah,Tier 3,Married,PhD,Employed Full-Time,16363,0,0,Weekly,Online,Beauty,3,1427,3,1,2.0,Snapchat,1,0,7,34,9,2,105,0,9,1,1,1,0,0,6080
26,Male,Emirati,Ajman,Tier 3,Divorced,PhD,Employed Part-Time,31691,0,0,Weekly,Both,Food and Dining,16,2805,2,1,5.9,Instagram,0,0,10,2,5,6,37,1,8,1,1,0,1,1,14251
52,Male,Indian,Abu Dhabi,Tier 1,Married,Bachelors,Employed Full-Time,24228,0,1,Monthly,Online,Home and Living,17,2185,3,0,4.3,Instagram,0,0,11,164,1,4,94,2,0,1,1,0,0,1,6962
37,Female,Emirati,Sharjah,Tier 2,Married,Bachelors,Employed Part-Time,14607,1,0,Bi-Weekly,Online,Fashion,2,2133,0,1,7.3,Instagram,0,1,13,151,8,3,56,5,0,1,0,1,0,0,3571
59,Female,Filipino,Ajman,Tier 3,Married,PhD,Employed Part-Time,32648,0,0,Weekly,Online,Groceries,16,363,8,0,7.8,Instagram,0,0,17,152,5,9,39,2,6,1,1,1,0,1,11597
52,Male,Pakistani,Ajman,Tier 3,Single,High School,Unemployed,637,1,1,Daily,Both,Luxury,1,600,1,0,4.1,Instagram,0,0,22,110,5,0,20,1,9,0,0,0,0,1,1057
35,Female,Egyptian,Dubai,Tier 1,Married,Masters,Student,1747,1,0,Weekly,In-Store,Groceries,14,2524,1,1,4.9,YouTube,1,0,11,160,2,7,65,5,6,1,1,0,1,1,5540
34,Male,Lebanese,Dubai,Tier 1,Married,High School,Student,3833,0,0,Rarely,In-Store,Fashion,16,566,2,0,6.1,TikTok,1,1,3,51,9,1,35,6,3,0,1,1,1,0,2578
41,Male,Indian,Dubai,Tier 1,Married,Bachelors,Employed Full-Time,24494,0,0,Monthly,In-Store,Food and Dining,9,2061,0,0,2.9,LinkedIn,1,0,12,46,6,9,43,3,7,1,1,0,0,0,7022
20,Male,Other,Abu Dhabi,Tier 1,Married,Bachelors,Student,3073,0,1,Bi-Weekly,In-Store,Food and Dining,17,2750,9,0,2.2,Snapchat,0,0,20,141,10,7,90,4,4,0,0,0,0,1,3979
49,Male,Filipino,Abu Dhabi,Tier 1,Married,Bachelors,Employed Full-Time,12195,1,1,Bi-Weekly,Online,Food and Dining,8,58,2,1,7.7,Facebook,0,0,26,97,3,6,21,4,5,0,0,0,1,1,2636
52,Female,Egyptian,Ajman,Tier 3,Single,PhD,Employed Part-Time,33405,0,0,Rarely,Online,Electronics,9,106,3,1,3.7,Instagram,1,0,15,106,7,2,10,1,3,1,1,0,0,1,5610
55,Male,British,Dubai,Tier 1,Single,High School,Self-Employed,17680,0,1,Bi-Weekly,Both,Fashion,2,2380,8,0,0.5,Instagram,0,0,9,14,2,10,45,6,2,1,1,1,1,0,11091
30,Female,Egyptian,Dubai,Tier 1,Married,PhD,Employed Full-Time,18302,1,0,Monthly,Both,Groceries,13,510,4,0,6.8,Snapchat,0,0,20,17,7,6,93,0,1,0,1,0,1,1,2628
64,Male,Filipino,Dubai,Tier 1,Married,Masters,Employed Part-Time,17587,0,0,Bi-Weekly,Both,Luxury,1,1432,5,1,5.0,LinkedIn,0,0,10,122,2,0,3,2,7,0,0,1,0,0,5575
42,Female,Pakistani,Dubai,Tier 1,Married,Bachelors,Employed Full-Time,13352,1,1,Weekly,Both,Sports,7,2061,0,1,1.8,Instagram,1,0,24,144,5,4,43,3,4,1,0,1,0,1,6317
26,Female,Emirati,Dubai,Tier 1,Single,Masters,Employed Full-Time,10299,1,1,Monthly,In-Store,Travel,18,2691,2,1,0.7,Snapchat,1,1,11,160,10,1,52,7,9,1,1,0,0,1,6531
21,Female,Emirati,Abu Dhabi,Tier 1,Single,Bachelors,Student,2877,0,0,Bi-Weekly,Both,Food and Dining,5,979,6,0,2.7,Instagram,0,1,17,107,10,1,41,4,5,1,1,0,0,0,4133
31,Male,Indian,Abu Dhabi,Tier 1,Married,Masters,Employed Full-Time,22590,1,1,Monthly,Both,Luxury,7,2162,6,1,7.5,TikTok,0,0,1,12,9,2,107,2,5,1,1,0,0,1,6911
54,Female,Indian,Sharjah,Tier 2,Married,Bachelors,Employed Full-Time,9335,1,1,Weekly,Online,Fashion,12,904,9,1,7.5,Snapchat,0,1,18,131,9,6,41,1,3,0,0,1,0,0,3463
51,Male,Indian,Dubai,Tier 1,Married,Bachelors,Employed Full-Time,10260,0,0,Bi-Weekly,Online,Fashion,17,2899,0,0,2.8,Facebook,0,0,4,75,6,1,77,7,8,1,1,1,1,1,5474
28,Female,Indian,Dubai,Tier 1,Married,Bachelors,Student,1351,0,0,Weekly,In-Store,Groceries,5,1941,8,1,6.8,Instagram,1,0,27,43,3,3,9,2,6,0,1,0,0,0,2898
58,Male,American,Abu Dhabi,Tier 1,Single,Masters,Employed Full-Time,30243,1,0,Weekly,Online,Fashion,12,185,0,1,3.8,Instagram,1,0,19,133,4,3,46,5,9,0,1,0,0,1,4803
20,Female,Jordanian,Ajman,Tier 3,Married,PhD,Employed Full-Time,46847,0,1,Monthly,Online,Fashion,19,811,6,1,5.4,TikTok,0,1,9,175,4,0,16,4,7,0,1,0,0,0,14975
45,Male,Other,Dubai,Tier 1,Married,High School,Student,1370,1,0,Bi-Weekly,Both,Sports,13,1059,1,1,3.0,YouTube,1,0,25,27,9,6,113,6,6,1,0,1,1,0,3308
46,Male,Pakistani,Sharjah,Tier 2,Married,Bachelors,Employed Full-Time,6788,0,1,Bi-Weekly,Both,Electronics,16,1679,8,1,4.4,TikTok,0,0,15,127,4,3,47,3,3,1,1,0,0,1,3490
26,Male,British,Dubai,Tier 1,Married,Bachelors,Employed Full-Time,15013,0,0,Rarely,In-Store,Sports,19,2005,8,1,2.7,TikTok,0,0,11,56,4,0,28,0,8,0,1,0,1,0,5833
20,Male,Jordanian,Ajman,Tier 3,Married,Masters,Self-Employed,19941,1,0,Monthly,In-Store,Luxury,10,2709,8,1,1.0,TikTok,1,1,8,104,5,2,28,0,1,1,0,1,0,1,7760
42,Female,Pakistani,Sharjah,Tier 2,Married,High School,Employed Full-Time,10721,1,0,Bi-Weekly,Online,Electronics,12,899,3,0,1.5,Instagram,1,1,2,80,6,7,75,5,4,1,1,0,0,0,3025
51,Female,Indian,Dubai,Tier 1,Married,Masters,Student,768,1,0,Bi-Weekly,In-Store,Electronics,7,2214,5,1,2.7,Twitter X,0,0,0,68,8,3,108,7,1,0,1,0,0,0,4058
29,Female,Other,Sharjah,Tier 2,Married,Bachelors,Employed Full-Time,11312,1,1,Weekly,In-Store,Fashion,14,2876,1,0,7.8,Instagram,0,0,4,91,1,0,94,7,7,1,0,0,0,0,6361
59,Male,Filipino,Dubai,Tier 1,Married,Bachelors,Student,981,1,0,Monthly,Both,Fashion,10,2917,2,1,7.7,Facebook,0,1,7,15,5,6,11,6,8,1,0,0,0,1,4040
26,Female,Pakistani,Ajman,Tier 3,Single,Masters,Student,3790,1,0,Weekly,Both,Home and Living,8,2089,5,1,6.7,TikTok,1,0,16,147,9,7,29,5,2,0,1,0,0,1,6281
32,Female,Indian,Dubai,Tier 1,Divorced,Masters,Employed Full-Time,29686,1,0,Monthly,Online,Sports,15,528,0,0,2.2,Snapchat,1,0,0,26,10,4,114,2,4,0,1,0,1,1,6519
57,Female,Emirati,Abu Dhabi,Tier 1,Married,Masters,Employed Full-Time,23339,0,1,Weekly,Online,Home and Living,16,1360,6,1,3.8,Instagram,0,1,12,173,4,8,56,0,8,1,0,0,0,1,6801
42,Female,Jordanian,Sharjah,Tier 2,Single,Bachelors,Unemployed,1848,1,0,Weekly,In-Store,Groceries,8,585,1,1,3.8,LinkedIn,1,0,5,10,8,6,76,4,5,1,1,0,0,1,3333
22,Male,Egyptian,Sharjah,Tier 2,Married,PhD,Employed Full-Time,31327,1,1,Weekly,In-Store,Beauty,4,2591,7,0,3.4,Instagram,0,0,14,98,9,3,72,6,2,1,0,1,0,1,14916
28,Female,Indian,Dubai,Tier 1,Single,Bachelors,Employed Part-Time,13534,1,0,Bi-Weekly,Online,Home and Living,17,2502,4,0,0.8,Facebook,1,0,6,102,1,8,57,3,5,1,1,0,1,0,9433
51,Male,Indian,Abu Dhabi,Tier 1,Single,PhD,Employed Part-Time,25479,0,1,Weekly,Both,Electronics,4,2193,6,0,4.5,Twitter X,0,1,29,154,8,5,53,7,8,1,1,1,1,1,5136
41,Male,Filipino,Dubai,Tier 1,Single,Bachelors,Self-Employed,5691,1,0,Weekly,Both,Fashion,11,1570,7,0,1.0,Snapchat,1,1,23,136,8,10,74,0,9,1,0,1,1,1,3389
32,Male,Filipino,Dubai,Tier 1,Married,Bachelors,Self-Employed,13274,0,0,Bi-Weekly,Both,Travel,13,2351,2,1,6.5,TikTok,0,0,7,80,5,7,119,0,6,0,1,1,0,1,7464
55,Female,Indian,Sharjah,Tier 2,Married,Bachelors,Employed Full-Time,22441,1,1,Daily,Both,Groceries,6,463,5,0,5.7,YouTube,0,1,2,32,10,1,59,1,3,1,1,0,1,0,8248
25,Female,Jordanian,Dubai,Tier 1,Married,Bachelors,Employed Full-Time,6904,1,0,Weekly,Both,Luxury,14,1706,8,0,3.1,Instagram,1,0,14,21,2,4,35,0,3,1,1,0,0,1,1879
22,Female,Emirati,Dubai,Tier 1,Married,High School,Student,3534,1,1,Weekly,Both,Fashion,7,2681,3,1,5.4,YouTube,1,0,3,96,7,2,52,0,0,0,1,0,0,0,4146
43,Female,Indian,Sharjah,Tier 2,Married,Masters,Self-Employed,15948,1,0,Monthly,Both,Electronics,12,1444,9,0,2.2,Instagram,0,0,8,45,5,4,36,4,2,0,1,0,0,1,4253
35,Male,British,Dubai,Tier 1,Single,Masters,Employed Part-Time,24693,1,0,Bi-Weekly,Online,Beauty,1,2673,6,1,2.5,TikTok,1,1,10,12,5,7,77,6,8,1,1,0,1,1,9445
23,Male,Indian,Abu Dhabi,Tier 1,Single,Diploma,Unemployed,1898,1,1,Monthly,Online,Travel,10,2340,0,0,2.9,Instagram,0,0,20,176,6,5,58,0,0,1,1,1,1,1,6865
54,Male,Jordanian,Dubai,Tier 1,Married,High School,Self-Employed,22764,1,0,Weekly,Online,Luxury,1,688,6,1,6.5,Instagram,1,1,13,103,10,0,116,1,1,0,1,0,1,1,9577
30,Male,American,Dubai,Tier 1,Married,Bachelors,Employed Full-Time,12208,0,0,Weekly,In-Store,Fashion,16,2136,8,0,2.1,Instagram,1,0,26,74,8,6,91,1,1,1,1,1,0,1,4470
45,Male,Lebanese,Dubai,Tier 1,Married,Masters,Student,3747,1,1,Daily,Both,Travel,7,1970,9,1,4.7,Instagram,0,0,29,70,1,9,104,5,7,0,0,0,0,1,2720
22,Male,Indian,Abu Dhabi,Tier 1,Married,Bachelors,Employed Full-Time,12515,1,0,Rarely,In-Store,Beauty,6,402,7,0,2.0,YouTube,0,1,8,37,3,0,2,1,5,0,1,1,1,1,1770
30,Male,Indian,Sharjah,Tier 2,Married,Bachelors,Employed Full-Time,6070,0,0,Bi-Weekly,Online,Electronics,18,475,3,1,2.6,Twitter X,0,1,11,112,7,0,28,0,6,1,1,0,0,1,2712
34,Female,Indian,Dubai,Tier 1,Single,Masters,Employed Full-Time,31694,1,1,Bi-Weekly,Online,Electronics,4,559,2,1,2.3,Instagram,1,0,4,159,9,3,98,5,3,0,1,0,1,0,13814
57,Male,Filipino,Dubai,Tier 1,Married,Bachelors,Self-Employed,16746,1,0,Rarely,Online,Beauty,16,189,6,0,5.3,Instagram,1,0,20,131,10,8,85,2,3,0,1,0,1,1,6751
62,Female,American,Ajman,Tier 3,Married,Bachelors,Unemployed,508,0,1,Weekly,In-Store,Beauty,1,301,0,0,4.5,Facebook,1,0,24,69,2,7,70,2,3,1,1,1,1,0,1479
49,Female,Jordanian,Dubai,Tier 1,Married,PhD,Employed Full-Time,41620,0,1,Weekly,Online,Electronics,2,718,7,1,5.9,TikTok,1,0,5,98,4,9,63,7,5,1,1,0,0,1,8770
46,Male,British,Ajman,Tier 3,Single,High School,Employed Full-Time,21828,1,1,Monthly,Online,Food and Dining,16,366,0,0,2.1,LinkedIn,0,1,18,33,4,2,52,7,3,0,1,0,0,1,3710
20,Male,Other,Dubai,Tier 1,Married,PhD,Employed Part-Time,27663,1,1,Monthly,In-Store,Sports,9,2517,6,1,0.6,Snapchat,1,0,27,36,7,5,60,4,0,1,1,1,1,1,8434
57,Male,American,Sharjah,Tier 2,Married,High School,Self-Employed,23786,1,0,Monthly,In-Store,Luxury,15,2976,5,0,5.6,Facebook,1,1,4,3,5,0,103,7,0,1,0,1,1,0,7767
51,Male,Indian,Dubai,Tier 1,Single,Masters,Self-Employed,28186,0,0,Monthly,Online,Home and Living,16,2846,9,1,1.4,Snapchat,0,0,0,131,5,9,90,6,7,0,1,1,0,0,13493
57,Female,Indian,Ajman,Tier 3,Married,High School,Employed Part-Time,21905,0,0,Bi-Weekly,Both,Home and Living,9,2059,7,0,2.3,Snapchat,1,1,24,106,7,0,36,2,1,0,0,0,1,0,6679
44,Male,British,Sharjah,Tier 2,Single,Masters,Employed Part-Time,21623,1,0,Monthly,In-Store,Groceries,7,2995,5,0,2.8,Instagram,0,0,9,28,2,5,104,4,8,1,1,1,1,1,7773
30,Male,Indian,Dubai,Tier 1,Married,High School,Employed Full-Time,22571,0,1,Bi-Weekly,Online,Sports,10,1102,4,1,6.1,TikTok,0,0,13,137,8,4,82,7,9,1,1,1,0,0,7550
62,Male,Emirati,Dubai,Tier 1,Married,Masters,Employed Full-Time,18319,0,1,Weekly,In-Store,Food and Dining,7,590,8,1,5.2,Instagram,1,1,25,26,6,5,62,4,7,0,1,1,1,1,8486
50,Female,Filipino,Sharjah,Tier 2,Married,Bachelors,Employed Full-Time,14985,1,0,Bi-Weekly,Online,Home and Living,13,1173,3,0,1.9,Snapchat,0,1,26,157,5,8,106,5,0,1,1,0,0,1,4579
23,Female,Jordanian,Abu Dhabi,Tier 1,Single,High School,Student,4624,0,0,Monthly,Online,Groceries,2,1393,6,0,5.0,TikTok,0,1,22,10,1,4,116,1,9,1,1,1,1,1,3222
41,Female,Emirati,Dubai,Tier 1,Single,Masters,Employed Full-Time,22202,1,1,Monthly,Both,Fashion,12,619,5,1,5.8,Twitter X,0,0,16,155,2,1,43,3,7,1,0,0,1,1,7522
36,Male,Lebanese,Dubai,Tier 1,Single,Bachelors,Self-Employed,8940,1,0,Weekly,In-Store,Food and Dining,13,772,9,1,3.4,Instagram,0,1,29,109,6,0,39,4,8,1,1,1,0,1,4207
33,Female,Lebanese,Sharjah,Tier 2,Single,Bachelors,Employed Full-Time,8762,0,1,Daily,In-Store,Fashion,3,1050,5,0,2.3,TikTok,0,0,26,62,6,10,5,6,3,1,1,1,0,1,4764
57,Female,Pakistani,Dubai,Tier 1,Single,High School,Employed Full-Time,5753,1,1,Weekly,Both,Luxury,11,2973,4,0,5.6,Instagram,1,1,10,96,9,1,90,0,6,0,0,0,0,1,6010
45,Female,Emirati,Abu Dhabi,Tier 1,Married,Bachelors,Employed Full-Time,9054,1,0,Rarely,Both,Beauty,8,2286,1,1,5.1,Snapchat,1,0,3,146,6,7,75,1,3,1,1,0,0,1,6655
50,Female,Indian,Abu Dhabi,Tier 1,Single,High School,Employed Full-Time,17276,0,1,Weekly,Online,Groceries,11,499,3,0,1.1,LinkedIn,1,0,17,86,1,0,50,0,2,0,1,0,0,0,4844
58,Male,British,Ajman,Tier 3,Married,High School,Employed Full-Time,9781,0,1,Bi-Weekly,Both,Sports,18,2191,0,1,5.5,Twitter X,0,1,18,145,7,5,16,0,0,0,1,1,0,1,5597
30,Female,British,Ras Al Khaimah,Tier 3,Married,Bachelors,Self-Employed,20471,0,0,Bi-Weekly,Both,Fashion,7,2380,8,0,4.2,YouTube,0,0,3,49,3,4,83,7,1,1,1,1,0,0,5725
60,Female,Other,Fujairah,Tier 3,Married,Masters,Employed Full-Time,29024,1,0,Monthly,Online,Beauty,12,2667,8,0,6.2,YouTube,1,0,11,154,8,9,52,2,6,1,0,0,0,1,11224
62,Male,Filipino,Dubai,Tier 1,Married,Bachelors,Self-Employed,6962,1,0,Monthly,Both,Electronics,6,74,7,1,1.9,Twitter X,1,0,13,5,6,10,69,0,5,0,1,1,0,1,2772
42,Male,Indian,Ajman,Tier 3,Married,High School,Employed Full-Time,9413,1,0,Rarely,Online,Sports,10,1889,3,1,2.4,TikTok,0,0,17,73,3,8,71,5,7,1,0,0,0,1,2829
59,Female,Indian,Dubai,Tier 1,Divorced,Diploma,Employed Full-Time,11420,1,1,Bi-Weekly,In-Store,Electronics,15,309,4,0,4.6,Instagram,1,1,25,44,3,3,3,4,2,1,1,0,0,0,4141
53,Male,American,Abu Dhabi,Tier 1,Single,Masters,Employed Full-Time,18294,0,1,Monthly,Both,Electronics,15,2063,0,0,4.1,TikTok,1,1,0,152,8,4,89,6,5,1,1,0,1,0,10029
44,Female,Indian,Abu Dhabi,Tier 1,Married,Bachelors,Unemployed,164,0,0,Weekly,Online,Travel,19,1977,3,0,3.4,YouTube,1,1,26,121,6,4,10,0,5,0,1,0,1,1,4797
55,Female,Indian,Dubai,Tier 1,Married,High School,Employed Full-Time,10910,1,0,Bi-Weekly,Both,Groceries,6,2594,3,0,6.1,TikTok,1,0,19,7,2,10,51,6,1,1,1,1,0,1,5019
24,Female,Pakistani,Ras Al Khaimah,Tier 3,Married,PhD,Employed Full-Time,22432,1,0,Monthly,Both,Fashion,19,1286,4,0,4.7,Instagram,0,0,24,20,3,1,69,0,0,1,1,0,1,1,10641
22,Male,Emirati,Dubai,Tier 1,Married,Bachelors,Student,527,0,0,Weekly,Both,Home and Living,15,2212,1,0,5.8,YouTube,0,0,29,108,6,10,32,7,1,0,1,0,0,1,4865
60,Female,Indian,Sharjah,Tier 2,Married,Bachelors,Employed Full-Time,12815,0,1,Monthly,Online,Beauty,18,501,1,0,1.6,TikTok,1,0,10,147,7,1,96,2,8,0,1,0,0,0,4595
62,Male,Pakistani,Sharjah,Tier 2,Married,Bachelors,Student,515,1,1,Weekly,Online,Groceries,2,749,1,0,6.0,Facebook,0,1,26,64,4,8,5,0,5,1,1,0,0,1,1895
48,Male,Indian,Sharjah,Tier 2,Married,Masters,Employed Full-Time,24334,1,1,Weekly,Both,Travel,7,2869,7,0,4.0,Twitter X,1,0,24,43,8,2,119,4,2,1,0,0,1,0,8194
40,Male,Indian,Dubai,Tier 1,Divorced,Bachelors,Self-Employed,7292,1,0,Weekly,Online,Sports,5,1601,1,0,0.8,LinkedIn,0,0,27,44,3,5,118,4,9,0,1,0,0,1,3906
59,Female,American,Abu Dhabi,Tier 1,Married,Masters,Employed Full-Time,25114,0,1,Bi-Weekly,In-Store,Fashion,3,1732,5,1,2.3,Twitter X,1,0,24,153,6,3,43,0,6,0,0,0,1,1,5461
27,Male,Lebanese,Sharjah,Tier 2,Single,Masters,Student,2585,1,1,Weekly,Both,Home and Living,6,434,1,0,0.7,LinkedIn,0,0,18,17,7,3,83,4,0,1,0,0,0,1,1836
49,Female,Indian,Dubai,Tier 1,Single,Bachelors,Employed Part-Time,12353,0,1,Daily,Online,Electronics,6,662,7,1,3.9,Facebook,1,1,0,39,8,4,12,5,7,1,1,0,1,0,6103
60,Female,Lebanese,Abu Dhabi,Tier 1,Married,Masters,Employed Full-Time,14701,1,0,Rarely,Online,Fashion,1,1491,0,1,2.9,TikTok,1,1,0,153,4,4,31,7,9,1,1,0,0,0,8362
47,Female,Indian,Dubai,Tier 1,Divorced,High School,Employed Full-Time,12228,1,0,Rarely,In-Store,Travel,19,2316,1,1,7.9,Facebook,0,0,29,99,5,6,81,5,6,1,1,1,0,1,4361
56,Female,Pakistani,Abu Dhabi,Tier 1,Single,Bachelors,Employed Full-Time,15068,1,0,Daily,Online,Beauty,12,2977,4,0,7.0,LinkedIn,1,1,2,39,6,6,22,4,2,0,1,0,0,0,10434
48,Male,Jordanian,Ajman,Tier 3,Single,Bachelors,Self-Employed,7346,0,0,Bi-Weekly,In-Store,Travel,5,606,5,1,6.7,TikTok,0,0,25,39,1,0,59,2,3,1,1,0,0,1,4194
35,Female,American,Abu Dhabi,Tier 1,Divorced,Bachelors,Employed Full-Time,8054,0,0,Bi-Weekly,Online,Fashion,7,399,8,1,4.3,TikTok,1,1,13,16,9,5,118,6,6,1,1,0,0,0,4245
53,Male,Lebanese,Abu Dhabi,Tier 1,Married,Bachelors,Employed Full-Time,19992,0,1,Weekly,Online,Fashion,8,439,5,1,6.6,TikTok,1,0,7,53,3,3,52,1,3,1,1,1,0,1,3840
19,Female,Indian,Dubai,Tier 1,Single,Bachelors,Employed Part-Time,8200,0,1,Bi-Weekly,Both,Groceries,19,2901,7,1,2.5,Snapchat,0,0,14,106,2,1,47,5,4,0,1,0,0,0,3554
31,Male,Emirati,Abu Dhabi,Tier 1,Married,High School,Employed Full-Time,18491,0,0,Bi-Weekly,In-Store,Groceries,6,2474,6,0,4.7,Instagram,0,0,3,157,7,5,114,1,0,0,1,0,0,0,9163
30,Male,Other,Dubai,Tier 1,Divorced,Bachelors,Employed Full-Time,12527,1,1,Bi-Weekly,In-Store,Sports,15,2968,0,1,3.4,Twitter X,1,0,10,10,4,6,105,3,4,1,1,1,0,1,7137
46,Female,Indian,Dubai,Tier 1,Married,Bachelors,Employed Full-Time,18245,0,1,Monthly,Online,Home and Living,6,2163,1,1,1.8,Instagram,1,0,7,2,4,1,86,7,9,1,1,0,0,1,5941
29,Male,Indian,Abu Dhabi,Tier 1,Married,Masters,Self-Employed,24060,1,1,Bi-Weekly,In-Store,Beauty,9,1192,3,0,1.0,Instagram,0,0,29,141,10,1,49,6,9,1,0,0,0,1,7545
56,Male,American,Abu Dhabi,Tier 1,Married,High School,Unemployed,1352,1,1,Weekly,Both,Home and Living,4,795,0,1,4.7,Instagram,1,0,6,2,9,9,56,1,3,1,0,0,0,1,3318
19,Female,Jordanian,Abu Dhabi,Tier 1,Single,Masters,Employed Full-Time,23607,1,1,Bi-Weekly,In-Store,Sports,16,2105,7,1,1.2,Snapchat,0,0,29,170,7,10,90,7,2,1,1,1,0,1,6857
49,Female,Jordanian,Dubai,Tier 1,Married,Bachelors,Self-Employed,17173,1,1,Bi-Weekly,In-Store,Travel,10,1780,3,0,5.9,TikTok,0,0,23,14,9,6,31,5,8,1,0,1,0,1,7022
30,Female,Indian,Dubai,Tier 1,Single,High School,Employed Full-Time,8164,0,0,Monthly,Online,Groceries,1,1812,6,0,7.4,TikTok,0,1,1,51,1,8,119,5,0,1,1,1,1,0,3402
63,Male,Jordanian,Dubai,Tier 1,Divorced,Bachelors,Employed Full-Time,16438,1,0,Bi-Weekly,In-Store,Luxury,11,76,6,1,1.7,YouTube,0,0,7,108,3,2,59,7,9,1,1,0,1,0,4154
44,Female,Emirati,Ras Al Khaimah,Tier 3,Single,Bachelors,Employed Full-Time,8852,1,1,Monthly,Both,Beauty,17,339,7,1,4.0,LinkedIn,0,0,24,49,10,2,107,0,4,0,1,0,0,1,5127
58,Male,Emirati,Abu Dhabi,Tier 1,Married,Bachelors,Employed Full-Time,10713,0,0,Weekly,Both,Sports,18,77,8,0,6.0,LinkedIn,1,0,25,166,10,7,70,4,9,0,1,0,0,1,5031
34,Female,Egyptian,Dubai,Tier 1,Single,Bachelors,Employed Full-Time,7183,0,0,Bi-Weekly,In-Store,Travel,15,2564,8,1,2.7,Snapchat,1,1,26,162,6,1,76,1,1,1,0,1,0,1,8360
57,Female,Emirati,Dubai,Tier 1,Married,Diploma,Student,1429,1,0,Monthly,Both,Electronics,6,1819,6,0,7.4,LinkedIn,0,0,21,29,1,8,43,2,4,1,0,0,0,0,3198
48,Male,Indian,Fujairah,Tier 3,Single,Diploma,Student,3824,1,1,Monthly,Online,Beauty,16,157,8,0,7.2,Twitter X,1,0,29,111,5,6,91,3,4,1,0,0,0,0,1439
51,Male,British,Dubai,Tier 1,Married,Bachelors,Employed Full-Time,22793,1,1,Bi-Weekly,Both,Food and Dining,2,940,4,0,1.3,YouTube,1,0,18,124,4,7,81,0,9,1,1,0,1,1,6536
41,Male,Indian,Sharjah,Tier 2,Married,Masters,Employed Full-Time,12962,0,0,Weekly,Online,Beauty,3,2536,9,0,0.7,Instagram,0,0,22,64,4,8,74,7,0,1,1,0,1,0,7343
62,Male,Indian,Dubai,Tier 1,Married,High School,Unemployed,1963,0,0,Monthly,In-Store,Travel,17,252,3,1,7.8,Instagram,0,1,8,23,7,2,109,7,3,1,1,0,0,0,3037
52,Male,Indian,Ras Al Khaimah,Tier 3,Married,Bachelors,Employed Full-Time,9599,1,1,Weekly,Online,Fashion,8,826,2,1,7.7,Instagram,0,0,15,23,5,5,5,1,6,0,0,1,0,1,4980
23,Male,Pakistani,Ajman,Tier 3,Single,Masters,Self-Employed,23485,0,1,Daily,Both,Home and Living,15,1039,5,0,3.7,YouTube,0,0,7,16,7,7,4,4,0,1,1,0,1,0,4313
36,Female,Pakistani,Abu Dhabi,Tier 1,Divorced,Bachelors,Employed Full-Time,17440,1,0,Bi-Weekly,Both,Travel,13,2398,9,0,0.9,Snapchat,1,1,29,44,1,0,103,7,9,1,0,0,0,1,9118
47,Male,Lebanese,Dubai,Tier 1,Married,High School,Employed Full-Time,15289,1,1,Weekly,Online,Groceries,19,1975,8,0,5.1,TikTok,0,0,7,60,9,5,15,2,1,1,1,0,0,1,8717
24,Female,American,Dubai,Tier 1,Married,Bachelors,Employed Full-Time,15040,1,1,Weekly,In-Store,Beauty,1,1983,3,0,2.7,Snapchat,0,1,10,109,8,2,2,5,3,0,0,0,0,0,7935
27,Male,Pakistani,Dubai,Tier 1,Married,Bachelors,Student,4191,1,1,Weekly,Both,Electronics,12,2000,1,0,7.5,Twitter X,0,1,6,65,7,7,49,1,9,0,1,0,0,1,5520
58,Female,Jordanian,Abu Dhabi,Tier 1,Married,Bachelors,Student,3082,0,1,Monthly,Online,Electronics,18,487,2,1,6.5,YouTube,1,0,20,147,10,8,119,4,1,1,1,0,0,0,3962
49,Female,Indian,Dubai,Tier 1,Married,Bachelors,Employed Full-Time,9161,1,1,Weekly,Online,Beauty,18,1084,2,1,5.4,Facebook,0,0,1,173,2,4,56,1,1,1,1,1,1,0,6660
51,Male,Indian,Dubai,Tier 1,Married,Bachelors,Self-Employed,4964,1,1,Bi-Weekly,Online,Travel,3,886,1,1,2.6,Facebook,0,1,20,97,6,1,117,0,0,1,0,0,1,1,4367
45,Male,Jordanian,Abu Dhabi,Tier 1,Married,Bachelors,Employed Full-Time,19942,1,1,Monthly,Online,Food and Dining,18,656,8,1,5.8,TikTok,1,1,4,98,4,6,8,3,1,1,0,0,1,1,5734
32,Female,Indian,Abu Dhabi,Tier 1,Married,Masters,Employed Full-Time,26559,1,1,Bi-Weekly,In-Store,Home and Living,17,691,3,0,2.7,TikTok,1,1,17,129,3,5,16,6,2,1,0,0,0,0,4817
47,Male,Other,Dubai,Tier 1,Married,High School,Self-Employed,20455,1,1,Weekly,In-Store,Luxury,11,1858,2,0,0.8,LinkedIn,0,0,10,12,8,5,64,4,3,1,1,0,1,0,11315
54,Female,Pakistani,Dubai,Tier 1,Single,Masters,Employed Part-Time,25306,1,1,Monthly,In-Store,Sports,5,2207,9,0,4.3,Twitter X,0,0,25,153,4,0,84,7,0,0,1,0,0,1,12136
46,Female,Lebanese,Fujairah,Tier 3,Single,Masters,Employed Full-Time,22195,1,1,Daily,In-Store,Sports,7,692,5,0,4.2,Facebook,0,0,16,87,3,0,24,3,0,1,0,0,0,1,9545
39,Female,Pakistani,Abu Dhabi,Tier 1,Single,Masters,Employed Full-Time,15691,1,1,Weekly,Both,Luxury,18,752,7,1,6.2,Instagram,1,1,20,89,5,5,99,3,6,0,1,0,1,1,3640
21,Male,Pakistani,Sharjah,Tier 2,Single,Masters,Unemployed,905,0,1,Weekly,Both,Beauty,7,2898,7,0,7.0,Instagram,1,1,5,88,9,5,55,5,4,1,1,0,0,1,8184
37,Female,Indian,Abu Dhabi,Tier 1,Married,Bachelors,Student,3748,0,1,Weekly,In-Store,Beauty,18,2967,9,1,3.2,Instagram,1,0,12,138,10,3,54,6,6,0,0,0,1,0,5696
49,Female,British,Dubai,Tier 1,Married,Bachelors,Self-Employed,10238,1,1,Monthly,Online,Fashion,2,1772,5,0,3.9,Snapchat,1,1,6,161,3,7,81,2,9,1,1,0,1,1,5131
53,Female,Filipino,Dubai,Tier 1,Single,Bachelors,Employed Full-Time,24874,1,0,Monthly,Online,Travel,6,898,4,1,4.0,Snapchat,0,0,10,130,9,8,69,6,8,1,1,0,0,1,9819
21,Male,Other,Dubai,Tier 1,Married,Diploma,Self-Employed,17156,0,1,Weekly,Online,Electronics,8,2604,6,0,2.9,YouTube,0,0,17,132,4,5,78,4,0,0,1,0,1,1,8854
44,Female,Indian,Sharjah,Tier 2,Married,Bachelors,Employed Full-Time,6411,1,0,Rarely,Both,Fashion,17,2274,2,1,6.1,Facebook,0,1,5,151,10,9,78,2,7,1,1,0,0,0,4736
34,Male,Emirati,Abu Dhabi,Tier 1,Married,High School,Unemployed,342,1,1,Weekly,Online,Beauty,4,1512,9,0,4.4,TikTok,0,1,11,110,4,7,110,7,9,1,1,0,0,1,4250
29,Female,Pakistani,Dubai,Tier 1,Married,High School,Employed Full-Time,12308,1,0,Bi-Weekly,Online,Food and Dining,17,1916,1,1,7.4,Instagram,1,1,23,41,2,7,107,5,3,1,1,0,1,1,5428
39,Male,Egyptian,Fujairah,Tier 3,Married,Diploma,Employed Full-Time,14403,0,1,Monthly,Both,Luxury,16,2765,7,1,5.4,LinkedIn,1,0,21,38,8,1,60,6,8,1,1,0,1,1,4263
34,Female,Jordanian,Dubai,Tier 1,Married,High School,Employed Full-Time,6924,1,0,Monthly,In-Store,Groceries,15,560,8,1,2.1,TikTok,1,0,2,56,4,3,31,3,1,1,0,0,0,0,2053
27,Male,Indian,Fujairah,Tier 3,Single,High School,Self-Employed,6837,1,1,Weekly,Both,Sports,15,2206,5,0,1.7,Facebook,0,0,18,172,3,0,20,6,8,1,0,0,0,0,5003
18,Female,Egyptian,Fujairah,Tier 3,Single,Bachelors,Self-Employed,4576,1,0,Monthly,Both,Food and Dining,8,2969,3,0,3.3,Snapchat,1,1,10,24,3,0,77,0,7,1,0,0,1,1,6975
39,Female,Indian,Dubai,Tier 1,Single,Diploma,Employed Full-Time,18641,0,1,Weekly,Online,Beauty,17,1145,5,0,3.1,Instagram,0,0,22,93,1,5,54,7,5,0,1,1,0,0,4008
43,Female,Egyptian,Dubai,Tier 1,Single,Bachelors,Employed Part-Time,12963,1,0,Weekly,Both,Beauty,19,2586,6,0,3.6,Instagram,1,1,1,169,8,6,9,0,4,1,1,0,0,1,5838
35,Male,Other,Abu Dhabi,Tier 1,Divorced,Bachelors,Student,2973,1,1,Bi-Weekly,Online,Beauty,1,782,7,1,1.9,TikTok,1,1,2,28,5,4,116,1,2,1,1,1,1,1,1915
31,Male,Indian,Abu Dhabi,Tier 1,Married,Masters,Employed Full-Time,12503,1,0,Monthly,Both,Fashion,13,2378,2,0,7.8,TikTok,0,0,22,62,5,7,34,1,0,1,0,0,1,0,7109
64,Female,Pakistani,Abu Dhabi,Tier 1,Married,High School,Self-Employed,12371,1,0,Weekly,In-Store,Travel,6,1287,5,1,1.6,Facebook,1,0,24,143,4,8,76,4,5,0,1,0,1,0,5592
46,Male,Other,Fujairah,Tier 3,Married,PhD,Student,3062,1,0,Weekly,Both,Luxury,10,1530,9,1,5.4,Snapchat,0,0,16,10,5,3,104,6,9,0,1,0,0,0,4397
29,Female,Jordanian,Sharjah,Tier 2,Single,Bachelors,Employed Full-Time,10883,1,0,Weekly,Both,Sports,1,2515,5,0,0.6,YouTube,0,0,4,128,5,0,80,0,4,1,1,0,0,0,6554
53,Female,Filipino,Dubai,Tier 1,Married,Bachelors,Employed Full-Time,19658,1,1,Weekly,In-Store,Home and Living,12,2060,9,1,3.6,LinkedIn,1,0,28,29,9,5,65,3,7,0,1,1,0,1,8294
52,Female,Filipino,Dubai,Tier 1,Married,Masters,Employed Full-Time,25646,0,1,Daily,In-Store,Food and Dining,19,2851,6,1,2.8,TikTok,0,0,1,159,6,0,16,0,0,1,1,0,1,0,8180
29,Male,Indian,Sharjah,Tier 2,Single,Diploma,Employed Full-Time,18184,1,1,Rarely,Both,Fashion,15,1583,3,0,3.4,Snapchat,0,0,11,63,9,1,70,4,9,0,0,0,0,1,6610
24,Female,Filipino,Dubai,Tier 1,Single,Bachelors,Employed Full-Time,16965,0,1,Weekly,Both,Fashion,5,711,5,0,4.2,Facebook,0,0,4,87,8,10,84,1,0,1,1,0,0,0,4471
46,Female,Jordanian,Sharjah,Tier 2,Married,Bachelors,Self-Employed,14493,1,1,Weekly,Both,Fashion,2,1251,1,0,5.0,Instagram,1,1,28,146,3,3,6,7,6,1,0,1,0,1,6710
28,Male,British,Dubai,Tier 1,Married,Masters,Employed Part-Time,34486,0,0,Bi-Weekly,Both,Sports,19,2785,7,1,4.9,YouTube,0,1,12,7,2,3,35,5,7,1,1,1,0,1,15513
50,Female,Indian,Dubai,Tier 1,Married,Bachelors,Employed Full-Time,5119,0,0,Monthly,Online,Luxury,14,153,2,0,5.2,Snapchat,1,0,21,155,6,5,105,7,9,0,1,0,0,0,2562
23,Male,Indian,Dubai,Tier 1,Married,PhD,Self-Employed,27624,1,1,Monthly,Both,Home and Living,9,2809,8,0,6.8,LinkedIn,1,0,23,137,2,7,115,1,0,1,0,1,0,0,6560
64,Male,Indian,Sharjah,Tier 2,Married,PhD,Self-Employed,39934,0,1,Monthly,In-Store,Home and Living,1,2679,7,0,7.2,YouTube,1,0,6,20,3,2,3,5,8,1,1,1,0,0,8392
32,Male,Indian,Dubai,Tier 1,Single,High School,Student,1384,1,1,Daily,Both,Groceries,13,2154,5,0,6.0,Snapchat,0,1,20,117,3,5,21,2,6,0,1,0,1,1,3239
49,Male,Emirati,Sharjah,Tier 2,Married,Diploma,Employed Full-Time,14103,0,0,Monthly,Both,Electronics,17,627,9,0,1.1,Instagram,0,0,10,92,1,2,7,5,6,1,1,0,0,1,5694
28,Female,Pakistani,Abu Dhabi,Tier 1,Married,Bachelors,Self-Employed,23285,1,1,Bi-Weekly,Online,Fashion,2,1131,1,1,7.7,Snapchat,0,0,4,50,5,1,78,1,7,1,1,1,0,0,7481
40,Male,Indian,Sharjah,Tier 2,Married,Masters,Student,4071,1,1,Bi-Weekly,Online,Home and Living,14,2214,7,0,7.6,Snapchat,0,0,29,67,8,3,30,6,7,0,1,1,1,1,6217
43,Male,Indian,Abu Dhabi,Tier 1,Divorced,High School,Employed Full-Time,20557,1,0,Rarely,Online,Luxury,6,868,5,0,5.8,Twitter X,0,1,17,109,9,3,22,3,0,0,1,0,1,1,8010
51,Male,Filipino,Dubai,Tier 1,Married,Masters,Employed Full-Time,31571,1,1,Monthly,In-Store,Luxury,6,128,0,1,4.4,Instagram,0,0,5,145,7,1,14,6,3,0,0,1,0,1,10935
63,Female,Indian,Sharjah,Tier 2,Married,Masters,Employed Full-Time,11718,0,0,Monthly,Online,Fashion,18,1897,5,0,2.4,TikTok,1,0,2,99,5,10,55,4,8,1,1,0,1,0,8743
51,Female,Emirati,Dubai,Tier 1,Married,Masters,Student,874,1,0,Weekly,In-Store,Electronics,19,1939,4,0,6.2,YouTube,0,0,5,149,8,2,89,6,2,1,1,0,0,0,4123
46,Male,Indian,Abu Dhabi,Tier 1,Married,PhD,Employed Full-Time,36031,1,1,Bi-Weekly,Online,Travel,9,608,5,0,7.1,YouTube,1,0,15,160,9,8,67,6,5,0,0,0,1,1,4076
21,Male,Indian,Dubai,Tier 1,Divorced,Bachelors,Student,1780,0,0,Rarely,Online,Electronics,15,2983,0,1,5.5,Instagram,0,0,2,48,9,9,5,1,3,1,1,1,1,0,4657
34,Female,Filipino,Sharjah,Tier 2,Single,Bachelors,Student,3923,0,0,Bi-Weekly,Online,Groceries,7,1756,3,1,5.2,LinkedIn,0,1,17,166,9,8,69,1,0,1,1,0,0,1,2141
52,Male,Emirati,Ras Al Khaimah,Tier 3,Married,Masters,Employed Full-Time,29318,0,1,Weekly,Online,Electronics,6,1669,6,1,1.9,Instagram,0,1,23,28,2,9,115,5,2,1,1,0,0,1,10653
30,Male,American,Abu Dhabi,Tier 1,Married,Masters,Employed Part-Time,15917,0,1,Monthly,Online,Beauty,5,2205,4,0,3.2,LinkedIn,1,1,3,70,3,6,59,3,2,1,0,0,1,1,6050
58,Male,Other,Abu Dhabi,Tier 1,Married,PhD,Employed Full-Time,30352,1,0,Daily,Both,Groceries,19,2896,5,1,5.9,Instagram,0,0,4,58,2,1,106,1,2,1,0,0,1,0,8482
56,Female,American,Sharjah,Tier 2,Single,PhD,Employed Full-Time,18147,1,0,Monthly,Online,Fashion,1,2785,1,1,0.6,YouTube,1,0,8,10,5,4,9,6,5,0,1,0,1,1,6916
32,Male,Filipino,Dubai,Tier 1,Married,Bachelors,Self-Employed,22357,1,1,Monthly,Online,Home and Living,7,1903,7,0,5.3,Facebook,1,1,3,2,3,7,48,3,8,1,1,0,0,1,5851
46,Male,Jordanian,Ras Al Khaimah,Tier 3,Married,Bachelors,Self-Employed,24166,0,0,Bi-Weekly,Both,Groceries,18,119,9,1,6.3,TikTok,0,0,28,153,9,0,105,1,6,0,0,1,1,1,2988
46,Male,British,Dubai,Tier 1,Married,Bachelors,Employed Full-Time,22628,1,1,Bi-Weekly,Online,Fashion,8,2484,3,0,3.0,TikTok,0,0,0,166,2,0,102,3,6,1,1,0,0,0,8666
28,Female,Emirati,Fujairah,Tier 3,Married,Masters,Self-Employed,25058,1,0,Weekly,Both,Sports,12,1239,5,0,1.1,Instagram,1,0,26,1,5,10,37,1,0,1,0,0,0,1,6080
49,Male,Pakistani,Sharjah,Tier 2,Single,Bachelors,Employed Full-Time,12604,1,0,Monthly,Both,Luxury,10,2952,2,0,6.6,Facebook,0,1,21,80,5,10,68,4,8,1,0,1,0,0,4422
19,Female,Jordanian,Sharjah,Tier 2,Divorced,Masters,Employed Full-Time,15093,1,1,Bi-Weekly,In-Store,Fashion,6,1131,8,0,1.6,LinkedIn,0,0,26,90,5,5,20,2,3,0,1,0,0,1,6727
64,Male,Indian,Abu Dhabi,Tier 1,Married,High School,Employed Full-Time,19111,1,0,Bi-Weekly,In-Store,Fashion,16,1524,7,0,3.3,Facebook,1,0,10,73,1,6,85,2,7,1,0,1,0,0,5028
31,Male,Emirati,Abu Dhabi,Tier 1,Married,High School,Employed Full-Time,11221,1,0,Monthly,Online,Electronics,19,294,5,0,5.8,LinkedIn,0,1,4,13,10,6,50,6,0,1,1,0,0,1,4178
37,Female,American,Abu Dhabi,Tier 1,Single,Bachelors,Unemployed,481,1,1,Weekly,In-Store,Beauty,18,733,8,0,6.6,Twitter X,1,0,9,71,7,2,112,0,7,0,0,0,0,0,2261
39,Male,Lebanese,Dubai,Tier 1,Single,High School,Self-Employed,15602,1,0,Bi-Weekly,In-Store,Luxury,13,1849,9,1,7.0,YouTube,0,1,2,1,2,9,24,2,8,1,1,0,0,1,8287
28,Female,Indian,Abu Dhabi,Tier 1,Married,Bachelors,Employed Full-Time,16284,0,1,Monthly,Online,Fashion,7,1651,8,1,4.5,Facebook,1,0,14,159,2,3,71,6,4,0,1,1,0,1,4128
44,Female,Filipino,Abu Dhabi,Tier 1,Married,High School,Employed Full-Time,21766,0,0,Rarely,Online,Beauty,7,2882,1,0,4.1,Instagram,0,1,26,56,9,8,110,3,6,0,0,0,0,1,9939
20,Female,Indian,Ajman,Tier 3,Married,Bachelors,Employed Full-Time,19510,1,0,Daily,Both,Fashion,16,120,8,0,6.9,Twitter X,0,0,26,147,1,10,119,3,9,1,1,1,1,1,2845
34,Male,British,Abu Dhabi,Tier 1,Single,High School,Employed Full-Time,5123,0,1,Daily,Online,Groceries,10,1938,7,0,4.7,TikTok,0,0,13,4,9,9,49,5,1,1,0,1,0,1,3136
61,Female,Indian,Dubai,Tier 1,Married,Masters,Self-Employed,21573,0,0,Bi-Weekly,Both,Electronics,15,1312,1,0,4.8,YouTube,0,1,4,28,6,3,8,2,0,1,0,1,1,0,6166
45,Male,Indian,Dubai,Tier 1,Married,Masters,Student,4834,1,1,Monthly,Both,Travel,14,2205,8,1,3.8,TikTok,1,1,7,44,5,4,75,5,5,1,0,1,0,1,4522
46,Female,Jordanian,Abu Dhabi,Tier 1,Single,Bachelors,Self-Employed,6243,0,0,Weekly,Online,Sports,12,1281,4,1,3.3,TikTok,1,1,16,30,5,5,113,3,8,1,1,1,1,1,3326
38,Female,Pakistani,Dubai,Tier 1,Married,Masters,Employed Full-Time,20328,0,1,Rarely,Online,Groceries,15,771,8,1,4.1,Instagram,0,0,19,36,5,6,110,4,0,1,0,0,0,1,6791
64,Female,Egyptian,Dubai,Tier 1,Married,Bachelors,Employed Full-Time,13970,1,1,Weekly,Online,Travel,8,351,2,0,3.2,Facebook,1,1,18,106,6,4,73,3,9,1,1,0,0,1,4235
33,Male,Pakistani,Sharjah,Tier 2,Married,Bachelors,Employed Full-Time,21513,1,0,Daily,Both,Fashion,7,1503,3,1,3.1,Instagram,0,0,3,122,7,6,6,5,0,1,1,0,0,0,9509
54,Male,Indian,Abu Dhabi,Tier 1,Single,Bachelors,Employed Full-Time,18630,1,0,Weekly,Online,Electronics,9,1421,0,1,8.0,YouTube,1,1,1,4,9,1,40,4,3,1,0,0,0,0,6762
37,Male,Egyptian,Abu Dhabi,Tier 1,Married,Bachelors,Employed Full-Time,15714,0,1,Monthly,Both,Food and Dining,14,1965,4,0,3.0,TikTok,1,0,1,11,2,6,81,4,9,1,0,1,1,1,3025
23,Female,Indian,Dubai,Tier 1,Single,Masters,Employed Full-Time,28895,1,0,Weekly,Both,Fashion,7,2625,6,1,2.4,TikTok,0,0,1,53,4,4,54,4,5,0,0,1,1,1,10172
36,Male,Indian,Sharjah,Tier 2,Single,High School,Employed Full-Time,8501,0,0,Bi-Weekly,Both,Food and Dining,12,1479,6,0,3.2,Instagram,0,0,2,124,5,9,77,1,8,1,1,0,1,0,6122
22,Male,Indian,Dubai,Tier 1,Single,Diploma,Employed Part-Time,23157,1,0,Bi-Weekly,Online,Home and Living,14,1975,5,1,4.9,Instagram,1,1,27,88,6,4,109,0,1,0,0,0,1,0,10056
20,Female,British,Sharjah,Tier 2,Married,High School,Self-Employed,23169,1,1,Monthly,In-Store,Food and Dining,11,1001,5,0,7.3,TikTok,0,0,8,54,7,10,17,7,4,1,0,0,0,1,7091
18,Female,Other,Dubai,Tier 1,Single,Bachelors,Employed Full-Time,5706,1,1,Daily,Online,Sports,19,305,7,1,6.4,TikTok,0,0,4,84,3,5,51,7,6,0,1,0,0,1,1662
55,Male,Other,Ajman,Tier 3,Divorced,PhD,Self-Employed,40106,1,1,Monthly,Online,Electronics,6,1003,9,1,6.8,Instagram,0,0,19,45,3,8,2,5,3,1,1,1,1,1,5433
32,Female,Pakistani,Abu Dhabi,Tier 1,Single,High School,Employed Full-Time,12566,0,0,Weekly,Online,Travel,3,1218,8,0,6.9,Instagram,0,0,28,145,9,3,30,3,5,1,1,0,1,0,5820
51,Male,Indian,Abu Dhabi,Tier 1,Single,Bachelors,Employed Full-Time,5612,0,1,Rarely,Both,Fashion,6,1749,3,0,7.4,TikTok,0,1,14,64,9,4,32,1,5,1,1,0,1,0,5626
52,Male,Pakistani,Abu Dhabi,Tier 1,Married,Bachelors,Self-Employed,20838,1,0,Monthly,Both,Sports,9,1597,3,1,2.3,Twitter X,1,0,3,13,2,4,50,5,3,0,1,0,1,1,5279
42,Male,Jordanian,Abu Dhabi,Tier 1,Single,Bachelors,Employed Full-Time,8297,1,0,Weekly,Online,Beauty,2,2659,7,0,3.9,TikTok,0,0,2,179,4,2,100,0,3,1,1,1,1,0,6356
41,Male,Indian,Dubai,Tier 1,Married,Bachelors,Student,2542,0,1,Rarely,In-Store,Sports,6,409,4,0,3.4,TikTok,0,1,8,52,4,2,71,1,8,1,0,1,1,0,1315
29,Male,Other,Sharjah,Tier 2,Single,High School,Employed Full-Time,19546,0,1,Daily,Online,Luxury,14,1263,9,1,3.4,TikTok,1,0,26,143,5,0,16,3,0,1,1,0,0,0,4019
35,Female,Indian,Dubai,Tier 1,Single,Bachelors,Employed Part-Time,19967,0,0,Monthly,Both,Luxury,19,2393,8,0,5.4,Snapchat,1,1,9,132,2,3,83,5,4,1,0,0,0,0,5409
32,Male,Other,Ajman,Tier 3,Single,Bachelors,Employed Part-Time,13045,1,0,Bi-Weekly,Online,Luxury,4,2190,5,1,3.5,TikTok,0,0,16,82,4,8,79,4,8,1,1,0,1,1,10370
61,Male,Jordanian,Sharjah,Tier 2,Married,Bachelors,Self-Employed,5391,0,1,Bi-Weekly,In-Store,Travel,14,1203,8,1,5.1,Snapchat,1,0,29,107,3,1,55,1,8,1,1,1,0,1,4075
33,Female,Lebanese,Dubai,Tier 1,Single,Bachelors,Student,1409,0,0,Weekly,In-Store,Groceries,10,910,3,1,3.4,YouTube,1,0,21,9,6,9,57,0,8,0,1,0,0,1,3059
44,Male,Indian,Sharjah,Tier 2,Married,Bachelors,Self-Employed,12453,1,0,Bi-Weekly,Both,Travel,6,1039,0,1,2.8,Instagram,1,1,19,112,4,3,78,0,1,1,0,0,0,1,2550
25,Male,Emirati,Dubai,Tier 1,Married,Bachelors,Self-Employed,12008,1,0,Weekly,Online,Sports,11,533,3,1,3.1,Instagram,1,1,7,120,1,8,45,0,6,1,1,1,0,1,3587
63,Female,Indian,Dubai,Tier 1,Married,Bachelors,Employed Full-Time,19948,1,0,Bi-Weekly,In-Store,Luxury,13,2973,8,1,6.5,Instagram,0,0,22,67,3,8,52,5,9,1,1,0,1,1,10811
42,Female,Indian,Fujairah,Tier 3,Married,Bachelors,Employed Full-Time,9425,0,1,Weekly,In-Store,Food and Dining,18,1482,6,1,5.0,TikTok,1,1,18,82,8,7,71,1,7,1,0,0,0,1,4241
34,Female,Emirati,Abu Dhabi,Tier 1,Married,Bachelors,Employed Part-Time,18157,1,1,Monthly,Online,Electronics,14,390,5,0,7.8,Instagram,1,1,4,101,3,1,47,6,0,1,1,0,1,0,8224
46,Female,Pakistani,Abu Dhabi,Tier 1,Divorced,Bachelors,Employed Part-Time,21021,1,0,Bi-Weekly,Online,Groceries,11,2427,1,0,6.7,TikTok,1,0,26,120,7,10,33,6,1,0,0,1,0,1,8587
25,Female,Pakistani,Dubai,Tier 1,Single,Bachelors,Unemployed,1553,1,1,Monthly,Both,Luxury,5,1968,3,0,4.1,YouTube,0,1,10,157,2,2,98,6,0,1,1,0,1,0,2089
32,Male,Egyptian,Dubai,Tier 1,Single,Bachelors,Employed Full-Time,6805,1,0,Monthly,Both,Electronics,8,2896,0,1,2.3,Instagram,0,0,3,175,5,5,24,0,8,1,0,0,0,0,4028
44,Female,Egyptian,Fujairah,Tier 3,Single,Bachelors,Employed Full-Time,19447,1,1,Weekly,Online,Beauty,4,1248,2,0,5.6,TikTok,1,1,3,116,7,1,35,7,9,0,1,1,0,0,8485
63,Male,Indian,Dubai,Tier 1,Single,Masters,Employed Part-Time,12859,0,0,Daily,Both,Travel,12,1517,1,1,5.9,Twitter X,0,0,25,114,1,2,64,2,4,0,1,0,0,0,6036
24,Female,Other,Dubai,Tier 1,Single,Bachelors,Student,4989,1,0,Weekly,In-Store,Electronics,6,250,3,1,4.0,Instagram,1,1,14,133,1,0,85,5,3,1,1,0,0,0,1232
20,Male,Indian,Abu Dhabi,Tier 1,Married,Bachelors,Student,4991,1,0,Rarely,Both,Food and Dining,8,792,3,0,2.2,Instagram,0,0,7,111,8,3,88,0,7,0,1,0,0,1,3670
46,Female,Pakistani,Abu Dhabi,Tier 1,Married,Bachelors,Employed Full-Time,12856,1,1,Bi-Weekly,Both,Food and Dining,4,147,8,0,4.7,Snapchat,1,0,24,59,2,10,101,0,2,1,0,0,0,1,3204
61,Male,Pakistani,Abu Dhabi,Tier 1,Divorced,Bachelors,Employed Full-Time,21630,1,0,Monthly,In-Store,Groceries,10,1626,6,1,2.4,Instagram,0,0,26,35,4,5,80,1,7,1,1,1,0,1,5819
41,Female,Lebanese,Dubai,Tier 1,Single,Bachelors,Employed Full-Time,10061,1,0,Monthly,Online,Luxury,11,1341,2,1,7.5,Twitter X,1,0,12,5,3,0,60,6,2,0,0,0,0,1,4094
20,Male,Emirati,Dubai,Tier 1,Single,PhD,Employed Full-Time,29954,1,1,Rarely,In-Store,Electronics,15,888,6,0,5.2,Instagram,0,1,29,50,5,0,81,6,5,1,1,1,0,1,7168
37,Female,Pakistani,Dubai,Tier 1,Divorced,Masters,Unemployed,821,1,0,Bi-Weekly,Both,Luxury,5,401,7,1,2.7,Snapchat,1,1,29,60,2,7,29,3,3,1,0,0,0,1,1327
63,Female,Egyptian,Ras Al Khaimah,Tier 3,Married,Masters,Employed Full-Time,13405,0,0,Bi-Weekly,Both,Beauty,3,2564,6,1,2.1,Facebook,1,0,19,15,6,6,18,1,7,1,1,1,0,1,7470
32,Male,Indian,Dubai,Tier 1,Married,Masters,Employed Full-Time,25993,1,1,Monthly,Online,Travel,15,1351,7,0,5.9,Instagram,0,1,11,108,8,6,58,1,6,1,1,0,0,1,10791
42,Female,Egyptian,Sharjah,Tier 2,Married,Bachelors,Employed Full-Time,4880,0,1,Monthly,Both,Fashion,2,2027,8,1,5.8,Instagram,0,0,1,115,5,6,48,2,4,1,1,0,0,1,6523
47,Female,Other,Sharjah,Tier 2,Married,High School,Employed Full-Time,20818,1,1,Monthly,Both,Sports,2,505,0,0,5.0,Instagram,1,0,0,103,7,4,11,3,2,1,0,0,1,0,4591
31,Female,Other,Sharjah,Tier 2,Married,Bachelors,Self-Employed,10124,1,1,Bi-Weekly,Online,Luxury,8,1807,9,1,5.1,LinkedIn,0,1,13,152,5,3,3,7,4,1,1,0,0,1,6022
24,Male,Emirati,Ajman,Tier 3,Single,Bachelors,Employed Full-Time,9184,0,0,Bi-Weekly,In-Store,Fashion,14,1207,5,1,5.0,Facebook,1,0,25,21,6,6,42,1,3,1,1,0,0,1,4844
34,Male,Indian,Dubai,Tier 1,Married,Bachelors,Employed Full-Time,22368,1,0,Weekly,Online,Luxury,9,307,3,1,3.2,Instagram,0,1,19,2,9,10,18,2,7,1,0,1,1,1,4770
61,Male,Indian,Dubai,Tier 1,Married,Masters,Unemployed,1608,0,1,Monthly,Both,Food and Dining,5,2159,0,0,7.5,Facebook,0,1,7,173,10,2,16,1,4,1,1,0,1,1,5407
37,Male,Pakistani,Abu Dhabi,Tier 1,Single,Masters,Employed Full-Time,24941,1,0,Bi-Weekly,In-Store,Home and Living,12,531,1,1,4.1,Facebook,1,1,15,82,1,8,41,2,9,0,1,0,1,1,7049
53,Female,Indian,Dubai,Tier 1,Married,Bachelors,Self-Employed,6798,1,1,Weekly,Both,Luxury,10,1550,9,0,0.7,YouTube,0,0,4,10,10,1,117,5,9,0,0,0,0,1,3427
26,Male,Indian,Sharjah,Tier 2,Married,Bachelors,Employed Full-Time,11603,1,1,Weekly,Both,Beauty,1,1049,3,0,3.1,TikTok,1,1,1,173,9,0,65,4,4,1,1,0,1,0,6086
55,Female,Other,Abu Dhabi,Tier 1,Married,Bachelors,Employed Part-Time,17283,0,1,Monthly,Online,Home and Living,19,684,0,0,1.5,LinkedIn,0,1,14,165,3,7,43,0,1,1,0,0,0,1,5649
39,Male,Other,Ajman,Tier 3,Single,Masters,Employed Full-Time,14453,0,0,Bi-Weekly,Online,Electronics,11,1446,5,1,3.2,TikTok,0,1,26,151,10,5,43,7,8,1,1,1,1,0,5030
19,Male,Emirati,Dubai,Tier 1,Married,Masters,Employed Full-Time,29513,1,0,Weekly,Both,Beauty,17,1372,0,1,5.1,LinkedIn,0,1,3,173,3,3,91,0,5,1,1,1,0,0,5811
41,Female,Indian,Ras Al Khaimah,Tier 3,Married,Diploma,Employed Full-Time,5493,1,0,Weekly,Both,Home and Living,3,1125,8,1,0.7,Instagram,1,0,3,169,4,9,31,1,0,1,0,1,0,1,3114
25,Female,Pakistani,Dubai,Tier 1,Married,High School,Employed Full-Time,23063,1,1,Bi-Weekly,Both,Sports,1,1452,9,1,7.0,Instagram,0,0,9,65,8,8,109,6,2,1,0,0,0,1,5781
28,Male,Indian,Abu Dhabi,Tier 1,Single,Bachelors,Employed Full-Time,19707,0,1,Weekly,Online,Fashion,17,2027,2,0,5.1,LinkedIn,0,0,20,61,1,4,28,2,3,1,1,0,1,1,9783
30,Male,Egyptian,Abu Dhabi,Tier 1,Married,Bachelors,Employed Full-Time,22009,1,0,Bi-Weekly,Both,Fashion,6,2409,0,0,2.7,Twitter X,0,0,17,118,4,10,104,6,9,1,1,0,1,1,8934
34,Male,Egyptian,Sharjah,Tier 2,Married,High School,Self-Employed,23401,1,1,Monthly,In-Store,Sports,13,2676,5,1,2.8,TikTok,1,0,6,134,7,0,51,4,9,1,1,0,0,1,6273
25,Male,Jordanian,Abu Dhabi,Tier 1,Single,PhD,Student,2648,1,1,Bi-Weekly,Online,Fashion,4,2156,5,1,4.0,Snapchat,1,1,4,18,3,0,27,0,1,1,0,1,0,1,5685
38,Male,American,Ras Al Khaimah,Tier 3,Single,Diploma,Employed Full-Time,7246,0,0,Rarely,Online,Groceries,5,2401,6,0,2.4,TikTok,0,1,3,91,7,6,9,6,9,1,0,1,0,0,6747
35,Male,Filipino,Ajman,Tier 3,Married,Bachelors,Employed Full-Time,19925,1,1,Daily,Both,Fashion,15,2132,6,0,0.5,Instagram,0,0,23,112,5,0,38,1,3,0,1,0,1,0,10059
47,Male,Egyptian,Ajman,Tier 3,Married,High School,Student,3280,0,1,Weekly,In-Store,Beauty,14,697,9,1,0.7,Instagram,0,0,14,168,10,5,36,5,1,0,0,0,0,0,1754
35,Female,Indian,Dubai,Tier 1,Single,Bachelors,Employed Part-Time,22334,0,1,Daily,Both,Food and Dining,19,1060,3,1,3.2,Instagram,1,0,17,166,9,6,60,7,5,1,1,0,1,1,10361
63,Male,Filipino,Ajman,Tier 3,Married,Masters,Employed Full-Time,12200,1,0,Weekly,Both,Travel,15,1661,4,1,1.4,Snapchat,0,1,16,173,8,10,105,6,9,0,1,0,0,0,6540
64,Male,Pakistani,Sharjah,Tier 2,Married,Bachelors,Employed Full-Time,6026,1,0,Weekly,Online,Fashion,12,542,2,0,0.7,Instagram,0,0,5,17,3,9,91,6,8,0,1,1,1,1,2029
48,Male,Indian,Dubai,Tier 1,Single,High School,Employed Full-Time,5547,1,1,Monthly,In-Store,Groceries,18,540,5,1,6.9,Instagram,1,1,25,141,4,4,57,1,0,1,1,1,1,0,3338
55,Female,Indian,Dubai,Tier 1,Married,High School,Employed Full-Time,19289,1,1,Weekly,Online,Travel,14,2318,6,0,2.6,YouTube,1,1,25,10,7,2,47,2,4,1,0,0,0,1,9926
49,Female,Indian,Dubai,Tier 1,Single,Bachelors,Student,3070,1,1,Rarely,In-Store,Travel,10,1670,8,1,4.3,Instagram,1,0,23,31,2,2,114,3,8,1,1,1,0,1,4309
28,Male,Other,Dubai,Tier 1,Married,PhD,Self-Employed,30987,0,1,Daily,Online,Fashion,8,2220,8,0,1.8,Facebook,0,1,22,50,10,1,90,5,6,1,0,0,1,1,9921
62,Female,Indian,Abu Dhabi,Tier 1,Married,Bachelors,Self-Employed,10511,0,0,Monthly,In-Store,Luxury,4,2804,4,1,0.9,LinkedIn,0,1,24,123,6,10,118,1,5,1,0,0,1,1,8778
42,Male,Indian,Fujairah,Tier 3,Married,Bachelors,Employed Full-Time,11757,0,1,Rarely,In-Store,Fashion,18,1175,3,1,6.1,Instagram,0,1,0,84,9,0,91,4,6,0,1,0,0,1,4287
50,Female,Indian,Abu Dhabi,Tier 1,Married,High School,Employed Full-Time,24107,0,1,Weekly,Online,Beauty,8,1868,6,1,1.4,Instagram,0,1,2,151,9,10,68,7,8,1,0,0,0,1,7408
55,Male,Egyptian,Abu Dhabi,Tier 1,Single,Bachelors,Student,3936,1,0,Bi-Weekly,Online,Electronics,4,936,2,0,0.7,Snapchat,1,1,8,45,6,7,51,4,2,1,1,0,0,1,3608
58,Male,Indian,Fujairah,Tier 3,Married,Masters,Employed Full-Time,20607,1,1,Monthly,In-Store,Food and Dining,11,2034,3,1,4.9,Snapchat,0,1,4,166,6,8,58,3,7,0,0,0,1,1,9888
25,Female,Other,Dubai,Tier 1,Married,Bachelors,Employed Full-Time,16720,1,0,Bi-Weekly,Both,Luxury,5,543,8,0,0.6,Snapchat,0,0,5,139,6,1,48,4,0,0,0,0,0,0,5176
28,Female,Jordanian,Ajman,Tier 3,Married,Bachelors,Employed Full-Time,17574,1,1,Bi-Weekly,In-Store,Fashion,10,808,4,1,3.8,Snapchat,0,0,29,136,10,3,102,2,9,0,0,1,0,1,5111
39,Male,Filipino,Abu Dhabi,Tier 1,Married,Masters,Employed Part-Time,19080,1,1,Weekly,Both,Sports,6,1733,9,1,2.7,YouTube,1,0,26,78,6,2,59,1,5,0,0,1,0,1,6191
41,Female,British,Abu Dhabi,Tier 1,Married,High School,Employed Full-Time,16795,1,1,Monthly,Online,Fashion,4,682,6,1,2.9,Instagram,0,0,12,128,3,3,76,2,8,1,1,1,1,1,5890
58,Female,Emirati,Dubai,Tier 1,Single,Masters,Employed Full-Time,14821,0,1,Monthly,Online,Electronics,18,379,1,0,0.5,Twitter X,0,1,22,13,4,3,47,6,0,1,1,1,0,1,2063
34,Male,Indian,Abu Dhabi,Tier 1,Single,Bachelors,Student,4688,0,0,Weekly,In-Store,Groceries,17,1973,8,1,7.7,Instagram,0,1,2,162,6,7,15,7,4,1,0,1,0,0,2504
29,Male,Lebanese,Dubai,Tier 1,Single,Bachelors,Employed Part-Time,19862,0,0,Rarely,Both,Home and Living,7,1400,4,1,4.4,TikTok,0,0,22,101,10,10,111,3,7,1,1,0,0,1,3567
63,Male,Emirati,Sharjah,Tier 2,Married,Masters,Employed Full-Time,28100,1,1,Bi-Weekly,In-Store,Electronics,9,59,4,0,4.8,Instagram,1,0,2,10,1,2,112,3,9,1,0,0,1,1,7694
49,Male,Indian,Dubai,Tier 1,Single,Masters,Self-Employed,32007,0,0,Bi-Weekly,In-Store,Beauty,3,2224,3,0,5.5,TikTok,0,1,21,94,1,2,94,2,5,1,0,0,0,1,6735
32,Male,Filipino,Ajman,Tier 3,Single,Bachelors,Employed Full-Time,22477,1,0,Monthly,Both,Beauty,9,1034,7,1,6.5,Twitter X,0,0,23,76,7,5,78,5,5,1,1,1,0,1,10670
33,Male,Indian,Dubai,Tier 1,Married,High School,Employed Full-Time,23560,1,1,Bi-Weekly,Online,Home and Living,4,718,3,1,5.1,Instagram,1,0,22,119,1,10,72,0,2,1,1,1,0,1,5536
39,Male,Other,Dubai,Tier 1,Single,Bachelors,Employed Part-Time,11484,1,1,Daily,Online,Fashion,19,2328,1,1,6.2,Instagram,0,1,4,36,5,2,92,3,7,1,1,0,0,1,7024
45,Female,Indian,Sharjah,Tier 2,Married,Bachelors,Employed Full-Time,16408,1,1,Bi-Weekly,Online,Electronics,9,1088,4,0,3.9,TikTok,0,0,11,4,10,4,95,1,0,0,1,0,0,1,8086
37,Female,Lebanese,Dubai,Tier 1,Single,Bachelors,Employed Full-Time,23954,0,0,Monthly,Online,Groceries,6,2584,2,0,3.3,Instagram,1,1,21,122,8,3,2,5,3,1,1,0,1,1,7354
50,Female,Pakistani,Sharjah,Tier 2,Single,Masters,Self-Employed,19502,1,1,Monthly,Both,Groceries,11,491,3,1,6.7,Twitter X,0,0,19,149,6,10,79,3,7,1,0,0,0,0,6172
27,Male,American,Fujairah,Tier 3,Married,High School,Student,934,1,1,Rarely,In-Store,Home and Living,15,2975,2,0,7.0,Twitter X,1,1,17,125,3,3,61,2,5,1,1,0,0,1,5241
57,Female,Indian,Sharjah,Tier 2,Single,Bachelors,Employed Full-Time,4705,1,1,Daily,In-Store,Food and Dining,6,1631,6,1,1.5,LinkedIn,0,1,6,94,2,1,40,2,8,1,1,0,1,0,4157
49,Female,Filipino,Dubai,Tier 1,Married,Bachelors,Employed Full-Time,22742,0,0,Weekly,Both,Fashion,10,323,5,0,4.6,Snapchat,1,0,19,38,2,8,43,4,0,0,1,0,0,0,5767
50,Female,Jordanian,Abu Dhabi,Tier 1,Married,Bachelors,Employed Full-Time,17525,1,0,Bi-Weekly,Both,Sports,18,667,1,1,5.6,Snapchat,1,1,21,76,4,4,48,5,1,1,1,1,1,1,5627
19,Male,Pakistani,Sharjah,Tier 2,Single,Masters,Employed Full-Time,17562,0,1,Bi-Weekly,In-Store,Electronics,16,1076,7,0,1.1,Instagram,1,1,25,39,9,4,72,0,0,1,0,0,0,1,6179
50,Female,Indian,Sharjah,Tier 2,Single,Bachelors,Employed Full-Time,7812,0,1,Weekly,Both,Fashion,4,2423,4,0,7.5,Facebook,0,0,11,89,9,6,69,2,3,1,1,0,1,1,7021
50,Male,Filipino,Dubai,Tier 1,Married,Bachelors,Employed Full-Time,15652,0,0,Monthly,Online,Beauty,13,302,5,0,4.4,TikTok,1,1,1,54,1,2,116,6,8,1,1,1,0,0,1573
58,Male,British,Abu Dhabi,Tier 1,Single,Diploma,Employed Part-Time,24152,1,1,Weekly,Both,Sports,5,1607,7,0,5.3,YouTube,0,0,15,62,5,5,57,4,3,1,0,0,0,1,8016
30,Female,Pakistani,Abu Dhabi,Tier 1,Single,Bachelors,Employed Full-Time,6319,1,1,Daily,Online,Travel,19,2983,6,0,1.8,YouTube,0,0,29,19,9,0,68,4,8,0,1,0,1,1,5007
47,Female,Other,Dubai,Tier 1,Married,Bachelors,Employed Full-Time,12163,1,0,Rarely,In-Store,Sports,18,497,2,0,2.5,LinkedIn,0,0,1,2,4,4,12,1,5,1,1,1,0,1,4779
50,Male,Indian,Dubai,Tier 1,Married,Bachelors,Employed Full-Time,4209,0,0,Weekly,Online,Electronics,17,2470,1,1,1.4,TikTok,1,0,21,150,7,4,74,4,4,1,0,0,0,0,2866
30,Female,Pakistani,Abu Dhabi,Tier 1,Married,Diploma,Employed Full-Time,8834,0,1,Rarely,Both,Sports,16,518,2,1,2.5,TikTok,0,0,7,94,6,8,68,0,9,1,1,0,0,1,5207
43,Female,American,Sharjah,Tier 2,Married,Diploma,Unemployed,403,1,1,Weekly,Online,Luxury,1,2857,7,0,4.2,LinkedIn,0,1,0,57,4,4,51,1,3,1,1,0,1,0,7131
39,Male,British,Ras Al Khaimah,Tier 3,Married,Bachelors,Employed Full-Time,16446,1,0,Daily,In-Store,Beauty,1,1209,3,0,6.8,Facebook,1,0,13,100,10,7,74,2,9,1,0,0,1,1,6888
56,Female,Jordanian,Abu Dhabi,Tier 1,Single,High School,Student,3315,1,0,Monthly,In-Store,Food and Dining,14,2930,7,0,4.5,Facebook,1,1,9,3,7,2,29,5,1,1,1,1,0,0,4710
19,Male,Other,Dubai,Tier 1,Married,PhD,Student,4263,0,0,Monthly,In-Store,Electronics,2,119,3,1,2.3,Instagram,0,1,22,23,7,10,92,6,7,1,1,0,0,1,3377
55,Female,Pakistani,Dubai,Tier 1,Married,Bachelors,Student,4535,1,0,Bi-Weekly,Both,Luxury,15,530,6,0,0.8,LinkedIn,0,1,21,4,2,5,29,2,2,1,0,0,1,1,3181
56,Male,Indian,Fujairah,Tier 3,Single,Bachelors,Employed Full-Time,15717,0,1,Daily,Both,Groceries,3,2627,5,1,5.2,Snapchat,0,1,29,156,7,1,83,4,0,0,0,0,1,0,5741
43,Male,Emirati,Fujairah,Tier 3,Divorced,Masters,Student,732,0,0,Monthly,Both,Home and Living,13,539,9,1,3.7,TikTok,1,1,20,78,9,8,115,3,9,0,1,1,0,1,2601
63,Female,American,Ras Al Khaimah,Tier 3,Single,Bachelors,Employed Full-Time,20229,1,1,Weekly,Online,Sports,19,552,0,0,7.9,LinkedIn,0,0,12,70,6,5,107,0,6,1,1,0,1,0,7854
32,Female,Other,Sharjah,Tier 2,Single,High School,Employed Full-Time,6444,1,0,Monthly,Online,Fashion,1,1771,7,1,6.3,TikTok,0,1,9,169,6,4,119,7,7,1,1,0,1,0,4403
51,Female,Indian,Dubai,Tier 1,Married,Masters,Employed Full-Time,24684,0,0,Weekly,In-Store,Food and Dining,13,166,5,1,6.6,Facebook,1,1,12,165,6,8,13,7,6,1,0,0,1,1,8849
59,Female,Indian,Sharjah,Tier 2,Married,Bachelors,Employed Full-Time,12332,1,1,Monthly,Both,Electronics,15,1863,1,0,0.6,TikTok,1,0,27,7,2,0,117,0,3,1,0,1,0,1,5755
61,Female,Emirati,Dubai,Tier 1,Single,Bachelors,Employed Full-Time,23248,1,0,Bi-Weekly,In-Store,Fashion,16,2704,4,1,6.3,Snapchat,1,0,12,1,6,2,57,4,7,1,1,1,1,1,8748
57,Female,Jordanian,Dubai,Tier 1,Single,Bachelors,Employed Full-Time,24561,1,1,Bi-Weekly,Online,Travel,11,968,1,0,2.0,Instagram,1,0,23,88,6,1,98,0,9,1,1,0,1,0,3987
28,Female,Indian,Sharjah,Tier 2,Married,Bachelors,Employed Full-Time,6607,1,1,Monthly,In-Store,Electronics,3,953,9,0,4.9,TikTok,1,0,0,162,9,8,46,7,3,1,1,1,1,0,5050
20,Female,Pakistani,Dubai,Tier 1,Married,Bachelors,Self-Employed,24320,0,1,Daily,In-Store,Groceries,8,477,6,0,3.9,Snapchat,1,1,4,10,2,10,20,6,4,1,0,0,0,1,4120
23,Male,Pakistani,Dubai,Tier 1,Married,Bachelors,Employed Full-Time,23301,1,0,Monthly,Online,Sports,6,543,9,0,4.8,TikTok,0,0,27,119,9,5,82,7,7,1,1,0,0,1,8646
26,Female,Jordanian,Abu Dhabi,Tier 1,Divorced,Masters,Employed Full-Time,31530,1,1,Weekly,Both,Luxury,5,2159,5,0,1.5,LinkedIn,1,1,15,134,5,10,59,1,1,1,1,1,0,1,7657
23,Male,Egyptian,Abu Dhabi,Tier 1,Single,Masters,Unemployed,17,0,1,Weekly,Online,Food and Dining,15,1900,6,0,3.9,TikTok,1,0,5,110,9,5,112,4,9,0,1,0,0,0,2875
26,Female,Egyptian,Ajman,Tier 3,Single,Bachelors,Employed Full-Time,13168,1,0,Bi-Weekly,In-Store,Luxury,9,2594,5,0,0.8,LinkedIn,0,0,3,125,10,4,36,3,7,1,1,0,0,1,8128
56,Female,Indian,Dubai,Tier 1,Married,Masters,Employed Part-Time,14022,1,1,Rarely,In-Store,Travel,5,2733,9,1,0.8,TikTok,1,0,9,176,10,3,1,7,4,1,1,1,0,0,7335
48,Female,Filipino,Dubai,Tier 1,Married,Masters,Unemployed,1877,0,0,Daily,Online,Food and Dining,10,129,0,1,5.4,Facebook,1,0,10,45,2,3,90,2,4,1,1,0,0,0,1118
49,Female,British,Dubai,Tier 1,Single,Masters,Employed Full-Time,12634,0,1,Bi-Weekly,Both,Beauty,6,2582,2,0,7.6,Instagram,1,0,27,140,5,1,3,0,6,1,1,0,1,1,7188
58,Female,Other,Dubai,Tier 1,Single,Bachelors,Employed Full-Time,13991,1,1,Bi-Weekly,Online,Groceries,11,1095,9,0,6.3,Instagram,0,0,25,103,2,6,44,5,3,1,0,1,1,0,5160
29,Male,Indian,Dubai,Tier 1,Married,Masters,Student,4987,1,1,Weekly,Online,Luxury,4,644,1,0,4.0,Twitter X,0,0,1,111,5,5,55,2,2,0,1,0,1,1,4309
25,Female,Emirati,Abu Dhabi,Tier 1,Divorced,Bachelors,Student,4947,0,0,Weekly,Both,Fashion,12,1397,0,0,0.9,Instagram,0,1,28,70,7,2,60,3,5,1,0,1,0,1,4668
25,Male,Emirati,Abu Dhabi,Tier 1,Married,High School,Employed Part-Time,4713,1,1,Bi-Weekly,Online,Electronics,6,1590,0,0,0.8,YouTube,0,0,23,117,7,6,3,3,5,1,0,0,0,1,3311
45,Male,Indian,Sharjah,Tier 2,Single,Bachelors,Employed Full-Time,22807,1,1,Weekly,Online,Luxury,1,2358,3,0,1.7,Instagram,0,1,20,149,7,8,85,1,9,0,1,1,1,1,9801
37,Male,Jordanian,Fujairah,Tier 3,Divorced,Masters,Student,1225,1,0,Bi-Weekly,Online,Food and Dining,18,2226,0,1,7.8,LinkedIn,0,0,25,110,5,9,63,3,5,0,1,1,0,1,5461
64,Male,Emirati,Abu Dhabi,Tier 1,Married,High School,Employed Full-Time,23951,1,0,Monthly,In-Store,Groceries,2,675,1,1,3.5,Snapchat,1,0,21,119,7,0,82,3,6,0,0,1,0,1,9540
24,Male,Pakistani,Dubai,Tier 1,Married,High School,Employed Full-Time,9375,0,1,Monthly,In-Store,Fashion,5,333,0,0,6.8,Snapchat,1,1,8,75,6,10,31,0,3,0,1,1,0,0,4354
28,Female,Indian,Dubai,Tier 1,Married,Masters,Employed Full-Time,32499,1,0,Weekly,In-Store,Beauty,16,1926,5,1,5.8,Instagram,0,0,13,36,7,9,100,2,2,1,0,0,1,1,5841
37,Male,Emirati,Ajman,Tier 3,Married,PhD,Employed Full-Time,20274,0,0,Bi-Weekly,Online,Groceries,12,1261,3,0,5.0,TikTok,0,0,1,87,5,7,61,5,2,1,1,0,1,1,4743
33,Male,Pakistani,Abu Dhabi,Tier 1,Divorced,Masters,Self-Employed,13846,1,0,Daily,Online,Groceries,12,2116,7,0,7.6,Instagram,1,0,4,101,2,1,49,0,2,1,1,0,1,0,8227
21,Male,Indian,Sharjah,Tier 2,Married,Bachelors,Self-Employed,13109,1,1,Bi-Weekly,In-Store,Home and Living,11,2696,4,0,2.2,Snapchat,1,1,11,23,9,0,44,0,1,1,1,0,0,1,6678
23,Male,Indian,Ajman,Tier 3,Married,High School,Self-Employed,14716,0,1,Rarely,Online,Fashion,19,2751,9,0,3.9,Snapchat,0,0,0,155,2,8,52,6,5,1,1,1,1,0,6780
39,Female,British,Ras Al Khaimah,Tier 3,Married,Bachelors,Employed Full-Time,22190,1,1,Weekly,In-Store,Groceries,7,812,4,0,7.0,Facebook,1,0,18,148,3,1,31,4,0,1,0,0,0,1,4922
43,Male,Filipino,Ras Al Khaimah,Tier 3,Married,High School,Employed Part-Time,19817,1,0,Bi-Weekly,In-Store,Travel,2,887,7,1,4.6,LinkedIn,0,0,21,15,9,6,72,7,5,1,1,0,0,1,8566
20,Male,Indian,Abu Dhabi,Tier 1,Married,Bachelors,Self-Employed,8051,1,1,Monthly,Both,Sports,6,2065,9,0,2.3,TikTok,1,0,23,42,2,6,89,5,7,1,1,0,0,1,4196
58,Male,Other,Dubai,Tier 1,Married,Bachelors,Employed Full-Time,12751,1,0,Bi-Weekly,Online,Electronics,4,2065,5,1,2.1,Instagram,1,0,11,132,8,0,49,4,5,1,1,0,0,0,8367
59,Male,Egyptian,Fujairah,Tier 3,Divorced,PhD,Student,1377,1,1,Bi-Weekly,In-Store,Beauty,2,1110,5,1,6.1,TikTok,1,1,20,29,3,9,46,1,1,1,1,1,1,1,4055
31,Male,Lebanese,Abu Dhabi,Tier 1,Married,Bachelors,Self-Employed,14103,1,1,Weekly,In-Store,Electronics,17,1671,2,1,0.6,LinkedIn,0,0,11,49,6,0,54,5,6,0,1,1,0,1,5408
28,Male,Emirati,Dubai,Tier 1,Married,Bachelors,Employed Part-Time,7762,0,1,Bi-Weekly,Both,Food and Dining,8,121,5,0,7.4,Instagram,1,0,19,71,9,6,84,1,2,0,1,1,0,0,3997
35,Female,Emirati,Abu Dhabi,Tier 1,Married,Masters,Employed Full-Time,33853,1,0,Weekly,Both,Fashion,5,702,9,1,0.6,Snapchat,0,0,4,75,10,5,11,3,8,1,1,0,0,1,12832
29,Female,Emirati,Abu Dhabi,Tier 1,Married,Bachelors,Self-Employed,14087,0,1,Monthly,Both,Food and Dining,10,113,6,1,5.2,Instagram,1,0,19,54,10,3,104,1,7,1,1,1,0,1,4575
40,Female,Indian,Ajman,Tier 3,Married,Bachelors,Student,3326,1,1,Bi-Weekly,Online,Luxury,16,79,1,1,5.0,Instagram,0,0,1,161,3,2,65,6,5,1,0,0,0,1,2137
29,Female,Pakistani,Abu Dhabi,Tier 1,Single,Masters,Employed Full-Time,26791,1,1,Monthly,Online,Beauty,2,606,2,0,4.8,Snapchat,1,0,13,96,9,4,85,1,0,1,1,1,0,0,5948
30,Male,Other,Dubai,Tier 1,Married,Bachelors,Student,3552,1,0,Weekly,In-Store,Groceries,19,2743,5,1,4.1,TikTok,0,1,16,104,7,4,17,3,1,1,1,0,0,1,3179
42,Male,Pakistani,Fujairah,Tier 3,Single,Bachelors,Employed Full-Time,10173,1,1,Bi-Weekly,Online,Travel,7,2375,9,1,6.9,TikTok,0,1,23,37,5,10,116,7,7,0,1,0,0,1,7788
62,Female,Indian,Sharjah,Tier 2,Single,Bachelors,Employed Part-Time,22516,1,0,Bi-Weekly,Both,Fashion,2,1804,8,0,5.4,Facebook,1,0,29,135,8,2,28,2,5,1,0,0,0,1,8759
36,Male,Filipino,Abu Dhabi,Tier 1,Married,High School,Employed Part-Time,10932,1,1,Weekly,Online,Fashion,13,326,8,1,6.4,Instagram,1,1,14,24,6,5,82,6,0,1,1,1,0,1,4161
63,Female,Indian,Dubai,Tier 1,Single,High School,Self-Employed,21909,0,0,Bi-Weekly,Both,Fashion,4,2318,7,1,1.4,TikTok,0,1,28,55,7,2,93,3,8,1,0,0,0,1,9112
53,Male,Egyptian,Dubai,Tier 1,Single,Masters,Student,2312,1,0,Weekly,Both,Home and Living,16,1266,7,1,0.9,Facebook,1,0,16,139,3,3,74,3,7,0,0,0,1,0,2795
62,Male,Filipino,Abu Dhabi,Tier 1,Single,Masters,Employed Full-Time,24975,1,1,Weekly,Online,Fashion,10,719,8,0,0.7,Snapchat,0,0,1,108,10,2,9,2,1,1,0,0,0,0,4816
25,Male,Lebanese,Dubai,Tier 1,Single,Bachelors,Employed Full-Time,12779,1,0,Weekly,Both,Food and Dining,17,2929,8,0,1.6,Instagram,1,0,20,172,6,5,34,3,9,1,0,1,1,1,4784
46,Female,Other,Dubai,Tier 1,Married,Bachelors,Self-Employed,23589,0,1,Weekly,Online,Fashion,14,2238,9,0,5.5,Facebook,0,0,7,90,3,8,20,4,4,0,0,0,0,0,9448
49,Female,Indian,Sharjah,Tier 2,Married,PhD,Employed Full-Time,35828,1,1,Rarely,Online,Luxury,12,2831,8,0,4.2,Snapchat,0,1,9,6,7,2,95,1,2,1,1,1,0,1,8744
61,Female,Pakistani,Abu Dhabi,Tier 1,Married,Diploma,Employed Full-Time,11907,1,1,Daily,Online,Electronics,13,75,4,1,6.1,Instagram,1,1,2,31,10,0,3,7,0,1,0,0,1,0,4781
35,Male,Other,Dubai,Tier 1,Married,Bachelors,Employed Full-Time,5598,1,0,Monthly,Online,Groceries,8,2195,5,1,1.9,Facebook,0,0,10,171,6,6,1,3,6,1,1,0,1,1,5928
23,Male,Lebanese,Dubai,Tier 1,Single,Masters,Employed Full-Time,26877,1,1,Weekly,Online,Fashion,17,325,4,1,3.3,Snapchat,0,0,26,107,10,4,60,7,8,1,1,0,1,1,3769
35,Male,Pakistani,Abu Dhabi,Tier 1,Single,Masters,Self-Employed,25238,1,0,Bi-Weekly,In-Store,Food and Dining,18,2670,0,0,7.2,Instagram,1,0,8,12,8,3,97,0,6,1,0,0,0,1,11225
36,Male,Other,Sharjah,Tier 2,Married,Bachelors,Self-Employed,15009,1,1,Bi-Weekly,Both,Electronics,10,2989,3,1,7.5,Snapchat,1,1,14,70,8,2,50,1,2,1,1,1,1,1,6291
39,Female,Emirati,Dubai,Tier 1,Married,High School,Employed Full-Time,11823,1,1,Rarely,Online,Sports,13,1316,0,0,7.4,Snapchat,1,0,29,30,6,6,8,6,5,0,1,0,0,1,6459
54,Male,Other,Dubai,Tier 1,Married,High School,Employed Full-Time,8607,1,1,Monthly,Both,Fashion,2,2530,0,1,6.6,YouTube,1,0,21,119,2,1,18,4,2,0,0,0,0,0,6255
49,Female,Emirati,Abu Dhabi,Tier 1,Married,Masters,Employed Full-Time,20060,0,0,Rarely,Both,Luxury,17,58,2,1,5.7,Facebook,0,1,10,126,10,10,30,4,3,1,1,0,0,1,5782
58,Female,Filipino,Fujairah,Tier 3,Married,Masters,Employed Full-Time,15433,1,1,Monthly,Both,Fashion,6,2993,6,1,7.4,TikTok,1,1,2,55,10,3,97,6,0,0,1,0,1,0,9902
20,Male,Other,Abu Dhabi,Tier 1,Married,Masters,Employed Full-Time,32612,1,1,Weekly,In-Store,Fashion,12,2966,0,0,5.9,Instagram,0,0,25,39,6,1,22,6,1,1,1,1,0,1,13981
45,Female,Indian,Dubai,Tier 1,Divorced,High School,Employed Full-Time,8659,1,1,Rarely,Online,Sports,13,2369,6,1,7.7,LinkedIn,1,1,6,82,1,9,81,3,0,0,0,1,1,0,3739
27,Male,Pakistani,Dubai,Tier 1,Single,Masters,Self-Employed,11352,1,1,Rarely,Both,Fashion,4,1845,9,0,0.7,LinkedIn,0,0,27,6,6,7,106,2,9,0,0,0,1,1,2584
52,Male,Indian,Ajman,Tier 3,Single,Masters,Self-Employed,18236,1,1,Weekly,Both,Beauty,15,81,9,1,7.4,Instagram,0,1,22,8,6,2,9,0,1,1,0,0,0,1,4653
46,Male,Other,Dubai,Tier 1,Married,Masters,Employed Full-Time,31294,1,1,Rarely,Online,Electronics,16,901,0,0,4.7,Instagram,0,1,6,55,6,4,22,3,3,1,1,0,1,0,7402
32,Female,Jordanian,Abu Dhabi,Tier 1,Married,High School,Self-Employed,18377,1,1,Monthly,Both,Sports,19,654,8,1,1.3,Facebook,0,1,3,105,9,10,10,2,5,1,1,1,1,1,7251
50,Male,British,Dubai,Tier 1,Divorced,Masters,Student,2672,1,1,Rarely,Online,Groceries,15,1822,4,1,2.1,Facebook,1,1,29,16,4,3,118,4,7,1,0,1,1,0,4615
24,Female,Filipino,Dubai,Tier 1,Married,High School,Employed Full-Time,18775,0,1,Rarely,Both,Fashion,6,2114,5,1,6.9,Instagram,0,1,5,120,7,4,97,1,9,0,0,0,0,1,8940
29,Male,Jordanian,Sharjah,Tier 2,Single,Masters,Employed Full-Time,25560,1,0,Rarely,Online,Sports,6,2398,8,1,4.3,Facebook,0,0,18,130,3,3,112,6,8,1,1,0,1,1,6963
47,Male,Pakistani,Sharjah,Tier 2,Divorced,Masters,Employed Part-Time,14424,1,1,Monthly,In-Store,Electronics,5,1857,2,1,7.9,Instagram,1,1,13,64,8,7,103,4,9,1,1,0,1,1,7758
38,Female,Pakistani,Abu Dhabi,Tier 1,Married,High School,Employed Full-Time,8507,1,1,Weekly,In-Store,Home and Living,2,91,2,0,1.4,Instagram,1,0,3,11,2,5,67,3,6,0,1,0,0,0,2382
48,Female,American,Dubai,Tier 1,Single,Masters,Self-Employed,24195,1,0,Weekly,Online,Home and Living,2,1851,4,1,3.6,TikTok,1,0,18,88,2,0,81,2,3,0,0,0,1,0,12418
41,Male,Indian,Dubai,Tier 1,Married,High School,Student,1441,1,1,Weekly,Online,Food and Dining,5,2149,6,1,3.0,Snapchat,0,1,18,4,5,4,9,6,6,0,0,1,1,1,4408
37,Male,Emirati,Abu Dhabi,Tier 1,Single,Masters,Employed Full-Time,33184,1,0,Weekly,Both,Fashion,3,2285,2,0,4.4,Twitter X,0,1,16,131,1,0,47,3,0,1,1,0,1,0,7079
54,Female,Emirati,Abu Dhabi,Tier 1,Single,Bachelors,Self-Employed,18035,1,1,Weekly,In-Store,Home and Living,6,2017,3,0,5.3,TikTok,0,0,20,15,1,2,40,7,9,1,1,1,0,0,7695
21,Male,Indian,Dubai,Tier 1,Married,Masters,Self-Employed,24309,1,0,Monthly,In-Store,Groceries,11,2248,1,1,5.5,TikTok,1,1,27,104,3,10,36,4,5,1,1,0,0,1,6390
45,Female,Jordanian,Dubai,Tier 1,Married,PhD,Employed Full-Time,39118,1,0,Weekly,In-Store,Groceries,5,458,8,0,0.5,LinkedIn,0,0,18,68,6,5,19,7,0,0,0,0,0,1,12050
61,Male,Pakistani,Dubai,Tier 1,Single,Bachelors,Employed Full-Time,19438,0,0,Monthly,Both,Beauty,18,1942,9,0,1.2,Instagram,1,0,11,171,10,8,98,0,7,1,0,0,1,1,9354
37,Male,British,Fujairah,Tier 3,Single,Bachelors,Student,876,1,0,Monthly,Online,Fashion,14,393,8,1,0.8,Twitter X,0,1,16,81,6,2,2,4,3,1,1,0,0,1,1917
41,Male,Pakistani,Sharjah,Tier 2,Married,Bachelors,Student,4386,1,1,Monthly,Both,Beauty,10,2688,1,0,7.0,Twitter X,0,0,14,9,8,3,45,3,7,0,1,1,0,1,8571
49,Male,Indian,Ras Al Khaimah,Tier 3,Single,Bachelors,Self-Employed,23173,1,1,Bi-Weekly,Online,Sports,3,1768,4,1,2.8,Instagram,1,0,8,25,7,9,91,2,7,1,1,1,1,1,6291
58,Female,Indian,Dubai,Tier 1,Married,Bachelors,Student,3355,1,0,Weekly,Online,Beauty,16,2943,0,1,3.3,Instagram,0,1,26,65,1,0,83,3,1,1,1,0,0,0,7065
53,Male,Lebanese,Fujairah,Tier 3,Married,Masters,Employed Full-Time,29230,1,1,Weekly,Both,Electronics,16,2997,7,0,3.9,LinkedIn,1,1,27,104,1,9,33,7,5,0,0,0,0,1,6224
51,Female,Egyptian,Dubai,Tier 1,Single,PhD,Employed Full-Time,36645,1,0,Bi-Weekly,Both,Fashion,11,77,5,1,6.9,Snapchat,1,0,19,66,4,1,64,1,9,1,1,1,0,1,12349
53,Female,Other,Abu Dhabi,Tier 1,Married,Masters,Employed Full-Time,16508,1,1,Monthly,Online,Groceries,4,683,9,1,0.6,Instagram,0,0,27,173,1,6,26,1,3,0,0,0,0,0,1072
19,Female,British,Sharjah,Tier 2,Married,Bachelors,Employed Full-Time,4305,1,0,Bi-Weekly,In-Store,Groceries,11,261,9,0,1.4,LinkedIn,1,1,24,33,1,7,119,7,2,1,1,1,0,1,2933
32,Female,Filipino,Dubai,Tier 1,Married,Masters,Self-Employed,29695,1,1,Monthly,In-Store,Electronics,8,737,1,0,5.6,TikTok,1,1,15,22,10,0,111,2,8,1,1,0,0,1,8332
51,Male,Egyptian,Abu Dhabi,Tier 1,Married,Masters,Unemployed,1237,1,1,Weekly,Online,Groceries,16,1553,1,0,7.7,TikTok,1,1,17,42,1,8,34,6,9,1,0,0,0,1,2383
53,Male,Other,Dubai,Tier 1,Single,Bachelors,Self-Employed,18177,0,0,Daily,Both,Sports,8,121,9,0,5.3,Facebook,1,1,17,155,3,5,63,4,8,1,0,1,0,1,5392
23,Female,Lebanese,Dubai,Tier 1,Married,High School,Employed Part-Time,17202,0,1,Monthly,In-Store,Electronics,9,2207,4,0,2.5,Facebook,1,1,3,11,10,0,28,7,1,0,0,1,1,0,7177
56,Male,Emirati,Abu Dhabi,Tier 1,Married,Bachelors,Employed Full-Time,6596,1,1,Weekly,Both,Sports,14,1186,6,0,4.4,TikTok,0,1,3,42,2,3,80,3,4,0,0,0,1,0,2568
59,Female,Filipino,Abu Dhabi,Tier 1,Single,Masters,Employed Full-Time,17694,1,1,Bi-Weekly,In-Store,Food and Dining,8,1470,8,1,7.8,Instagram,1,0,20,78,10,3,86,5,9,0,1,0,0,1,10644
29,Male,British,Sharjah,Tier 2,Married,Bachelors,Employed Full-Time,22819,0,0,Monthly,Online,Electronics,16,281,8,1,4.5,Snapchat,0,0,26,104,8,6,92,5,9,1,1,0,0,1,2410
20,Female,American,Abu Dhabi,Tier 1,Married,Masters,Self-Employed,18673,1,0,Weekly,In-Store,Fashion,2,92,5,1,3.3,Snapchat,0,0,0,22,7,0,78,1,6,1,0,1,1,1,7195
62,Female,Indian,Abu Dhabi,Tier 1,Married,Bachelors,Employed Full-Time,22287,0,0,Bi-Weekly,In-Store,Beauty,19,314,1,1,3.4,LinkedIn,1,0,4,137,10,9,6,0,8,1,1,0,0,0,7653
35,Female,Jordanian,Dubai,Tier 1,Single,Diploma,Student,3036,1,1,Monthly,Both,Fashion,19,1881,5,1,7.8,TikTok,0,1,11,57,8,8,11,7,7,1,1,0,0,1,4476
57,Female,Other,Dubai,Tier 1,Married,Bachelors,Student,4426,1,1,Monthly,Online,Luxury,19,95,0,0,5.9,Facebook,1,1,13,83,4,0,46,1,9,1,0,1,1,0,535
38,Female,Indian,Fujairah,Tier 3,Single,Masters,Employed Full-Time,28505,1,1,Weekly,In-Store,Fashion,18,2025,1,1,5.7,Instagram,1,0,9,31,9,9,20,7,3,1,0,0,0,1,4936
32,Female,Other,Dubai,Tier 1,Married,High School,Employed Full-Time,24559,1,1,Monthly,Both,Fashion,13,1725,2,1,2.2,LinkedIn,1,0,17,18,5,2,36,4,2,1,0,0,0,1,9146
50,Female,Emirati,Abu Dhabi,Tier 1,Married,High School,Self-Employed,24926,1,1,Weekly,Both,Electronics,17,2335,4,0,4.7,TikTok,1,0,20,140,7,0,113,2,0,1,1,1,1,1,6985
52,Male,Emirati,Dubai,Tier 1,Married,Masters,Employed Full-Time,16490,1,0,Bi-Weekly,Online,Fashion,1,2698,9,0,3.2,Snapchat,0,1,9,168,4,0,16,0,0,0,0,0,1,0,8257
43,Male,Indian,Sharjah,Tier 2,Single,Diploma,Self-Employed,18838,1,1,Bi-Weekly,Both,Fashion,5,1319,0,0,2.3,YouTube,1,0,25,122,1,3,70,3,8,0,0,1,0,1,6589
25,Male,Emirati,Sharjah,Tier 2,Married,Bachelors,Employed Part-Time,16857,1,1,Weekly,In-Store,Groceries,13,2788,9,0,7.2,Twitter X,0,1,15,101,8,1,72,3,3,1,0,0,0,0,8044
53,Female,Jordanian,Dubai,Tier 1,Single,High School,Employed Full-Time,5283,1,1,Weekly,Both,Fashion,6,2840,4,0,3.4,Snapchat,0,0,5,173,9,8,45,7,7,1,1,1,0,1,4208
47,Male,Emirati,Dubai,Tier 1,Single,Bachelors,Employed Full-Time,18920,0,1,Weekly,Online,Home and Living,10,776,4,0,2.6,Facebook,1,1,2,177,9,0,100,6,3,1,1,1,0,1,7038
40,Female,Indian,Abu Dhabi,Tier 1,Married,High School,Employed Full-Time,4247,1,1,Bi-Weekly,In-Store,Fashion,9,2297,3,0,7.5,YouTube,0,0,19,129,10,2,48,7,5,1,0,0,1,1,3811
59,Male,Emirati,Dubai,Tier 1,Married,Bachelors,Student,4033,1,1,Daily,Both,Luxury,6,1062,2,0,2.0,Twitter X,0,1,14,98,8,1,113,5,3,1,0,0,0,0,2699
61,Female,Indian,Dubai,Tier 1,Single,Masters,Employed Full-Time,21542,0,1,Monthly,Online,Fashion,1,2534,6,0,6.1,Snapchat,0,0,4,135,1,0,4,6,1,1,1,0,0,0,9608
31,Female,Emirati,Sharjah,Tier 2,Single,PhD,Student,1775,0,0,Weekly,Online,Fashion,18,543,6,0,5.4,Facebook,0,0,5,130,3,10,48,6,0,0,1,0,0,0,2552
31,Male,Egyptian,Dubai,Tier 1,Married,High School,Self-Employed,17951,1,1,Monthly,Online,Electronics,7,756,0,1,7.4,Instagram,1,0,24,121,5,8,98,2,7,0,0,0,1,1,2601
19,Male,Indian,Ajman,Tier 3,Married,Bachelors,Self-Employed,21949,1,0,Monthly,Online,Sports,10,2121,6,1,6.7,TikTok,1,0,24,86,7,4,84,0,5,1,0,0,0,1,11402
54,Female,Jordanian,Abu Dhabi,Tier 1,Single,Bachelors,Employed Full-Time,22525,1,1,Bi-Weekly,Both,Beauty,12,2055,2,0,5.8,TikTok,0,1,21,4,8,10,88,0,0,1,1,0,0,1,5373
22,Male,Lebanese,Dubai,Tier 1,Married,High School,Employed Part-Time,4735,1,0,Bi-Weekly,Online,Electronics,15,2367,2,0,2.9,TikTok,1,0,11,173,1,5,109,0,4,1,1,0,0,0,3738
55,Male,Emirati,Sharjah,Tier 2,Married,Bachelors,Employed Part-Time,14851,0,1,Weekly,Online,Fashion,17,2887,5,0,4.2,Facebook,0,0,0,174,5,7,67,2,2,0,0,1,0,1,4920
62,Female,Other,Abu Dhabi,Tier 1,Married,Bachelors,Employed Full-Time,18406,0,0,Rarely,Both,Food and Dining,3,787,5,1,7.6,Instagram,0,1,21,9,3,6,28,2,1,0,1,0,0,1,5982
58,Female,Emirati,Dubai,Tier 1,Married,High School,Self-Employed,18928,1,1,Monthly,In-Store,Luxury,15,1301,3,1,0.7,Instagram,1,0,9,16,7,6,30,3,2,1,1,0,0,1,5218
64,Male,Indian,Abu Dhabi,Tier 1,Single,Bachelors,Employed Part-Time,20832,0,1,Rarely,Online,Groceries,1,2225,4,1,6.5,TikTok,1,1,2,51,6,8,29,6,1,0,1,0,1,1,10909
31,Female,Emirati,Dubai,Tier 1,Married,High School,Student,3471,1,0,Bi-Weekly,In-Store,Beauty,11,592,2,0,2.4,TikTok,0,0,20,52,1,2,21,1,9,1,1,1,0,1,2111
56,Female,Indian,Dubai,Tier 1,Married,Bachelors,Employed Full-Time,5835,0,0,Monthly,Online,Groceries,6,1836,2,0,1.9,TikTok,1,0,4,137,2,9,42,4,1,1,0,1,0,0,4321
42,Male,Filipino,Dubai,Tier 1,Married,Bachelors,Self-Employed,8715,0,1,Bi-Weekly,Online,Electronics,16,2422,8,1,2.2,YouTube,1,0,25,83,5,7,91,3,0,0,0,0,1,1,4427
37,Female,Lebanese,Dubai,Tier 1,Married,Masters,Employed Full-Time,34436,1,1,Monthly,In-Store,Luxury,12,2756,4,0,0.9,Facebook,1,1,14,134,5,5,50,5,2,1,0,0,0,1,14312
19,Female,Indian,Dubai,Tier 1,Married,Masters,Self-Employed,18323,1,1,Weekly,Both,Sports,15,1179,0,1,7.9,TikTok,1,0,3,44,1,7,89,5,2,1,0,0,0,1,6598
56,Female,British,Sharjah,Tier 2,Single,Masters,Student,4600,1,0,Bi-Weekly,Both,Groceries,18,1510,8,1,7.0,Instagram,1,1,18,117,4,3,3,5,3,1,1,0,0,0,2544
23,Female,Indian,Sharjah,Tier 2,Single,Bachelors,Employed Full-Time,13325,0,0,Monthly,Both,Travel,10,2182,9,1,4.4,Snapchat,1,0,16,134,9,0,65,6,2,1,1,0,1,0,10074
